v 7.00000000 0.00000000 10.00000000
v 6.66341997 0.58297371 10.00000000
v 6.35322614 1.12024518 10.00000000
v 6.06217783 1.62435565 10.00000000
v 5.78446276 2.10537226 10.00000000
v 5.51518592 2.57177343 10.00000000
v 5.25000000 3.03108891 10.00000000
v 4.98481408 3.49040440 10.00000000
v 4.71553724 3.95680556 10.00000000
v 4.43782217 4.43782217 10.00000000
v 4.14677386 4.94193264 10.00000000
v 3.83658003 5.47920412 10.00000000
v 3.50000000 6.06217783 10.00000000
v 2.82683995 6.06217783 10.00000000
v 2.20645228 6.06217783 10.00000000
v 1.62435565 6.06217783 10.00000000
v 1.06892551 6.06217783 10.00000000
v 0.53037184 6.06217783 10.00000000
v 0.00000000 6.06217783 10.00000000
v -0.53037184 6.06217783 10.00000000
v -1.06892551 6.06217783 10.00000000
v -1.62435565 6.06217783 10.00000000
v -2.20645228 6.06217783 10.00000000
v -2.82683995 6.06217783 10.00000000
v -3.50000000 6.06217783 10.00000000
v -3.83658003 5.47920412 10.00000000
v -4.14677386 4.94193264 10.00000000
v -4.43782217 4.43782217 10.00000000
v -4.71553724 3.95680556 10.00000000
v -4.98481408 3.49040440 10.00000000
v -5.25000000 3.03108891 10.00000000
v -5.51518592 2.57177343 10.00000000
v -5.78446276 2.10537226 10.00000000
v -6.06217783 1.62435565 10.00000000
v -6.35322614 1.12024518 10.00000000
v -6.66341997 0.58297371 10.00000000
v -7.00000000 0.00000000 10.00000000
v -6.66341997 -0.58297371 10.00000000
v -6.35322614 -1.12024518 10.00000000
v -6.06217783 -1.62435565 10.00000000
v -5.78446276 -2.10537226 10.00000000
v -5.51518592 -2.57177343 10.00000000
v -5.25000000 -3.03108891 10.00000000
v -4.98481408 -3.49040440 10.00000000
v -4.71553724 -3.95680556 10.00000000
v -4.43782217 -4.43782217 10.00000000
v -4.14677386 -4.94193264 10.00000000
v -3.83658003 -5.47920412 10.00000000
v -3.50000000 -6.06217783 10.00000000
v -2.82683995 -6.06217783 10.00000000
v -2.20645228 -6.06217783 10.00000000
v -1.62435565 -6.06217783 10.00000000
v -1.06892551 -6.06217783 10.00000000
v -0.53037184 -6.06217783 10.00000000
v -0.00000000 -6.06217783 10.00000000
v 0.53037184 -6.06217783 10.00000000
v 1.06892551 -6.06217783 10.00000000
v 1.62435565 -6.06217783 10.00000000
v 2.20645228 -6.06217783 10.00000000
v 2.82683995 -6.06217783 10.00000000
v 3.50000000 -6.06217783 10.00000000
v 3.83658003 -5.47920412 10.00000000
v 4.14677386 -4.94193264 10.00000000
v 4.43782217 -4.43782217 10.00000000
v 4.71553724 -3.95680556 10.00000000
v 4.98481408 -3.49040440 10.00000000
v 5.25000000 -3.03108891 10.00000000
v 5.51518592 -2.57177343 10.00000000
v 5.78446276 -2.10537226 10.00000000
v 6.06217783 -1.62435565 10.00000000
v 6.35322614 -1.12024518 10.00000000
v 6.66341997 -0.58297371 10.00000000
v 3.25000000 0.00000000 10.00000000
v 3.25497394 0.28477332 10.00000000
v 3.23491110 0.57040211 10.00000000
v 3.18970173 0.85467800 10.00000000
v 3.11943147 1.13538020 10.00000000
v 3.02438265 1.41029279 10.00000000
v 2.90503411 1.67722222 10.00000000
v 2.76205934 1.93401477 10.00000000
v 2.59632322 2.17857386 10.00000000
v 2.40887710 2.40887710 10.00000000
v 2.20095239 2.62299292 10.00000000
v 1.97395269 2.81909659 10.00000000
v 1.72944445 2.99548565 10.00000000
v 1.46914630 3.15059441 10.00000000
v 1.19491704 3.28300759 10.00000000
v 0.90874243 3.39147290 10.00000000
v 0.61272081 3.47491240 10.00000000
v 0.30904781 3.53243261 10.00000000
v 0.00000000 3.56333334 10.00000000
v -0.31208212 3.56711494 10.00000000
v -0.62481187 3.54348420 10.00000000
v -0.93577464 3.49235849 10.00000000
v -1.24254651 3.41386849 10.00000000
v -1.54271318 3.30835910 10.00000000
v -1.83388889 3.17638873 10.00000000
v -2.11373539 3.01872698 10.00000000
v -2.37998065 2.83635048 10.00000000
v -2.63043723 2.63043723 10.00000000
v -2.86302018 2.40235918 10.00000000
v -3.07576424 2.15367330 10.00000000
v -3.26684028 1.88611111 10.00000000
v -3.43457085 1.60156669 10.00000000
v -3.57744462 1.30208336 10.00000000
v -3.69412967 0.98983906 10.00000000
v -3.78348550 0.66713057 10.00000000
v -3.84457362 0.33635661 10.00000000
v -3.87666667 0.00000000 10.00000000
v -3.84457362 -0.33635661 10.00000000
v -3.78348550 -0.66713057 10.00000000
v -3.69412967 -0.98983906 10.00000000
v -3.57744462 -1.30208336 10.00000000
v -3.43457085 -1.60156669 10.00000000
v -3.26684028 -1.88611111 10.00000000
v -3.07576424 -2.15367330 10.00000000
v -2.86302018 -2.40235918 10.00000000
v -2.63043723 -2.63043723 10.00000000
v -2.37998065 -2.83635048 10.00000000
v -2.11373539 -3.01872698 10.00000000
v -1.83388889 -3.17638873 10.00000000
v -1.54271318 -3.30835910 10.00000000
v -1.24254651 -3.41386849 10.00000000
v -0.93577464 -3.49235849 10.00000000
v -0.62481187 -3.54348420 10.00000000
v -0.31208212 -3.56711494 10.00000000
v -0.00000000 -3.56333334 10.00000000
v 0.30904781 -3.53243261 10.00000000
v 0.61272081 -3.47491240 10.00000000
v 0.90874243 -3.39147290 10.00000000
v 1.19491704 -3.28300759 10.00000000
v 1.46914630 -3.15059441 10.00000000
v 1.72944445 -2.99548565 10.00000000
v 1.97395269 -2.81909659 10.00000000
v 2.20095239 -2.62299292 10.00000000
v 2.40887710 -2.40887710 10.00000000
v 2.59632322 -2.17857386 10.00000000
v 2.76205934 -1.93401477 10.00000000
v 2.90503411 -1.67722222 10.00000000
v 3.02438265 -1.41029279 10.00000000
v 3.11943147 -1.13538020 10.00000000
v 3.18970173 -0.85467800 10.00000000
v 3.23491110 -0.57040211 10.00000000
v 3.25497394 -0.28477332 10.00000000
v 7.00000000 0.00000000 10.10416667
v 6.66341997 0.58297371 10.10416667
v 6.35322614 1.12024518 10.10416667
v 6.06217783 1.62435565 10.10416667
v 5.78446276 2.10537226 10.10416667
v 5.51518592 2.57177343 10.10416667
v 5.25000000 3.03108891 10.10416667
v 4.98481408 3.49040440 10.10416667
v 4.71553724 3.95680556 10.10416667
v 4.43782217 4.43782217 10.10416667
v 4.14677386 4.94193264 10.10416667
v 3.83658003 5.47920412 10.10416667
v 3.50000000 6.06217783 10.10416667
v 2.82683995 6.06217783 10.10416667
v 2.20645228 6.06217783 10.10416667
v 1.62435565 6.06217783 10.10416667
v 1.06892551 6.06217783 10.10416667
v 0.53037184 6.06217783 10.10416667
v 0.00000000 6.06217783 10.10416667
v -0.53037184 6.06217783 10.10416667
v -1.06892551 6.06217783 10.10416667
v -1.62435565 6.06217783 10.10416667
v -2.20645228 6.06217783 10.10416667
v -2.82683995 6.06217783 10.10416667
v -3.50000000 6.06217783 10.10416667
v -3.83658003 5.47920412 10.10416667
v -4.14677386 4.94193264 10.10416667
v -4.43782217 4.43782217 10.10416667
v -4.71553724 3.95680556 10.10416667
v -4.98481408 3.49040440 10.10416667
v -5.25000000 3.03108891 10.10416667
v -5.51518592 2.57177343 10.10416667
v -5.78446276 2.10537226 10.10416667
v -6.06217783 1.62435565 10.10416667
v -6.35322614 1.12024518 10.10416667
v -6.66341997 0.58297371 10.10416667
v -7.00000000 0.00000000 10.10416667
v -6.66341997 -0.58297371 10.10416667
v -6.35322614 -1.12024518 10.10416667
v -6.06217783 -1.62435565 10.10416667
v -5.78446276 -2.10537226 10.10416667
v -5.51518592 -2.57177343 10.10416667
v -5.25000000 -3.03108891 10.10416667
v -4.98481408 -3.49040440 10.10416667
v -4.71553724 -3.95680556 10.10416667
v -4.43782217 -4.43782217 10.10416667
v -4.14677386 -4.94193264 10.10416667
v -3.83658003 -5.47920412 10.10416667
v -3.50000000 -6.06217783 10.10416667
v -2.82683995 -6.06217783 10.10416667
v -2.20645228 -6.06217783 10.10416667
v -1.62435565 -6.06217783 10.10416667
v -1.06892551 -6.06217783 10.10416667
v -0.53037184 -6.06217783 10.10416667
v -0.00000000 -6.06217783 10.10416667
v 0.53037184 -6.06217783 10.10416667
v 1.06892551 -6.06217783 10.10416667
v 1.62435565 -6.06217783 10.10416667
v 2.20645228 -6.06217783 10.10416667
v 2.82683995 -6.06217783 10.10416667
v 3.50000000 -6.06217783 10.10416667
v 3.83658003 -5.47920412 10.10416667
v 4.14677386 -4.94193264 10.10416667
v 4.43782217 -4.43782217 10.10416667
v 4.71553724 -3.95680556 10.10416667
v 4.98481408 -3.49040440 10.10416667
v 5.25000000 -3.03108891 10.10416667
v 5.51518592 -2.57177343 10.10416667
v 5.78446276 -2.10537226 10.10416667
v 6.06217783 -1.62435565 10.10416667
v 6.35322614 -1.12024518 10.10416667
v 6.66341997 -0.58297371 10.10416667
v 3.35444445 0.00000000 10.10416667
v 3.32433860 0.29084194 10.10416667
v 3.26919700 0.57644764 10.10416667
v 3.18970173 0.85467800 10.10416667
v 3.08671624 1.12347283 10.10416667
v 2.96127678 1.38086604 10.10416667
v 2.81458256 1.62500000 10.10416667
v 2.67650346 1.87410790 10.10416667
v 2.51631414 2.11143826 10.10416667
v 2.33502373 2.33502373 10.10416667
v 2.13381680 2.54298383 10.10416667
v 1.91404581 2.73354071 10.10416667
v 1.67722222 2.90503411 10.10416667
v 1.42500617 3.05593559 10.10416667
v 1.15919494 3.18486192 10.10416667
v 0.88171021 3.29058732 10.10416667
v 0.59458422 3.37205470 10.10416667
v 0.29994487 3.42838561 10.10416667
v 0.00000000 3.45888889 10.10416667
v -0.30297919 3.46306794 10.10416667
v -0.60667528 3.44062650 10.10416667
v -0.90874243 3.39147290 10.10416667
v -1.20682441 3.31572282 10.10416667
v -1.49857305 3.21370028 10.10416667
v -1.78166667 3.08593719 10.10416667
v -2.05382852 2.93317110 10.10416667
v -2.31284505 2.75634140 10.10416667
v -2.55658385 2.55658385 10.10416667
v -2.78301109 2.33522358 10.10416667
v -2.99020835 2.09376643 10.10416667
v -3.17638873 1.83388889 10.10416667
v -3.33991203 1.55742656 10.10416667
v -3.47929894 1.26636125 10.10416667
v -3.59324408 0.96280685 10.10416667
v -3.68062780 0.64899399 10.10416667
v -3.74052662 0.32725367 10.10416667
v -3.77222223 0.00000000 10.10416667
v -3.77520895 -0.33028799 10.10416667
v -3.74919960 -0.66108504 10.10416667
v -3.69412967 -0.98983906 10.10416667
v -3.61015984 -1.31399072 10.10416667
v -3.49767672 -1.63099344 10.10416667
v -3.35729182 -1.93833334 10.10416667
v -3.16132012 -2.21358018 10.10416667
v -2.94302927 -2.46949477 10.10416667
v -2.70429061 -2.70429061 10.10416667
v -2.44711624 -2.91635957 10.10416667
v -2.17364226 -3.10428286 10.10416667
v -1.88611111 -3.26684028 10.10416667
v -1.58685331 -3.40301791 10.10416667
v -1.27826862 -3.51201417 10.10416667
v -0.96280685 -3.59324408 10.10416667
v -0.64294846 -3.64634190 10.10416667
v -0.32118505 -3.67116195 10.10416667
v -0.00000000 -3.66777778 10.10416667
v 0.31815074 -3.63647961 10.10416667
v 0.63085740 -3.57777010 10.10416667
v 0.93577464 -3.49235849 10.10416667
v 1.23063915 -3.38115327 10.10416667
v 1.51328643 -3.24525322 10.10416667
v 1.78166667 -3.08593719 10.10416667
v 2.03385956 -2.90465247 10.10416667
v 2.26808799 -2.70300201 10.10416667
v 2.48273048 -2.48273048 10.10416667
v 2.67633231 -2.24570945 10.10416667
v 2.84761522 -1.99392164 10.10416667
v 2.99548565 -1.72944445 10.10416667
v 3.11904147 -1.45443292 10.10416667
v 3.21757714 -1.17110231 10.10416667
v 3.29058732 -0.88171021 10.10416667
v 3.33776880 -0.58853869 10.10416667
v 3.35902094 -0.29387625 10.10416667
v 7.00000000 0.00000000 10.20833333
v 6.66341997 0.58297371 10.20833333
v 6.35322614 1.12024518 10.20833333
v 6.06217783 1.62435565 10.20833333
v 5.78446276 2.10537226 10.20833333
v 5.51518592 2.57177343 10.20833333
v 5.25000000 3.03108891 10.20833333
v 4.98481408 3.49040440 10.20833333
v 4.71553724 3.95680556 10.20833333
v 4.43782217 4.43782217 10.20833333
v 4.14677386 4.94193264 10.20833333
v 3.83658003 5.47920412 10.20833333
v 3.50000000 6.06217783 10.20833333
v 2.82683995 6.06217783 10.20833333
v 2.20645228 6.06217783 10.20833333
v 1.62435565 6.06217783 10.20833333
v 1.06892551 6.06217783 10.20833333
v 0.53037184 6.06217783 10.20833333
v 0.00000000 6.06217783 10.20833333
v -0.53037184 6.06217783 10.20833333
v -1.06892551 6.06217783 10.20833333
v -1.62435565 6.06217783 10.20833333
v -2.20645228 6.06217783 10.20833333
v -2.82683995 6.06217783 10.20833333
v -3.50000000 6.06217783 10.20833333
v -3.83658003 5.47920412 10.20833333
v -4.14677386 4.94193264 10.20833333
v -4.43782217 4.43782217 10.20833333
v -4.71553724 3.95680556 10.20833333
v -4.98481408 3.49040440 10.20833333
v -5.25000000 3.03108891 10.20833333
v -5.51518592 2.57177343 10.20833333
v -5.78446276 2.10537226 10.20833333
v -6.06217783 1.62435565 10.20833333
v -6.35322614 1.12024518 10.20833333
v -6.66341997 0.58297371 10.20833333
v -7.00000000 0.00000000 10.20833333
v -6.66341997 -0.58297371 10.20833333
v -6.35322614 -1.12024518 10.20833333
v -6.06217783 -1.62435565 10.20833333
v -5.78446276 -2.10537226 10.20833333
v -5.51518592 -2.57177343 10.20833333
v -5.25000000 -3.03108891 10.20833333
v -4.98481408 -3.49040440 10.20833333
v -4.71553724 -3.95680556 10.20833333
v -4.43782217 -4.43782217 10.20833333
v -4.14677386 -4.94193264 10.20833333
v -3.83658003 -5.47920412 10.20833333
v -3.50000000 -6.06217783 10.20833333
v -2.82683995 -6.06217783 10.20833333
v -2.20645228 -6.06217783 10.20833333
v -1.62435565 -6.06217783 10.20833333
v -1.06892551 -6.06217783 10.20833333
v -0.53037184 -6.06217783 10.20833333
v -0.00000000 -6.06217783 10.20833333
v 0.53037184 -6.06217783 10.20833333
v 1.06892551 -6.06217783 10.20833333
v 1.62435565 -6.06217783 10.20833333
v 2.20645228 -6.06217783 10.20833333
v 2.82683995 -6.06217783 10.20833333
v 3.50000000 -6.06217783 10.20833333
v 3.83658003 -5.47920412 10.20833333
v 4.14677386 -4.94193264 10.20833333
v 4.43782217 -4.43782217 10.20833333
v 4.71553724 -3.95680556 10.20833333
v 4.98481408 -3.49040440 10.20833333
v 5.25000000 -3.03108891 10.20833333
v 5.51518592 -2.57177343 10.20833333
v 5.78446276 -2.10537226 10.20833333
v 6.06217783 -1.62435565 10.20833333
v 6.35322614 -1.12024518 10.20833333
v 6.66341997 -0.58297371 10.20833333
v 3.45888889 0.00000000 10.20833333
v 3.42838561 0.29994487 10.20833333
v 3.37205470 0.59458422 10.20833333
v 3.29058732 0.88171021 10.20833333
v 3.18486192 1.15919494 10.20833333
v 3.05593559 1.42500617 10.20833333
v 2.90503411 1.67722222 10.20833333
v 2.73354071 1.91404581 10.20833333
v 2.54298383 2.13381680 10.20833333
v 2.33502373 2.33502373 10.20833333
v 2.11143826 2.51631414 10.20833333
v 1.87410790 2.67650346 10.20833333
v 1.62500000 2.81458256 10.20833333
v 1.38086604 2.96127678 10.20833333
v 1.12347283 3.08671624 10.20833333
v 0.85467800 3.18970173 10.20833333
v 0.57644764 3.26919700 10.20833333
v 0.29084194 3.32433860 10.20833333
v 0.00000000 3.35444445 10.20833333
v -0.29387625 3.35902094 10.20833333
v -0.58853869 3.33776880 10.20833333
v -0.88171021 3.29058732 10.20833333
v -1.17110231 3.21757714 10.20833333
v -1.45443292 3.11904147 10.20833333
v -1.72944445 2.99548565 10.20833333
v -1.99392164 2.84761522 10.20833333
v -2.24570945 2.67633231 10.20833333
v -2.48273048 2.48273048 10.20833333
v -2.70300201 2.26808799 10.20833333
v -2.90465247 2.03385956 10.20833333
v -3.08593719 1.78166667 10.20833333
v -3.24525322 1.51328643 10.20833333
v -3.38115327 1.23063915 10.20833333
v -3.49235849 0.93577464 10.20833333
v -3.57777010 0.63085740 10.20833333
v -3.63647961 0.31815074 10.20833333
v -3.66777778 0.00000000 10.20833333
v -3.67116195 -0.32118505 10.20833333
v -3.64634190 -0.64294846 10.20833333
v -3.59324408 -0.96280685 10.20833333
v -3.51201417 -1.27826862 10.20833333
v -3.40301791 -1.58685331 10.20833333
v -3.26684028 -1.88611111 10.20833333
v -3.10428286 -2.17364226 10.20833333
v -2.91635957 -2.44711624 10.20833333
v -2.70429061 -2.70429061 10.20833333
v -2.46949477 -2.94302927 10.20833333
v -2.21358018 -3.16132012 10.20833333
v -1.93833334 -3.35729182 10.20833333
v -1.63099344 -3.49767672 10.20833333
v -1.31399072 -3.61015984 10.20833333
v -0.98983906 -3.69412967 10.20833333
v -0.66108504 -3.74919960 10.20833333
v -0.33028799 -3.77520895 10.20833333
v -0.00000000 -3.77222223 10.20833333
v 0.32725367 -3.74052662 10.20833333
v 0.64899399 -3.68062780 10.20833333
v 0.96280685 -3.59324408 10.20833333
v 1.26636125 -3.47929894 10.20833333
v 1.55742656 -3.33991203 10.20833333
v 1.83388889 -3.17638873 10.20833333
v 2.09376643 -2.99020835 10.20833333
v 2.33522358 -2.78301109 10.20833333
v 2.55658385 -2.55658385 10.20833333
v 2.75634140 -2.31284505 10.20833333
v 2.93317110 -2.05382852 10.20833333
v 3.08593719 -1.78166667 10.20833333
v 3.21370028 -1.49857305 10.20833333
v 3.31572282 -1.20682441 10.20833333
v 3.39147290 -0.90874243 10.20833333
v 3.44062650 -0.60667528 10.20833333
v 3.46306794 -0.30297919 10.20833333
v 7.00000000 0.00000000 10.31250000
v 6.66341997 0.58297371 10.31250000
v 6.35322614 1.12024518 10.31250000
v 6.06217783 1.62435565 10.31250000
v 5.78446276 2.10537226 10.31250000
v 5.51518592 2.57177343 10.31250000
v 5.25000000 3.03108891 10.31250000
v 4.98481408 3.49040440 10.31250000
v 4.71553724 3.95680556 10.31250000
v 4.43782217 4.43782217 10.31250000
v 4.14677386 4.94193264 10.31250000
v 3.83658003 5.47920412 10.31250000
v 3.50000000 6.06217783 10.31250000
v 2.82683995 6.06217783 10.31250000
v 2.20645228 6.06217783 10.31250000
v 1.62435565 6.06217783 10.31250000
v 1.06892551 6.06217783 10.31250000
v 0.53037184 6.06217783 10.31250000
v 0.00000000 6.06217783 10.31250000
v -0.53037184 6.06217783 10.31250000
v -1.06892551 6.06217783 10.31250000
v -1.62435565 6.06217783 10.31250000
v -2.20645228 6.06217783 10.31250000
v -2.82683995 6.06217783 10.31250000
v -3.50000000 6.06217783 10.31250000
v -3.83658003 5.47920412 10.31250000
v -4.14677386 4.94193264 10.31250000
v -4.43782217 4.43782217 10.31250000
v -4.71553724 3.95680556 10.31250000
v -4.98481408 3.49040440 10.31250000
v -5.25000000 3.03108891 10.31250000
v -5.51518592 2.57177343 10.31250000
v -5.78446276 2.10537226 10.31250000
v -6.06217783 1.62435565 10.31250000
v -6.35322614 1.12024518 10.31250000
v -6.66341997 0.58297371 10.31250000
v -7.00000000 0.00000000 10.31250000
v -6.66341997 -0.58297371 10.31250000
v -6.35322614 -1.12024518 10.31250000
v -6.06217783 -1.62435565 10.31250000
v -5.78446276 -2.10537226 10.31250000
v -5.51518592 -2.57177343 10.31250000
v -5.25000000 -3.03108891 10.31250000
v -4.98481408 -3.49040440 10.31250000
v -4.71553724 -3.95680556 10.31250000
v -4.43782217 -4.43782217 10.31250000
v -4.14677386 -4.94193264 10.31250000
v -3.83658003 -5.47920412 10.31250000
v -3.50000000 -6.06217783 10.31250000
v -2.82683995 -6.06217783 10.31250000
v -2.20645228 -6.06217783 10.31250000
v -1.62435565 -6.06217783 10.31250000
v -1.06892551 -6.06217783 10.31250000
v -0.53037184 -6.06217783 10.31250000
v -0.00000000 -6.06217783 10.31250000
v 0.53037184 -6.06217783 10.31250000
v 1.06892551 -6.06217783 10.31250000
v 1.62435565 -6.06217783 10.31250000
v 2.20645228 -6.06217783 10.31250000
v 2.82683995 -6.06217783 10.31250000
v 3.50000000 -6.06217783 10.31250000
v 3.83658003 -5.47920412 10.31250000
v 4.14677386 -4.94193264 10.31250000
v 4.43782217 -4.43782217 10.31250000
v 4.71553724 -3.95680556 10.31250000
v 4.98481408 -3.49040440 10.31250000
v 5.25000000 -3.03108891 10.31250000
v 5.51518592 -2.57177343 10.31250000
v 5.78446276 -2.10537226 10.31250000
v 6.06217783 -1.62435565 10.31250000
v 6.35322614 -1.12024518 10.31250000
v 6.66341997 -0.58297371 10.31250000
v 3.56333334 0.00000000 10.31250000
v 3.53243261 0.30904781 10.31250000
v 3.47491240 0.61272081 10.31250000
v 3.39147290 0.90874243 10.31250000
v 3.28300759 1.19491704 10.31250000
v 3.15059441 1.46914630 10.31250000
v 2.99548565 1.72944445 10.31250000
v 2.81909659 1.97395269 10.31250000
v 2.62299292 2.20095239 10.31250000
v 2.40887710 2.40887710 10.31250000
v 2.17857386 2.59632322 10.31250000
v 1.93401477 2.76205934 10.31250000
v 1.67722222 2.90503411 10.31250000
v 1.41029279 3.02438265 10.31250000
v 1.13538020 3.11943147 10.31250000
v 0.85467800 3.18970173 10.31250000
v 0.57040211 3.23491110 10.31250000
v 0.28477332 3.25497394 10.31250000
v 0.00000000 3.25000000 10.31250000
v -0.28477332 3.25497394 10.31250000
v -0.57040211 3.23491110 10.31250000
v -0.85467800 3.18970173 10.31250000
v -1.13538020 3.11943147 10.31250000
v -1.41029279 3.02438265 10.31250000
v -1.67722222 2.90503411 10.31250000
v -1.93401477 2.76205934 10.31250000
v -2.17857386 2.59632322 10.31250000
v -2.40887710 2.40887710 10.31250000
v -2.62299292 2.20095239 10.31250000
v -2.81909659 1.97395269 10.31250000
v -2.99548565 1.72944445 10.31250000
v -3.15059441 1.46914630 10.31250000
v -3.28300759 1.19491704 10.31250000
v -3.39147290 0.90874243 10.31250000
v -3.47491240 0.61272081 10.31250000
v -3.53243261 0.30904781 10.31250000
v -3.56333334 0.00000000 10.31250000
v -3.56711494 -0.31208212 10.31250000
v -3.54348420 -0.62481187 10.31250000
v -3.49235849 -0.93577464 10.31250000
v -3.41386849 -1.24254651 10.31250000
v -3.30835910 -1.54271318 10.31250000
v -3.17638873 -1.83388889 10.31250000
v -3.01872698 -2.11373539 10.31250000
v -2.83635048 -2.37998065 10.31250000
v -2.63043723 -2.63043723 10.31250000
v -2.40235918 -2.86302018 10.31250000
v -2.15367330 -3.07576424 10.31250000
v -1.88611111 -3.26684028 10.31250000
v -1.60156669 -3.43457085 10.31250000
v -1.30208336 -3.57744462 10.31250000
v -0.98983906 -3.69412967 10.31250000
v -0.66713057 -3.78348550 10.31250000
v -0.33635661 -3.84457362 10.31250000
v -0.00000000 -3.87666667 10.31250000
v 0.33635661 -3.84457362 10.31250000
v 0.66713057 -3.78348550 10.31250000
v 0.98983906 -3.69412967 10.31250000
v 1.30208336 -3.57744462 10.31250000
v 1.60156669 -3.43457085 10.31250000
v 1.88611111 -3.26684028 10.31250000
v 2.15367330 -3.07576424 10.31250000
v 2.40235918 -2.86302018 10.31250000
v 2.63043723 -2.63043723 10.31250000
v 2.83635048 -2.37998065 10.31250000
v 3.01872698 -2.11373539 10.31250000
v 3.17638873 -1.83388889 10.31250000
v 3.30835910 -1.54271318 10.31250000
v 3.41386849 -1.24254651 10.31250000
v 3.49235849 -0.93577464 10.31250000
v 3.54348420 -0.62481187 10.31250000
v 3.56711494 -0.31208212 10.31250000
v 7.00000000 0.00000000 10.41666667
v 6.66341997 0.58297371 10.41666667
v 6.35322614 1.12024518 10.41666667
v 6.06217783 1.62435565 10.41666667
v 5.78446276 2.10537226 10.41666667
v 5.51518592 2.57177343 10.41666667
v 5.25000000 3.03108891 10.41666667
v 4.98481408 3.49040440 10.41666667
v 4.71553724 3.95680556 10.41666667
v 4.43782217 4.43782217 10.41666667
v 4.14677386 4.94193264 10.41666667
v 3.83658003 5.47920412 10.41666667
v 3.50000000 6.06217783 10.41666667
v 2.82683995 6.06217783 10.41666667
v 2.20645228 6.06217783 10.41666667
v 1.62435565 6.06217783 10.41666667
v 1.06892551 6.06217783 10.41666667
v 0.53037184 6.06217783 10.41666667
v 0.00000000 6.06217783 10.41666667
v -0.53037184 6.06217783 10.41666667
v -1.06892551 6.06217783 10.41666667
v -1.62435565 6.06217783 10.41666667
v -2.20645228 6.06217783 10.41666667
v -2.82683995 6.06217783 10.41666667
v -3.50000000 6.06217783 10.41666667
v -3.83658003 5.47920412 10.41666667
v -4.14677386 4.94193264 10.41666667
v -4.43782217 4.43782217 10.41666667
v -4.71553724 3.95680556 10.41666667
v -4.98481408 3.49040440 10.41666667
v -5.25000000 3.03108891 10.41666667
v -5.51518592 2.57177343 10.41666667
v -5.78446276 2.10537226 10.41666667
v -6.06217783 1.62435565 10.41666667
v -6.35322614 1.12024518 10.41666667
v -6.66341997 0.58297371 10.41666667
v -7.00000000 0.00000000 10.41666667
v -6.66341997 -0.58297371 10.41666667
v -6.35322614 -1.12024518 10.41666667
v -6.06217783 -1.62435565 10.41666667
v -5.78446276 -2.10537226 10.41666667
v -5.51518592 -2.57177343 10.41666667
v -5.25000000 -3.03108891 10.41666667
v -4.98481408 -3.49040440 10.41666667
v -4.71553724 -3.95680556 10.41666667
v -4.43782217 -4.43782217 10.41666667
v -4.14677386 -4.94193264 10.41666667
v -3.83658003 -5.47920412 10.41666667
v -3.50000000 -6.06217783 10.41666667
v -2.82683995 -6.06217783 10.41666667
v -2.20645228 -6.06217783 10.41666667
v -1.62435565 -6.06217783 10.41666667
v -1.06892551 -6.06217783 10.41666667
v -0.53037184 -6.06217783 10.41666667
v -0.00000000 -6.06217783 10.41666667
v 0.53037184 -6.06217783 10.41666667
v 1.06892551 -6.06217783 10.41666667
v 1.62435565 -6.06217783 10.41666667
v 2.20645228 -6.06217783 10.41666667
v 2.82683995 -6.06217783 10.41666667
v 3.50000000 -6.06217783 10.41666667
v 3.83658003 -5.47920412 10.41666667
v 4.14677386 -4.94193264 10.41666667
v 4.43782217 -4.43782217 10.41666667
v 4.71553724 -3.95680556 10.41666667
v 4.98481408 -3.49040440 10.41666667
v 5.25000000 -3.03108891 10.41666667
v 5.51518592 -2.57177343 10.41666667
v 5.78446276 -2.10537226 10.41666667
v 6.06217783 -1.62435565 10.41666667
v 6.35322614 -1.12024518 10.41666667
v 6.66341997 -0.58297371 10.41666667
v 3.66777778 0.00000000 10.41666667
v 3.63647961 0.31815074 10.41666667
v 3.57777010 0.63085740 10.41666667
v 3.49235849 0.93577464 10.41666667
v 3.38115327 1.23063915 10.41666667
v 3.24525322 1.51328643 10.41666667
v 3.08593719 1.78166667 10.41666667
v 2.90465247 2.03385956 10.41666667
v 2.70300201 2.26808799 10.41666667
v 2.48273048 2.48273048 10.41666667
v 2.24570945 2.67633231 10.41666667
v 1.99392164 2.84761522 10.41666667
v 1.72944445 2.99548565 10.41666667
v 1.45443292 3.11904147 10.41666667
v 1.17110231 3.21757714 10.41666667
v 0.88171021 3.29058732 10.41666667
v 0.58853869 3.33776880 10.41666667
v 0.29387625 3.35902094 10.41666667
v 0.00000000 3.35444445 10.41666667
v -0.29084194 3.32433860 10.41666667
v -0.57644764 3.26919700 10.41666667
v -0.85467800 3.18970173 10.41666667
v -1.12347283 3.08671624 10.41666667
v -1.38086604 2.96127678 10.41666667
v -1.62500000 2.81458256 10.41666667
v -1.87410790 2.67650346 10.41666667
v -2.11143826 2.51631414 10.41666667
v -2.33502373 2.33502373 10.41666667
v -2.54298383 2.13381680 10.41666667
v -2.73354071 1.91404581 10.41666667
v -2.90503411 1.67722222 10.41666667
v -3.05593559 1.42500617 10.41666667
v -3.18486192 1.15919494 10.41666667
v -3.29058732 0.88171021 10.41666667
v -3.37205470 0.59458422 10.41666667
v -3.42838561 0.29994487 10.41666667
v -3.45888889 0.00000000 10.41666667
v -3.46306794 -0.30297919 10.41666667
v -3.44062650 -0.60667528 10.41666667
v -3.39147290 -0.90874243 10.41666667
v -3.31572282 -1.20682441 10.41666667
v -3.21370028 -1.49857305 10.41666667
v -3.08593719 -1.78166667 10.41666667
v -2.93317110 -2.05382852 10.41666667
v -2.75634140 -2.31284505 10.41666667
v -2.55658385 -2.55658385 10.41666667
v -2.33522358 -2.78301109 10.41666667
v -2.09376643 -2.99020835 10.41666667
v -1.83388889 -3.17638873 10.41666667
v -1.55742656 -3.33991203 10.41666667
v -1.26636125 -3.47929894 10.41666667
v -0.96280685 -3.59324408 10.41666667
v -0.64899399 -3.68062780 10.41666667
v -0.32725367 -3.74052662 10.41666667
v -0.00000000 -3.77222223 10.41666667
v 0.33028799 -3.77520895 10.41666667
v 0.66108504 -3.74919960 10.41666667
v 0.98983906 -3.69412967 10.41666667
v 1.31399072 -3.61015984 10.41666667
v 1.63099344 -3.49767672 10.41666667
v 1.93833334 -3.35729182 10.41666667
v 2.21358018 -3.16132012 10.41666667
v 2.46949477 -2.94302927 10.41666667
v 2.70429061 -2.70429061 10.41666667
v 2.91635957 -2.44711624 10.41666667
v 3.10428286 -2.17364226 10.41666667
v 3.26684028 -1.88611111 10.41666667
v 3.40301791 -1.58685331 10.41666667
v 3.51201417 -1.27826862 10.41666667
v 3.59324408 -0.96280685 10.41666667
v 3.64634190 -0.64294846 10.41666667
v 3.67116195 -0.32118505 10.41666667
v 7.00000000 0.00000000 10.52083333
v 6.66341997 0.58297371 10.52083333
v 6.35322614 1.12024518 10.52083333
v 6.06217783 1.62435565 10.52083333
v 5.78446276 2.10537226 10.52083333
v 5.51518592 2.57177343 10.52083333
v 5.25000000 3.03108891 10.52083333
v 4.98481408 3.49040440 10.52083333
v 4.71553724 3.95680556 10.52083333
v 4.43782217 4.43782217 10.52083333
v 4.14677386 4.94193264 10.52083333
v 3.83658003 5.47920412 10.52083333
v 3.50000000 6.06217783 10.52083333
v 2.82683995 6.06217783 10.52083333
v 2.20645228 6.06217783 10.52083333
v 1.62435565 6.06217783 10.52083333
v 1.06892551 6.06217783 10.52083333
v 0.53037184 6.06217783 10.52083333
v 0.00000000 6.06217783 10.52083333
v -0.53037184 6.06217783 10.52083333
v -1.06892551 6.06217783 10.52083333
v -1.62435565 6.06217783 10.52083333
v -2.20645228 6.06217783 10.52083333
v -2.82683995 6.06217783 10.52083333
v -3.50000000 6.06217783 10.52083333
v -3.83658003 5.47920412 10.52083333
v -4.14677386 4.94193264 10.52083333
v -4.43782217 4.43782217 10.52083333
v -4.71553724 3.95680556 10.52083333
v -4.98481408 3.49040440 10.52083333
v -5.25000000 3.03108891 10.52083333
v -5.51518592 2.57177343 10.52083333
v -5.78446276 2.10537226 10.52083333
v -6.06217783 1.62435565 10.52083333
v -6.35322614 1.12024518 10.52083333
v -6.66341997 0.58297371 10.52083333
v -7.00000000 0.00000000 10.52083333
v -6.66341997 -0.58297371 10.52083333
v -6.35322614 -1.12024518 10.52083333
v -6.06217783 -1.62435565 10.52083333
v -5.78446276 -2.10537226 10.52083333
v -5.51518592 -2.57177343 10.52083333
v -5.25000000 -3.03108891 10.52083333
v -4.98481408 -3.49040440 10.52083333
v -4.71553724 -3.95680556 10.52083333
v -4.43782217 -4.43782217 10.52083333
v -4.14677386 -4.94193264 10.52083333
v -3.83658003 -5.47920412 10.52083333
v -3.50000000 -6.06217783 10.52083333
v -2.82683995 -6.06217783 10.52083333
v -2.20645228 -6.06217783 10.52083333
v -1.62435565 -6.06217783 10.52083333
v -1.06892551 -6.06217783 10.52083333
v -0.53037184 -6.06217783 10.52083333
v -0.00000000 -6.06217783 10.52083333
v 0.53037184 -6.06217783 10.52083333
v 1.06892551 -6.06217783 10.52083333
v 1.62435565 -6.06217783 10.52083333
v 2.20645228 -6.06217783 10.52083333
v 2.82683995 -6.06217783 10.52083333
v 3.50000000 -6.06217783 10.52083333
v 3.83658003 -5.47920412 10.52083333
v 4.14677386 -4.94193264 10.52083333
v 4.43782217 -4.43782217 10.52083333
v 4.71553724 -3.95680556 10.52083333
v 4.98481408 -3.49040440 10.52083333
v 5.25000000 -3.03108891 10.52083333
v 5.51518592 -2.57177343 10.52083333
v 5.78446276 -2.10537226 10.52083333
v 6.06217783 -1.62435565 10.52083333
v 6.35322614 -1.12024518 10.52083333
v 6.66341997 -0.58297371 10.52083333
v 3.77222223 0.00000000 10.52083333
v 3.74052662 0.32725367 10.52083333
v 3.68062780 0.64899399 10.52083333
v 3.59324408 0.96280685 10.52083333
v 3.47929894 1.26636125 10.52083333
v 3.33991203 1.55742656 10.52083333
v 3.17638873 1.83388889 10.52083333
v 2.99020835 2.09376643 10.52083333
v 2.78301109 2.33522358 10.52083333
v 2.55658385 2.55658385 10.52083333
v 2.31284505 2.75634140 10.52083333
v 2.05382852 2.93317110 10.52083333
v 1.78166667 3.08593719 10.52083333
v 1.49857305 3.21370028 10.52083333
v 1.20682441 3.31572282 10.52083333
v 0.90874243 3.39147290 10.52083333
v 0.60667528 3.44062650 10.52083333
v 0.30297919 3.46306794 10.52083333
v 0.00000000 3.45888889 10.52083333
v -0.29994487 3.42838561 10.52083333
v -0.59458422 3.37205470 10.52083333
v -0.88171021 3.29058732 10.52083333
v -1.15919494 3.18486192 10.52083333
v -1.42500617 3.05593559 10.52083333
v -1.67722222 2.90503411 10.52083333
v -1.91404581 2.73354071 10.52083333
v -2.13381680 2.54298383 10.52083333
v -2.33502373 2.33502373 10.52083333
v -2.51631414 2.11143826 10.52083333
v -2.67650346 1.87410790 10.52083333
v -2.81458256 1.62500000 10.52083333
v -2.96127678 1.38086604 10.52083333
v -3.08671624 1.12347283 10.52083333
v -3.18970173 0.85467800 10.52083333
v -3.26919700 0.57644764 10.52083333
v -3.32433860 0.29084194 10.52083333
v -3.35444445 0.00000000 10.52083333
v -3.35902094 -0.29387625 10.52083333
v -3.33776880 -0.58853869 10.52083333
v -3.29058732 -0.88171021 10.52083333
v -3.21757714 -1.17110231 10.52083333
v -3.11904147 -1.45443292 10.52083333
v -2.99548565 -1.72944445 10.52083333
v -2.84761522 -1.99392164 10.52083333
v -2.67633231 -2.24570945 10.52083333
v -2.48273048 -2.48273048 10.52083333
v -2.26808799 -2.70300201 10.52083333
v -2.03385956 -2.90465247 10.52083333
v -1.78166667 -3.08593719 10.52083333
v -1.51328643 -3.24525322 10.52083333
v -1.23063915 -3.38115327 10.52083333
v -0.93577464 -3.49235849 10.52083333
v -0.63085740 -3.57777010 10.52083333
v -0.31815074 -3.63647961 10.52083333
v -0.00000000 -3.66777778 10.52083333
v 0.32118505 -3.67116195 10.52083333
v 0.64294846 -3.64634190 10.52083333
v 0.96280685 -3.59324408 10.52083333
v 1.27826862 -3.51201417 10.52083333
v 1.58685331 -3.40301791 10.52083333
v 1.88611111 -3.26684028 10.52083333
v 2.17364226 -3.10428286 10.52083333
v 2.44711624 -2.91635957 10.52083333
v 2.70429061 -2.70429061 10.52083333
v 2.94302927 -2.46949477 10.52083333
v 3.16132012 -2.21358018 10.52083333
v 3.35729182 -1.93833334 10.52083333
v 3.49767672 -1.63099344 10.52083333
v 3.61015984 -1.31399072 10.52083333
v 3.69412967 -0.98983906 10.52083333
v 3.74919960 -0.66108504 10.52083333
v 3.77520895 -0.33028799 10.52083333
v 7.00000000 0.00000000 10.62500000
v 6.66341997 0.58297371 10.62500000
v 6.35322614 1.12024518 10.62500000
v 6.06217783 1.62435565 10.62500000
v 5.78446276 2.10537226 10.62500000
v 5.51518592 2.57177343 10.62500000
v 5.25000000 3.03108891 10.62500000
v 4.98481408 3.49040440 10.62500000
v 4.71553724 3.95680556 10.62500000
v 4.43782217 4.43782217 10.62500000
v 4.14677386 4.94193264 10.62500000
v 3.83658003 5.47920412 10.62500000
v 3.50000000 6.06217783 10.62500000
v 2.82683995 6.06217783 10.62500000
v 2.20645228 6.06217783 10.62500000
v 1.62435565 6.06217783 10.62500000
v 1.06892551 6.06217783 10.62500000
v 0.53037184 6.06217783 10.62500000
v 0.00000000 6.06217783 10.62500000
v -0.53037184 6.06217783 10.62500000
v -1.06892551 6.06217783 10.62500000
v -1.62435565 6.06217783 10.62500000
v -2.20645228 6.06217783 10.62500000
v -2.82683995 6.06217783 10.62500000
v -3.50000000 6.06217783 10.62500000
v -3.83658003 5.47920412 10.62500000
v -4.14677386 4.94193264 10.62500000
v -4.43782217 4.43782217 10.62500000
v -4.71553724 3.95680556 10.62500000
v -4.98481408 3.49040440 10.62500000
v -5.25000000 3.03108891 10.62500000
v -5.51518592 2.57177343 10.62500000
v -5.78446276 2.10537226 10.62500000
v -6.06217783 1.62435565 10.62500000
v -6.35322614 1.12024518 10.62500000
v -6.66341997 0.58297371 10.62500000
v -7.00000000 0.00000000 10.62500000
v -6.66341997 -0.58297371 10.62500000
v -6.35322614 -1.12024518 10.62500000
v -6.06217783 -1.62435565 10.62500000
v -5.78446276 -2.10537226 10.62500000
v -5.51518592 -2.57177343 10.62500000
v -5.25000000 -3.03108891 10.62500000
v -4.98481408 -3.49040440 10.62500000
v -4.71553724 -3.95680556 10.62500000
v -4.43782217 -4.43782217 10.62500000
v -4.14677386 -4.94193264 10.62500000
v -3.83658003 -5.47920412 10.62500000
v -3.50000000 -6.06217783 10.62500000
v -2.82683995 -6.06217783 10.62500000
v -2.20645228 -6.06217783 10.62500000
v -1.62435565 -6.06217783 10.62500000
v -1.06892551 -6.06217783 10.62500000
v -0.53037184 -6.06217783 10.62500000
v -0.00000000 -6.06217783 10.62500000
v 0.53037184 -6.06217783 10.62500000
v 1.06892551 -6.06217783 10.62500000
v 1.62435565 -6.06217783 10.62500000
v 2.20645228 -6.06217783 10.62500000
v 2.82683995 -6.06217783 10.62500000
v 3.50000000 -6.06217783 10.62500000
v 3.83658003 -5.47920412 10.62500000
v 4.14677386 -4.94193264 10.62500000
v 4.43782217 -4.43782217 10.62500000
v 4.71553724 -3.95680556 10.62500000
v 4.98481408 -3.49040440 10.62500000
v 5.25000000 -3.03108891 10.62500000
v 5.51518592 -2.57177343 10.62500000
v 5.78446276 -2.10537226 10.62500000
v 6.06217783 -1.62435565 10.62500000
v 6.35322614 -1.12024518 10.62500000
v 6.66341997 -0.58297371 10.62500000
v 3.87666667 0.00000000 10.62500000
v 3.84457362 0.33635661 10.62500000
v 3.78348550 0.66713057 10.62500000
v 3.69412967 0.98983906 10.62500000
v 3.57744462 1.30208336 10.62500000
v 3.43457085 1.60156669 10.62500000
v 3.26684028 1.88611111 10.62500000
v 3.07576424 2.15367330 10.62500000
v 2.86302018 2.40235918 10.62500000
v 2.63043723 2.63043723 10.62500000
v 2.37998065 2.83635048 10.62500000
v 2.11373539 3.01872698 10.62500000
v 1.83388889 3.17638873 10.62500000
v 1.54271318 3.30835910 10.62500000
v 1.24254651 3.41386849 10.62500000
v 0.93577464 3.49235849 10.62500000
v 0.62481187 3.54348420 10.62500000
v 0.31208212 3.56711494 10.62500000
v 0.00000000 3.56333334 10.62500000
v -0.30904781 3.53243261 10.62500000
v -0.61272081 3.47491240 10.62500000
v -0.90874243 3.39147290 10.62500000
v -1.19491704 3.28300759 10.62500000
v -1.46914630 3.15059441 10.62500000
v -1.72944445 2.99548565 10.62500000
v -1.97395269 2.81909659 10.62500000
v -2.20095239 2.62299292 10.62500000
v -2.40887710 2.40887710 10.62500000
v -2.59632322 2.17857386 10.62500000
v -2.76205934 1.93401477 10.62500000
v -2.90503411 1.67722222 10.62500000
v -3.02438265 1.41029279 10.62500000
v -3.11943147 1.13538020 10.62500000
v -3.18970173 0.85467800 10.62500000
v -3.23491110 0.57040211 10.62500000
v -3.25497394 0.28477332 10.62500000
v -3.25000000 0.00000000 10.62500000
v -3.25497394 -0.28477332 10.62500000
v -3.23491110 -0.57040211 10.62500000
v -3.18970173 -0.85467800 10.62500000
v -3.11943147 -1.13538020 10.62500000
v -3.02438265 -1.41029279 10.62500000
v -2.90503411 -1.67722222 10.62500000
v -2.76205934 -1.93401477 10.62500000
v -2.59632322 -2.17857386 10.62500000
v -2.40887710 -2.40887710 10.62500000
v -2.20095239 -2.62299292 10.62500000
v -1.97395269 -2.81909659 10.62500000
v -1.72944445 -2.99548565 10.62500000
v -1.46914630 -3.15059441 10.62500000
v -1.19491704 -3.28300759 10.62500000
v -0.90874243 -3.39147290 10.62500000
v -0.61272081 -3.47491240 10.62500000
v -0.30904781 -3.53243261 10.62500000
v -0.00000000 -3.56333334 10.62500000
v 0.31208212 -3.56711494 10.62500000
v 0.62481187 -3.54348420 10.62500000
v 0.93577464 -3.49235849 10.62500000
v 1.24254651 -3.41386849 10.62500000
v 1.54271318 -3.30835910 10.62500000
v 1.83388889 -3.17638873 10.62500000
v 2.11373539 -3.01872698 10.62500000
v 2.37998065 -2.83635048 10.62500000
v 2.63043723 -2.63043723 10.62500000
v 2.86302018 -2.40235918 10.62500000
v 3.07576424 -2.15367330 10.62500000
v 3.26684028 -1.88611111 10.62500000
v 3.43457085 -1.60156669 10.62500000
v 3.57744462 -1.30208336 10.62500000
v 3.69412967 -0.98983906 10.62500000
v 3.78348550 -0.66713057 10.62500000
v 3.84457362 -0.33635661 10.62500000
v 7.00000000 0.00000000 10.72916667
v 6.66341997 0.58297371 10.72916667
v 6.35322614 1.12024518 10.72916667
v 6.06217783 1.62435565 10.72916667
v 5.78446276 2.10537226 10.72916667
v 5.51518592 2.57177343 10.72916667
v 5.25000000 3.03108891 10.72916667
v 4.98481408 3.49040440 10.72916667
v 4.71553724 3.95680556 10.72916667
v 4.43782217 4.43782217 10.72916667
v 4.14677386 4.94193264 10.72916667
v 3.83658003 5.47920412 10.72916667
v 3.50000000 6.06217783 10.72916667
v 2.82683995 6.06217783 10.72916667
v 2.20645228 6.06217783 10.72916667
v 1.62435565 6.06217783 10.72916667
v 1.06892551 6.06217783 10.72916667
v 0.53037184 6.06217783 10.72916667
v 0.00000000 6.06217783 10.72916667
v -0.53037184 6.06217783 10.72916667
v -1.06892551 6.06217783 10.72916667
v -1.62435565 6.06217783 10.72916667
v -2.20645228 6.06217783 10.72916667
v -2.82683995 6.06217783 10.72916667
v -3.50000000 6.06217783 10.72916667
v -3.83658003 5.47920412 10.72916667
v -4.14677386 4.94193264 10.72916667
v -4.43782217 4.43782217 10.72916667
v -4.71553724 3.95680556 10.72916667
v -4.98481408 3.49040440 10.72916667
v -5.25000000 3.03108891 10.72916667
v -5.51518592 2.57177343 10.72916667
v -5.78446276 2.10537226 10.72916667
v -6.06217783 1.62435565 10.72916667
v -6.35322614 1.12024518 10.72916667
v -6.66341997 0.58297371 10.72916667
v -7.00000000 0.00000000 10.72916667
v -6.66341997 -0.58297371 10.72916667
v -6.35322614 -1.12024518 10.72916667
v -6.06217783 -1.62435565 10.72916667
v -5.78446276 -2.10537226 10.72916667
v -5.51518592 -2.57177343 10.72916667
v -5.25000000 -3.03108891 10.72916667
v -4.98481408 -3.49040440 10.72916667
v -4.71553724 -3.95680556 10.72916667
v -4.43782217 -4.43782217 10.72916667
v -4.14677386 -4.94193264 10.72916667
v -3.83658003 -5.47920412 10.72916667
v -3.50000000 -6.06217783 10.72916667
v -2.82683995 -6.06217783 10.72916667
v -2.20645228 -6.06217783 10.72916667
v -1.62435565 -6.06217783 10.72916667
v -1.06892551 -6.06217783 10.72916667
v -0.53037184 -6.06217783 10.72916667
v -0.00000000 -6.06217783 10.72916667
v 0.53037184 -6.06217783 10.72916667
v 1.06892551 -6.06217783 10.72916667
v 1.62435565 -6.06217783 10.72916667
v 2.20645228 -6.06217783 10.72916667
v 2.82683995 -6.06217783 10.72916667
v 3.50000000 -6.06217783 10.72916667
v 3.83658003 -5.47920412 10.72916667
v 4.14677386 -4.94193264 10.72916667
v 4.43782217 -4.43782217 10.72916667
v 4.71553724 -3.95680556 10.72916667
v 4.98481408 -3.49040440 10.72916667
v 5.25000000 -3.03108891 10.72916667
v 5.51518592 -2.57177343 10.72916667
v 5.78446276 -2.10537226 10.72916667
v 6.06217783 -1.62435565 10.72916667
v 6.35322614 -1.12024518 10.72916667
v 6.66341997 -0.58297371 10.72916667
v 3.77222223 0.00000000 10.72916667
v 3.77520895 0.33028799 10.72916667
v 3.74919960 0.66108504 10.72916667
v 3.69412967 0.98983906 10.72916667
v 3.61015984 1.31399072 10.72916667
v 3.49767672 1.63099344 10.72916667
v 3.35729182 1.93833334 10.72916667
v 3.16132012 2.21358018 10.72916667
v 2.94302927 2.46949477 10.72916667
v 2.70429061 2.70429061 10.72916667
v 2.44711624 2.91635957 10.72916667
v 2.17364226 3.10428286 10.72916667
v 1.88611111 3.26684028 10.72916667
v 1.58685331 3.40301791 10.72916667
v 1.27826862 3.51201417 10.72916667
v 0.96280685 3.59324408 10.72916667
v 0.64294846 3.64634190 10.72916667
v 0.32118505 3.67116195 10.72916667
v 0.00000000 3.66777778 10.72916667
v -0.31815074 3.63647961 10.72916667
v -0.63085740 3.57777010 10.72916667
v -0.93577464 3.49235849 10.72916667
v -1.23063915 3.38115327 10.72916667
v -1.51328643 3.24525322 10.72916667
v -1.78166667 3.08593719 10.72916667
v -2.03385956 2.90465247 10.72916667
v -2.26808799 2.70300201 10.72916667
v -2.48273048 2.48273048 10.72916667
v -2.67633231 2.24570945 10.72916667
v -2.84761522 1.99392164 10.72916667
v -2.99548565 1.72944445 10.72916667
v -3.11904147 1.45443292 10.72916667
v -3.21757714 1.17110231 10.72916667
v -3.29058732 0.88171021 10.72916667
v -3.33776880 0.58853869 10.72916667
v -3.35902094 0.29387625 10.72916667
v -3.35444445 0.00000000 10.72916667
v -3.32433860 -0.29084194 10.72916667
v -3.26919700 -0.57644764 10.72916667
v -3.18970173 -0.85467800 10.72916667
v -3.08671624 -1.12347283 10.72916667
v -2.96127678 -1.38086604 10.72916667
v -2.81458256 -1.62500000 10.72916667
v -2.67650346 -1.87410790 10.72916667
v -2.51631414 -2.11143826 10.72916667
v -2.33502373 -2.33502373 10.72916667
v -2.13381680 -2.54298383 10.72916667
v -1.91404581 -2.73354071 10.72916667
v -1.67722222 -2.90503411 10.72916667
v -1.42500617 -3.05593559 10.72916667
v -1.15919494 -3.18486192 10.72916667
v -0.88171021 -3.29058732 10.72916667
v -0.59458422 -3.37205470 10.72916667
v -0.29994487 -3.42838561 10.72916667
v -0.00000000 -3.45888889 10.72916667
v 0.30297919 -3.46306794 10.72916667
v 0.60667528 -3.44062650 10.72916667
v 0.90874243 -3.39147290 10.72916667
v 1.20682441 -3.31572282 10.72916667
v 1.49857305 -3.21370028 10.72916667
v 1.78166667 -3.08593719 10.72916667
v 2.05382852 -2.93317110 10.72916667
v 2.31284505 -2.75634140 10.72916667
v 2.55658385 -2.55658385 10.72916667
v 2.78301109 -2.33522358 10.72916667
v 2.99020835 -2.09376643 10.72916667
v 3.17638873 -1.83388889 10.72916667
v 3.33991203 -1.55742656 10.72916667
v 3.47929894 -1.26636125 10.72916667
v 3.59324408 -0.96280685 10.72916667
v 3.68062780 -0.64899399 10.72916667
v 3.74052662 -0.32725367 10.72916667
v 7.00000000 0.00000000 10.83333333
v 6.66341997 0.58297371 10.83333333
v 6.35322614 1.12024518 10.83333333
v 6.06217783 1.62435565 10.83333333
v 5.78446276 2.10537226 10.83333333
v 5.51518592 2.57177343 10.83333333
v 5.25000000 3.03108891 10.83333333
v 4.98481408 3.49040440 10.83333333
v 4.71553724 3.95680556 10.83333333
v 4.43782217 4.43782217 10.83333333
v 4.14677386 4.94193264 10.83333333
v 3.83658003 5.47920412 10.83333333
v 3.50000000 6.06217783 10.83333333
v 2.82683995 6.06217783 10.83333333
v 2.20645228 6.06217783 10.83333333
v 1.62435565 6.06217783 10.83333333
v 1.06892551 6.06217783 10.83333333
v 0.53037184 6.06217783 10.83333333
v 0.00000000 6.06217783 10.83333333
v -0.53037184 6.06217783 10.83333333
v -1.06892551 6.06217783 10.83333333
v -1.62435565 6.06217783 10.83333333
v -2.20645228 6.06217783 10.83333333
v -2.82683995 6.06217783 10.83333333
v -3.50000000 6.06217783 10.83333333
v -3.83658003 5.47920412 10.83333333
v -4.14677386 4.94193264 10.83333333
v -4.43782217 4.43782217 10.83333333
v -4.71553724 3.95680556 10.83333333
v -4.98481408 3.49040440 10.83333333
v -5.25000000 3.03108891 10.83333333
v -5.51518592 2.57177343 10.83333333
v -5.78446276 2.10537226 10.83333333
v -6.06217783 1.62435565 10.83333333
v -6.35322614 1.12024518 10.83333333
v -6.66341997 0.58297371 10.83333333
v -7.00000000 0.00000000 10.83333333
v -6.66341997 -0.58297371 10.83333333
v -6.35322614 -1.12024518 10.83333333
v -6.06217783 -1.62435565 10.83333333
v -5.78446276 -2.10537226 10.83333333
v -5.51518592 -2.57177343 10.83333333
v -5.25000000 -3.03108891 10.83333333
v -4.98481408 -3.49040440 10.83333333
v -4.71553724 -3.95680556 10.83333333
v -4.43782217 -4.43782217 10.83333333
v -4.14677386 -4.94193264 10.83333333
v -3.83658003 -5.47920412 10.83333333
v -3.50000000 -6.06217783 10.83333333
v -2.82683995 -6.06217783 10.83333333
v -2.20645228 -6.06217783 10.83333333
v -1.62435565 -6.06217783 10.83333333
v -1.06892551 -6.06217783 10.83333333
v -0.53037184 -6.06217783 10.83333333
v -0.00000000 -6.06217783 10.83333333
v 0.53037184 -6.06217783 10.83333333
v 1.06892551 -6.06217783 10.83333333
v 1.62435565 -6.06217783 10.83333333
v 2.20645228 -6.06217783 10.83333333
v 2.82683995 -6.06217783 10.83333333
v 3.50000000 -6.06217783 10.83333333
v 3.83658003 -5.47920412 10.83333333
v 4.14677386 -4.94193264 10.83333333
v 4.43782217 -4.43782217 10.83333333
v 4.71553724 -3.95680556 10.83333333
v 4.98481408 -3.49040440 10.83333333
v 5.25000000 -3.03108891 10.83333333
v 5.51518592 -2.57177343 10.83333333
v 5.78446276 -2.10537226 10.83333333
v 6.06217783 -1.62435565 10.83333333
v 6.35322614 -1.12024518 10.83333333
v 6.66341997 -0.58297371 10.83333333
v 3.66777778 0.00000000 10.83333333
v 3.67116195 0.32118505 10.83333333
v 3.64634190 0.64294846 10.83333333
v 3.59324408 0.96280685 10.83333333
v 3.51201417 1.27826862 10.83333333
v 3.40301791 1.58685331 10.83333333
v 3.26684028 1.88611111 10.83333333
v 3.10428286 2.17364226 10.83333333
v 2.91635957 2.44711624 10.83333333
v 2.70429061 2.70429061 10.83333333
v 2.46949477 2.94302927 10.83333333
v 2.21358018 3.16132012 10.83333333
v 1.93833334 3.35729182 10.83333333
v 1.63099344 3.49767672 10.83333333
v 1.31399072 3.61015984 10.83333333
v 0.98983906 3.69412967 10.83333333
v 0.66108504 3.74919960 10.83333333
v 0.33028799 3.77520895 10.83333333
v 0.00000000 3.77222223 10.83333333
v -0.32725367 3.74052662 10.83333333
v -0.64899399 3.68062780 10.83333333
v -0.96280685 3.59324408 10.83333333
v -1.26636125 3.47929894 10.83333333
v -1.55742656 3.33991203 10.83333333
v -1.83388889 3.17638873 10.83333333
v -2.09376643 2.99020835 10.83333333
v -2.33522358 2.78301109 10.83333333
v -2.55658385 2.55658385 10.83333333
v -2.75634140 2.31284505 10.83333333
v -2.93317110 2.05382852 10.83333333
v -3.08593719 1.78166667 10.83333333
v -3.21370028 1.49857305 10.83333333
v -3.31572282 1.20682441 10.83333333
v -3.39147290 0.90874243 10.83333333
v -3.44062650 0.60667528 10.83333333
v -3.46306794 0.30297919 10.83333333
v -3.45888889 0.00000000 10.83333333
v -3.42838561 -0.29994487 10.83333333
v -3.37205470 -0.59458422 10.83333333
v -3.29058732 -0.88171021 10.83333333
v -3.18486192 -1.15919494 10.83333333
v -3.05593559 -1.42500617 10.83333333
v -2.90503411 -1.67722222 10.83333333
v -2.73354071 -1.91404581 10.83333333
v -2.54298383 -2.13381680 10.83333333
v -2.33502373 -2.33502373 10.83333333
v -2.11143826 -2.51631414 10.83333333
v -1.87410790 -2.67650346 10.83333333
v -1.62500000 -2.81458256 10.83333333
v -1.38086604 -2.96127678 10.83333333
v -1.12347283 -3.08671624 10.83333333
v -0.85467800 -3.18970173 10.83333333
v -0.57644764 -3.26919700 10.83333333
v -0.29084194 -3.32433860 10.83333333
v -0.00000000 -3.35444445 10.83333333
v 0.29387625 -3.35902094 10.83333333
v 0.58853869 -3.33776880 10.83333333
v 0.88171021 -3.29058732 10.83333333
v 1.17110231 -3.21757714 10.83333333
v 1.45443292 -3.11904147 10.83333333
v 1.72944445 -2.99548565 10.83333333
v 1.99392164 -2.84761522 10.83333333
v 2.24570945 -2.67633231 10.83333333
v 2.48273048 -2.48273048 10.83333333
v 2.70300201 -2.26808799 10.83333333
v 2.90465247 -2.03385956 10.83333333
v 3.08593719 -1.78166667 10.83333333
v 3.24525322 -1.51328643 10.83333333
v 3.38115327 -1.23063915 10.83333333
v 3.49235849 -0.93577464 10.83333333
v 3.57777010 -0.63085740 10.83333333
v 3.63647961 -0.31815074 10.83333333
v 7.00000000 0.00000000 10.93750000
v 6.66341997 0.58297371 10.93750000
v 6.35322614 1.12024518 10.93750000
v 6.06217783 1.62435565 10.93750000
v 5.78446276 2.10537226 10.93750000
v 5.51518592 2.57177343 10.93750000
v 5.25000000 3.03108891 10.93750000
v 4.98481408 3.49040440 10.93750000
v 4.71553724 3.95680556 10.93750000
v 4.43782217 4.43782217 10.93750000
v 4.14677386 4.94193264 10.93750000
v 3.83658003 5.47920412 10.93750000
v 3.50000000 6.06217783 10.93750000
v 2.82683995 6.06217783 10.93750000
v 2.20645228 6.06217783 10.93750000
v 1.62435565 6.06217783 10.93750000
v 1.06892551 6.06217783 10.93750000
v 0.53037184 6.06217783 10.93750000
v 0.00000000 6.06217783 10.93750000
v -0.53037184 6.06217783 10.93750000
v -1.06892551 6.06217783 10.93750000
v -1.62435565 6.06217783 10.93750000
v -2.20645228 6.06217783 10.93750000
v -2.82683995 6.06217783 10.93750000
v -3.50000000 6.06217783 10.93750000
v -3.83658003 5.47920412 10.93750000
v -4.14677386 4.94193264 10.93750000
v -4.43782217 4.43782217 10.93750000
v -4.71553724 3.95680556 10.93750000
v -4.98481408 3.49040440 10.93750000
v -5.25000000 3.03108891 10.93750000
v -5.51518592 2.57177343 10.93750000
v -5.78446276 2.10537226 10.93750000
v -6.06217783 1.62435565 10.93750000
v -6.35322614 1.12024518 10.93750000
v -6.66341997 0.58297371 10.93750000
v -7.00000000 0.00000000 10.93750000
v -6.66341997 -0.58297371 10.93750000
v -6.35322614 -1.12024518 10.93750000
v -6.06217783 -1.62435565 10.93750000
v -5.78446276 -2.10537226 10.93750000
v -5.51518592 -2.57177343 10.93750000
v -5.25000000 -3.03108891 10.93750000
v -4.98481408 -3.49040440 10.93750000
v -4.71553724 -3.95680556 10.93750000
v -4.43782217 -4.43782217 10.93750000
v -4.14677386 -4.94193264 10.93750000
v -3.83658003 -5.47920412 10.93750000
v -3.50000000 -6.06217783 10.93750000
v -2.82683995 -6.06217783 10.93750000
v -2.20645228 -6.06217783 10.93750000
v -1.62435565 -6.06217783 10.93750000
v -1.06892551 -6.06217783 10.93750000
v -0.53037184 -6.06217783 10.93750000
v -0.00000000 -6.06217783 10.93750000
v 0.53037184 -6.06217783 10.93750000
v 1.06892551 -6.06217783 10.93750000
v 1.62435565 -6.06217783 10.93750000
v 2.20645228 -6.06217783 10.93750000
v 2.82683995 -6.06217783 10.93750000
v 3.50000000 -6.06217783 10.93750000
v 3.83658003 -5.47920412 10.93750000
v 4.14677386 -4.94193264 10.93750000
v 4.43782217 -4.43782217 10.93750000
v 4.71553724 -3.95680556 10.93750000
v 4.98481408 -3.49040440 10.93750000
v 5.25000000 -3.03108891 10.93750000
v 5.51518592 -2.57177343 10.93750000
v 5.78446276 -2.10537226 10.93750000
v 6.06217783 -1.62435565 10.93750000
v 6.35322614 -1.12024518 10.93750000
v 6.66341997 -0.58297371 10.93750000
v 3.56333334 0.00000000 10.93750000
v 3.56711494 0.31208212 10.93750000
v 3.54348420 0.62481187 10.93750000
v 3.49235849 0.93577464 10.93750000
v 3.41386849 1.24254651 10.93750000
v 3.30835910 1.54271318 10.93750000
v 3.17638873 1.83388889 10.93750000
v 3.01872698 2.11373539 10.93750000
v 2.83635048 2.37998065 10.93750000
v 2.63043723 2.63043723 10.93750000
v 2.40235918 2.86302018 10.93750000
v 2.15367330 3.07576424 10.93750000
v 1.88611111 3.26684028 10.93750000
v 1.60156669 3.43457085 10.93750000
v 1.30208336 3.57744462 10.93750000
v 0.98983906 3.69412967 10.93750000
v 0.66713057 3.78348550 10.93750000
v 0.33635661 3.84457362 10.93750000
v 0.00000000 3.87666667 10.93750000
v -0.33635661 3.84457362 10.93750000
v -0.66713057 3.78348550 10.93750000
v -0.98983906 3.69412967 10.93750000
v -1.30208336 3.57744462 10.93750000
v -1.60156669 3.43457085 10.93750000
v -1.88611111 3.26684028 10.93750000
v -2.15367330 3.07576424 10.93750000
v -2.40235918 2.86302018 10.93750000
v -2.63043723 2.63043723 10.93750000
v -2.83635048 2.37998065 10.93750000
v -3.01872698 2.11373539 10.93750000
v -3.17638873 1.83388889 10.93750000
v -3.30835910 1.54271318 10.93750000
v -3.41386849 1.24254651 10.93750000
v -3.49235849 0.93577464 10.93750000
v -3.54348420 0.62481187 10.93750000
v -3.56711494 0.31208212 10.93750000
v -3.56333334 0.00000000 10.93750000
v -3.53243261 -0.30904781 10.93750000
v -3.47491240 -0.61272081 10.93750000
v -3.39147290 -0.90874243 10.93750000
v -3.28300759 -1.19491704 10.93750000
v -3.15059441 -1.46914630 10.93750000
v -2.99548565 -1.72944445 10.93750000
v -2.81909659 -1.97395269 10.93750000
v -2.62299292 -2.20095239 10.93750000
v -2.40887710 -2.40887710 10.93750000
v -2.17857386 -2.59632322 10.93750000
v -1.93401477 -2.76205934 10.93750000
v -1.67722222 -2.90503411 10.93750000
v -1.41029279 -3.02438265 10.93750000
v -1.13538020 -3.11943147 10.93750000
v -0.85467800 -3.18970173 10.93750000
v -0.57040211 -3.23491110 10.93750000
v -0.28477332 -3.25497394 10.93750000
v -0.00000000 -3.25000000 10.93750000
v 0.28477332 -3.25497394 10.93750000
v 0.57040211 -3.23491110 10.93750000
v 0.85467800 -3.18970173 10.93750000
v 1.13538020 -3.11943147 10.93750000
v 1.41029279 -3.02438265 10.93750000
v 1.67722222 -2.90503411 10.93750000
v 1.93401477 -2.76205934 10.93750000
v 2.17857386 -2.59632322 10.93750000
v 2.40887710 -2.40887710 10.93750000
v 2.62299292 -2.20095239 10.93750000
v 2.81909659 -1.97395269 10.93750000
v 2.99548565 -1.72944445 10.93750000
v 3.15059441 -1.46914630 10.93750000
v 3.28300759 -1.19491704 10.93750000
v 3.39147290 -0.90874243 10.93750000
v 3.47491240 -0.61272081 10.93750000
v 3.53243261 -0.30904781 10.93750000
v 7.00000000 0.00000000 11.04166667
v 6.66341997 0.58297371 11.04166667
v 6.35322614 1.12024518 11.04166667
v 6.06217783 1.62435565 11.04166667
v 5.78446276 2.10537226 11.04166667
v 5.51518592 2.57177343 11.04166667
v 5.25000000 3.03108891 11.04166667
v 4.98481408 3.49040440 11.04166667
v 4.71553724 3.95680556 11.04166667
v 4.43782217 4.43782217 11.04166667
v 4.14677386 4.94193264 11.04166667
v 3.83658003 5.47920412 11.04166667
v 3.50000000 6.06217783 11.04166667
v 2.82683995 6.06217783 11.04166667
v 2.20645228 6.06217783 11.04166667
v 1.62435565 6.06217783 11.04166667
v 1.06892551 6.06217783 11.04166667
v 0.53037184 6.06217783 11.04166667
v 0.00000000 6.06217783 11.04166667
v -0.53037184 6.06217783 11.04166667
v -1.06892551 6.06217783 11.04166667
v -1.62435565 6.06217783 11.04166667
v -2.20645228 6.06217783 11.04166667
v -2.82683995 6.06217783 11.04166667
v -3.50000000 6.06217783 11.04166667
v -3.83658003 5.47920412 11.04166667
v -4.14677386 4.94193264 11.04166667
v -4.43782217 4.43782217 11.04166667
v -4.71553724 3.95680556 11.04166667
v -4.98481408 3.49040440 11.04166667
v -5.25000000 3.03108891 11.04166667
v -5.51518592 2.57177343 11.04166667
v -5.78446276 2.10537226 11.04166667
v -6.06217783 1.62435565 11.04166667
v -6.35322614 1.12024518 11.04166667
v -6.66341997 0.58297371 11.04166667
v -7.00000000 0.00000000 11.04166667
v -6.66341997 -0.58297371 11.04166667
v -6.35322614 -1.12024518 11.04166667
v -6.06217783 -1.62435565 11.04166667
v -5.78446276 -2.10537226 11.04166667
v -5.51518592 -2.57177343 11.04166667
v -5.25000000 -3.03108891 11.04166667
v -4.98481408 -3.49040440 11.04166667
v -4.71553724 -3.95680556 11.04166667
v -4.43782217 -4.43782217 11.04166667
v -4.14677386 -4.94193264 11.04166667
v -3.83658003 -5.47920412 11.04166667
v -3.50000000 -6.06217783 11.04166667
v -2.82683995 -6.06217783 11.04166667
v -2.20645228 -6.06217783 11.04166667
v -1.62435565 -6.06217783 11.04166667
v -1.06892551 -6.06217783 11.04166667
v -0.53037184 -6.06217783 11.04166667
v -0.00000000 -6.06217783 11.04166667
v 0.53037184 -6.06217783 11.04166667
v 1.06892551 -6.06217783 11.04166667
v 1.62435565 -6.06217783 11.04166667
v 2.20645228 -6.06217783 11.04166667
v 2.82683995 -6.06217783 11.04166667
v 3.50000000 -6.06217783 11.04166667
v 3.83658003 -5.47920412 11.04166667
v 4.14677386 -4.94193264 11.04166667
v 4.43782217 -4.43782217 11.04166667
v 4.71553724 -3.95680556 11.04166667
v 4.98481408 -3.49040440 11.04166667
v 5.25000000 -3.03108891 11.04166667
v 5.51518592 -2.57177343 11.04166667
v 5.78446276 -2.10537226 11.04166667
v 6.06217783 -1.62435565 11.04166667
v 6.35322614 -1.12024518 11.04166667
v 6.66341997 -0.58297371 11.04166667
v 3.45888889 0.00000000 11.04166667
v 3.46306794 0.30297919 11.04166667
v 3.44062650 0.60667528 11.04166667
v 3.39147290 0.90874243 11.04166667
v 3.31572282 1.20682441 11.04166667
v 3.21370028 1.49857305 11.04166667
v 3.08593719 1.78166667 11.04166667
v 2.93317110 2.05382852 11.04166667
v 2.75634140 2.31284505 11.04166667
v 2.55658385 2.55658385 11.04166667
v 2.33522358 2.78301109 11.04166667
v 2.09376643 2.99020835 11.04166667
v 1.83388889 3.17638873 11.04166667
v 1.55742656 3.33991203 11.04166667
v 1.26636125 3.47929894 11.04166667
v 0.96280685 3.59324408 11.04166667
v 0.64899399 3.68062780 11.04166667
v 0.32725367 3.74052662 11.04166667
v 0.00000000 3.77222223 11.04166667
v -0.33028799 3.77520895 11.04166667
v -0.66108504 3.74919960 11.04166667
v -0.98983906 3.69412967 11.04166667
v -1.31399072 3.61015984 11.04166667
v -1.63099344 3.49767672 11.04166667
v -1.93833334 3.35729182 11.04166667
v -2.21358018 3.16132012 11.04166667
v -2.46949477 2.94302927 11.04166667
v -2.70429061 2.70429061 11.04166667
v -2.91635957 2.44711624 11.04166667
v -3.10428286 2.17364226 11.04166667
v -3.26684028 1.88611111 11.04166667
v -3.40301791 1.58685331 11.04166667
v -3.51201417 1.27826862 11.04166667
v -3.59324408 0.96280685 11.04166667
v -3.64634190 0.64294846 11.04166667
v -3.67116195 0.32118505 11.04166667
v -3.66777778 0.00000000 11.04166667
v -3.63647961 -0.31815074 11.04166667
v -3.57777010 -0.63085740 11.04166667
v -3.49235849 -0.93577464 11.04166667
v -3.38115327 -1.23063915 11.04166667
v -3.24525322 -1.51328643 11.04166667
v -3.08593719 -1.78166667 11.04166667
v -2.90465247 -2.03385956 11.04166667
v -2.70300201 -2.26808799 11.04166667
v -2.48273048 -2.48273048 11.04166667
v -2.24570945 -2.67633231 11.04166667
v -1.99392164 -2.84761522 11.04166667
v -1.72944445 -2.99548565 11.04166667
v -1.45443292 -3.11904147 11.04166667
v -1.17110231 -3.21757714 11.04166667
v -0.88171021 -3.29058732 11.04166667
v -0.58853869 -3.33776880 11.04166667
v -0.29387625 -3.35902094 11.04166667
v -0.00000000 -3.35444445 11.04166667
v 0.29084194 -3.32433860 11.04166667
v 0.57644764 -3.26919700 11.04166667
v 0.85467800 -3.18970173 11.04166667
v 1.12347283 -3.08671624 11.04166667
v 1.38086604 -2.96127678 11.04166667
v 1.62500000 -2.81458256 11.04166667
v 1.87410790 -2.67650346 11.04166667
v 2.11143826 -2.51631414 11.04166667
v 2.33502373 -2.33502373 11.04166667
v 2.54298383 -2.13381680 11.04166667
v 2.73354071 -1.91404581 11.04166667
v 2.90503411 -1.67722222 11.04166667
v 3.05593559 -1.42500617 11.04166667
v 3.18486192 -1.15919494 11.04166667
v 3.29058732 -0.88171021 11.04166667
v 3.37205470 -0.59458422 11.04166667
v 3.42838561 -0.29994487 11.04166667
v 7.00000000 0.00000000 11.14583333
v 6.66341997 0.58297371 11.14583333
v 6.35322614 1.12024518 11.14583333
v 6.06217783 1.62435565 11.14583333
v 5.78446276 2.10537226 11.14583333
v 5.51518592 2.57177343 11.14583333
v 5.25000000 3.03108891 11.14583333
v 4.98481408 3.49040440 11.14583333
v 4.71553724 3.95680556 11.14583333
v 4.43782217 4.43782217 11.14583333
v 4.14677386 4.94193264 11.14583333
v 3.83658003 5.47920412 11.14583333
v 3.50000000 6.06217783 11.14583333
v 2.82683995 6.06217783 11.14583333
v 2.20645228 6.06217783 11.14583333
v 1.62435565 6.06217783 11.14583333
v 1.06892551 6.06217783 11.14583333
v 0.53037184 6.06217783 11.14583333
v 0.00000000 6.06217783 11.14583333
v -0.53037184 6.06217783 11.14583333
v -1.06892551 6.06217783 11.14583333
v -1.62435565 6.06217783 11.14583333
v -2.20645228 6.06217783 11.14583333
v -2.82683995 6.06217783 11.14583333
v -3.50000000 6.06217783 11.14583333
v -3.83658003 5.47920412 11.14583333
v -4.14677386 4.94193264 11.14583333
v -4.43782217 4.43782217 11.14583333
v -4.71553724 3.95680556 11.14583333
v -4.98481408 3.49040440 11.14583333
v -5.25000000 3.03108891 11.14583333
v -5.51518592 2.57177343 11.14583333
v -5.78446276 2.10537226 11.14583333
v -6.06217783 1.62435565 11.14583333
v -6.35322614 1.12024518 11.14583333
v -6.66341997 0.58297371 11.14583333
v -7.00000000 0.00000000 11.14583333
v -6.66341997 -0.58297371 11.14583333
v -6.35322614 -1.12024518 11.14583333
v -6.06217783 -1.62435565 11.14583333
v -5.78446276 -2.10537226 11.14583333
v -5.51518592 -2.57177343 11.14583333
v -5.25000000 -3.03108891 11.14583333
v -4.98481408 -3.49040440 11.14583333
v -4.71553724 -3.95680556 11.14583333
v -4.43782217 -4.43782217 11.14583333
v -4.14677386 -4.94193264 11.14583333
v -3.83658003 -5.47920412 11.14583333
v -3.50000000 -6.06217783 11.14583333
v -2.82683995 -6.06217783 11.14583333
v -2.20645228 -6.06217783 11.14583333
v -1.62435565 -6.06217783 11.14583333
v -1.06892551 -6.06217783 11.14583333
v -0.53037184 -6.06217783 11.14583333
v -0.00000000 -6.06217783 11.14583333
v 0.53037184 -6.06217783 11.14583333
v 1.06892551 -6.06217783 11.14583333
v 1.62435565 -6.06217783 11.14583333
v 2.20645228 -6.06217783 11.14583333
v 2.82683995 -6.06217783 11.14583333
v 3.50000000 -6.06217783 11.14583333
v 3.83658003 -5.47920412 11.14583333
v 4.14677386 -4.94193264 11.14583333
v 4.43782217 -4.43782217 11.14583333
v 4.71553724 -3.95680556 11.14583333
v 4.98481408 -3.49040440 11.14583333
v 5.25000000 -3.03108891 11.14583333
v 5.51518592 -2.57177343 11.14583333
v 5.78446276 -2.10537226 11.14583333
v 6.06217783 -1.62435565 11.14583333
v 6.35322614 -1.12024518 11.14583333
v 6.66341997 -0.58297371 11.14583333
v 3.35444445 0.00000000 11.14583333
v 3.35902094 0.29387625 11.14583333
v 3.33776880 0.58853869 11.14583333
v 3.29058732 0.88171021 11.14583333
v 3.21757714 1.17110231 11.14583333
v 3.11904147 1.45443292 11.14583333
v 2.99548565 1.72944445 11.14583333
v 2.84761522 1.99392164 11.14583333
v 2.67633231 2.24570945 11.14583333
v 2.48273048 2.48273048 11.14583333
v 2.26808799 2.70300201 11.14583333
v 2.03385956 2.90465247 11.14583333
v 1.78166667 3.08593719 11.14583333
v 1.51328643 3.24525322 11.14583333
v 1.23063915 3.38115327 11.14583333
v 0.93577464 3.49235849 11.14583333
v 0.63085740 3.57777010 11.14583333
v 0.31815074 3.63647961 11.14583333
v 0.00000000 3.66777778 11.14583333
v -0.32118505 3.67116195 11.14583333
v -0.64294846 3.64634190 11.14583333
v -0.96280685 3.59324408 11.14583333
v -1.27826862 3.51201417 11.14583333
v -1.58685331 3.40301791 11.14583333
v -1.88611111 3.26684028 11.14583333
v -2.17364226 3.10428286 11.14583333
v -2.44711624 2.91635957 11.14583333
v -2.70429061 2.70429061 11.14583333
v -2.94302927 2.46949477 11.14583333
v -3.16132012 2.21358018 11.14583333
v -3.35729182 1.93833334 11.14583333
v -3.49767672 1.63099344 11.14583333
v -3.61015984 1.31399072 11.14583333
v -3.69412967 0.98983906 11.14583333
v -3.74919960 0.66108504 11.14583333
v -3.77520895 0.33028799 11.14583333
v -3.77222223 0.00000000 11.14583333
v -3.74052662 -0.32725367 11.14583333
v -3.68062780 -0.64899399 11.14583333
v -3.59324408 -0.96280685 11.14583333
v -3.47929894 -1.26636125 11.14583333
v -3.33991203 -1.55742656 11.14583333
v -3.17638873 -1.83388889 11.14583333
v -2.99020835 -2.09376643 11.14583333
v -2.78301109 -2.33522358 11.14583333
v -2.55658385 -2.55658385 11.14583333
v -2.31284505 -2.75634140 11.14583333
v -2.05382852 -2.93317110 11.14583333
v -1.78166667 -3.08593719 11.14583333
v -1.49857305 -3.21370028 11.14583333
v -1.20682441 -3.31572282 11.14583333
v -0.90874243 -3.39147290 11.14583333
v -0.60667528 -3.44062650 11.14583333
v -0.30297919 -3.46306794 11.14583333
v -0.00000000 -3.45888889 11.14583333
v 0.29994487 -3.42838561 11.14583333
v 0.59458422 -3.37205470 11.14583333
v 0.88171021 -3.29058732 11.14583333
v 1.15919494 -3.18486192 11.14583333
v 1.42500617 -3.05593559 11.14583333
v 1.67722222 -2.90503411 11.14583333
v 1.91404581 -2.73354071 11.14583333
v 2.13381680 -2.54298383 11.14583333
v 2.33502373 -2.33502373 11.14583333
v 2.51631414 -2.11143826 11.14583333
v 2.67650346 -1.87410790 11.14583333
v 2.81458256 -1.62500000 11.14583333
v 2.96127678 -1.38086604 11.14583333
v 3.08671624 -1.12347283 11.14583333
v 3.18970173 -0.85467800 11.14583333
v 3.26919700 -0.57644764 11.14583333
v 3.32433860 -0.29084194 11.14583333
v 7.00000000 0.00000000 11.25000000
v 6.66341997 0.58297371 11.25000000
v 6.35322614 1.12024518 11.25000000
v 6.06217783 1.62435565 11.25000000
v 5.78446276 2.10537226 11.25000000
v 5.51518592 2.57177343 11.25000000
v 5.25000000 3.03108891 11.25000000
v 4.98481408 3.49040440 11.25000000
v 4.71553724 3.95680556 11.25000000
v 4.43782217 4.43782217 11.25000000
v 4.14677386 4.94193264 11.25000000
v 3.83658003 5.47920412 11.25000000
v 3.50000000 6.06217783 11.25000000
v 2.82683995 6.06217783 11.25000000
v 2.20645228 6.06217783 11.25000000
v 1.62435565 6.06217783 11.25000000
v 1.06892551 6.06217783 11.25000000
v 0.53037184 6.06217783 11.25000000
v 0.00000000 6.06217783 11.25000000
v -0.53037184 6.06217783 11.25000000
v -1.06892551 6.06217783 11.25000000
v -1.62435565 6.06217783 11.25000000
v -2.20645228 6.06217783 11.25000000
v -2.82683995 6.06217783 11.25000000
v -3.50000000 6.06217783 11.25000000
v -3.83658003 5.47920412 11.25000000
v -4.14677386 4.94193264 11.25000000
v -4.43782217 4.43782217 11.25000000
v -4.71553724 3.95680556 11.25000000
v -4.98481408 3.49040440 11.25000000
v -5.25000000 3.03108891 11.25000000
v -5.51518592 2.57177343 11.25000000
v -5.78446276 2.10537226 11.25000000
v -6.06217783 1.62435565 11.25000000
v -6.35322614 1.12024518 11.25000000
v -6.66341997 0.58297371 11.25000000
v -7.00000000 0.00000000 11.25000000
v -6.66341997 -0.58297371 11.25000000
v -6.35322614 -1.12024518 11.25000000
v -6.06217783 -1.62435565 11.25000000
v -5.78446276 -2.10537226 11.25000000
v -5.51518592 -2.57177343 11.25000000
v -5.25000000 -3.03108891 11.25000000
v -4.98481408 -3.49040440 11.25000000
v -4.71553724 -3.95680556 11.25000000
v -4.43782217 -4.43782217 11.25000000
v -4.14677386 -4.94193264 11.25000000
v -3.83658003 -5.47920412 11.25000000
v -3.50000000 -6.06217783 11.25000000
v -2.82683995 -6.06217783 11.25000000
v -2.20645228 -6.06217783 11.25000000
v -1.62435565 -6.06217783 11.25000000
v -1.06892551 -6.06217783 11.25000000
v -0.53037184 -6.06217783 11.25000000
v -0.00000000 -6.06217783 11.25000000
v 0.53037184 -6.06217783 11.25000000
v 1.06892551 -6.06217783 11.25000000
v 1.62435565 -6.06217783 11.25000000
v 2.20645228 -6.06217783 11.25000000
v 2.82683995 -6.06217783 11.25000000
v 3.50000000 -6.06217783 11.25000000
v 3.83658003 -5.47920412 11.25000000
v 4.14677386 -4.94193264 11.25000000
v 4.43782217 -4.43782217 11.25000000
v 4.71553724 -3.95680556 11.25000000
v 4.98481408 -3.49040440 11.25000000
v 5.25000000 -3.03108891 11.25000000
v 5.51518592 -2.57177343 11.25000000
v 5.78446276 -2.10537226 11.25000000
v 6.06217783 -1.62435565 11.25000000
v 6.35322614 -1.12024518 11.25000000
v 6.66341997 -0.58297371 11.25000000
v 3.25000000 0.00000000 11.25000000
v 3.25497394 0.28477332 11.25000000
v 3.23491110 0.57040211 11.25000000
v 3.18970173 0.85467800 11.25000000
v 3.11943147 1.13538020 11.25000000
v 3.02438265 1.41029279 11.25000000
v 2.90503411 1.67722222 11.25000000
v 2.76205934 1.93401477 11.25000000
v 2.59632322 2.17857386 11.25000000
v 2.40887710 2.40887710 11.25000000
v 2.20095239 2.62299292 11.25000000
v 1.97395269 2.81909659 11.25000000
v 1.72944445 2.99548565 11.25000000
v 1.46914630 3.15059441 11.25000000
v 1.19491704 3.28300759 11.25000000
v 0.90874243 3.39147290 11.25000000
v 0.61272081 3.47491240 11.25000000
v 0.30904781 3.53243261 11.25000000
v 0.00000000 3.56333334 11.25000000
v -0.31208212 3.56711494 11.25000000
v -0.62481187 3.54348420 11.25000000
v -0.93577464 3.49235849 11.25000000
v -1.24254651 3.41386849 11.25000000
v -1.54271318 3.30835910 11.25000000
v -1.83388889 3.17638873 11.25000000
v -2.11373539 3.01872698 11.25000000
v -2.37998065 2.83635048 11.25000000
v -2.63043723 2.63043723 11.25000000
v -2.86302018 2.40235918 11.25000000
v -3.07576424 2.15367330 11.25000000
v -3.26684028 1.88611111 11.25000000
v -3.43457085 1.60156669 11.25000000
v -3.57744462 1.30208336 11.25000000
v -3.69412967 0.98983906 11.25000000
v -3.78348550 0.66713057 11.25000000
v -3.84457362 0.33635661 11.25000000
v -3.87666667 0.00000000 11.25000000
v -3.84457362 -0.33635661 11.25000000
v -3.78348550 -0.66713057 11.25000000
v -3.69412967 -0.98983906 11.25000000
v -3.57744462 -1.30208336 11.25000000
v -3.43457085 -1.60156669 11.25000000
v -3.26684028 -1.88611111 11.25000000
v -3.07576424 -2.15367330 11.25000000
v -2.86302018 -2.40235918 11.25000000
v -2.63043723 -2.63043723 11.25000000
v -2.37998065 -2.83635048 11.25000000
v -2.11373539 -3.01872698 11.25000000
v -1.83388889 -3.17638873 11.25000000
v -1.54271318 -3.30835910 11.25000000
v -1.24254651 -3.41386849 11.25000000
v -0.93577464 -3.49235849 11.25000000
v -0.62481187 -3.54348420 11.25000000
v -0.31208212 -3.56711494 11.25000000
v -0.00000000 -3.56333334 11.25000000
v 0.30904781 -3.53243261 11.25000000
v 0.61272081 -3.47491240 11.25000000
v 0.90874243 -3.39147290 11.25000000
v 1.19491704 -3.28300759 11.25000000
v 1.46914630 -3.15059441 11.25000000
v 1.72944445 -2.99548565 11.25000000
v 1.97395269 -2.81909659 11.25000000
v 2.20095239 -2.62299292 11.25000000
v 2.40887710 -2.40887710 11.25000000
v 2.59632322 -2.17857386 11.25000000
v 2.76205934 -1.93401477 11.25000000
v 2.90503411 -1.67722222 11.25000000
v 3.02438265 -1.41029279 11.25000000
v 3.11943147 -1.13538020 11.25000000
v 3.18970173 -0.85467800 11.25000000
v 3.23491110 -0.57040211 11.25000000
v 3.25497394 -0.28477332 11.25000000
v 7.00000000 0.00000000 11.35416667
v 6.66341997 0.58297371 11.35416667
v 6.35322614 1.12024518 11.35416667
v 6.06217783 1.62435565 11.35416667
v 5.78446276 2.10537226 11.35416667
v 5.51518592 2.57177343 11.35416667
v 5.25000000 3.03108891 11.35416667
v 4.98481408 3.49040440 11.35416667
v 4.71553724 3.95680556 11.35416667
v 4.43782217 4.43782217 11.35416667
v 4.14677386 4.94193264 11.35416667
v 3.83658003 5.47920412 11.35416667
v 3.50000000 6.06217783 11.35416667
v 2.82683995 6.06217783 11.35416667
v 2.20645228 6.06217783 11.35416667
v 1.62435565 6.06217783 11.35416667
v 1.06892551 6.06217783 11.35416667
v 0.53037184 6.06217783 11.35416667
v 0.00000000 6.06217783 11.35416667
v -0.53037184 6.06217783 11.35416667
v -1.06892551 6.06217783 11.35416667
v -1.62435565 6.06217783 11.35416667
v -2.20645228 6.06217783 11.35416667
v -2.82683995 6.06217783 11.35416667
v -3.50000000 6.06217783 11.35416667
v -3.83658003 5.47920412 11.35416667
v -4.14677386 4.94193264 11.35416667
v -4.43782217 4.43782217 11.35416667
v -4.71553724 3.95680556 11.35416667
v -4.98481408 3.49040440 11.35416667
v -5.25000000 3.03108891 11.35416667
v -5.51518592 2.57177343 11.35416667
v -5.78446276 2.10537226 11.35416667
v -6.06217783 1.62435565 11.35416667
v -6.35322614 1.12024518 11.35416667
v -6.66341997 0.58297371 11.35416667
v -7.00000000 0.00000000 11.35416667
v -6.66341997 -0.58297371 11.35416667
v -6.35322614 -1.12024518 11.35416667
v -6.06217783 -1.62435565 11.35416667
v -5.78446276 -2.10537226 11.35416667
v -5.51518592 -2.57177343 11.35416667
v -5.25000000 -3.03108891 11.35416667
v -4.98481408 -3.49040440 11.35416667
v -4.71553724 -3.95680556 11.35416667
v -4.43782217 -4.43782217 11.35416667
v -4.14677386 -4.94193264 11.35416667
v -3.83658003 -5.47920412 11.35416667
v -3.50000000 -6.06217783 11.35416667
v -2.82683995 -6.06217783 11.35416667
v -2.20645228 -6.06217783 11.35416667
v -1.62435565 -6.06217783 11.35416667
v -1.06892551 -6.06217783 11.35416667
v -0.53037184 -6.06217783 11.35416667
v -0.00000000 -6.06217783 11.35416667
v 0.53037184 -6.06217783 11.35416667
v 1.06892551 -6.06217783 11.35416667
v 1.62435565 -6.06217783 11.35416667
v 2.20645228 -6.06217783 11.35416667
v 2.82683995 -6.06217783 11.35416667
v 3.50000000 -6.06217783 11.35416667
v 3.83658003 -5.47920412 11.35416667
v 4.14677386 -4.94193264 11.35416667
v 4.43782217 -4.43782217 11.35416667
v 4.71553724 -3.95680556 11.35416667
v 4.98481408 -3.49040440 11.35416667
v 5.25000000 -3.03108891 11.35416667
v 5.51518592 -2.57177343 11.35416667
v 5.78446276 -2.10537226 11.35416667
v 6.06217783 -1.62435565 11.35416667
v 6.35322614 -1.12024518 11.35416667
v 6.66341997 -0.58297371 11.35416667
v 3.35444445 0.00000000 11.35416667
v 3.32433860 0.29084194 11.35416667
v 3.26919700 0.57644764 11.35416667
v 3.18970173 0.85467800 11.35416667
v 3.08671624 1.12347283 11.35416667
v 2.96127678 1.38086604 11.35416667
v 2.81458256 1.62500000 11.35416667
v 2.67650346 1.87410790 11.35416667
v 2.51631414 2.11143826 11.35416667
v 2.33502373 2.33502373 11.35416667
v 2.13381680 2.54298383 11.35416667
v 1.91404581 2.73354071 11.35416667
v 1.67722222 2.90503411 11.35416667
v 1.42500617 3.05593559 11.35416667
v 1.15919494 3.18486192 11.35416667
v 0.88171021 3.29058732 11.35416667
v 0.59458422 3.37205470 11.35416667
v 0.29994487 3.42838561 11.35416667
v 0.00000000 3.45888889 11.35416667
v -0.30297919 3.46306794 11.35416667
v -0.60667528 3.44062650 11.35416667
v -0.90874243 3.39147290 11.35416667
v -1.20682441 3.31572282 11.35416667
v -1.49857305 3.21370028 11.35416667
v -1.78166667 3.08593719 11.35416667
v -2.05382852 2.93317110 11.35416667
v -2.31284505 2.75634140 11.35416667
v -2.55658385 2.55658385 11.35416667
v -2.78301109 2.33522358 11.35416667
v -2.99020835 2.09376643 11.35416667
v -3.17638873 1.83388889 11.35416667
v -3.33991203 1.55742656 11.35416667
v -3.47929894 1.26636125 11.35416667
v -3.59324408 0.96280685 11.35416667
v -3.68062780 0.64899399 11.35416667
v -3.74052662 0.32725367 11.35416667
v -3.77222223 0.00000000 11.35416667
v -3.77520895 -0.33028799 11.35416667
v -3.74919960 -0.66108504 11.35416667
v -3.69412967 -0.98983906 11.35416667
v -3.61015984 -1.31399072 11.35416667
v -3.49767672 -1.63099344 11.35416667
v -3.35729182 -1.93833334 11.35416667
v -3.16132012 -2.21358018 11.35416667
v -2.94302927 -2.46949477 11.35416667
v -2.70429061 -2.70429061 11.35416667
v -2.44711624 -2.91635957 11.35416667
v -2.17364226 -3.10428286 11.35416667
v -1.88611111 -3.26684028 11.35416667
v -1.58685331 -3.40301791 11.35416667
v -1.27826862 -3.51201417 11.35416667
v -0.96280685 -3.59324408 11.35416667
v -0.64294846 -3.64634190 11.35416667
v -0.32118505 -3.67116195 11.35416667
v -0.00000000 -3.66777778 11.35416667
v 0.31815074 -3.63647961 11.35416667
v 0.63085740 -3.57777010 11.35416667
v 0.93577464 -3.49235849 11.35416667
v 1.23063915 -3.38115327 11.35416667
v 1.51328643 -3.24525322 11.35416667
v 1.78166667 -3.08593719 11.35416667
v 2.03385956 -2.90465247 11.35416667
v 2.26808799 -2.70300201 11.35416667
v 2.48273048 -2.48273048 11.35416667
v 2.67633231 -2.24570945 11.35416667
v 2.84761522 -1.99392164 11.35416667
v 2.99548565 -1.72944445 11.35416667
v 3.11904147 -1.45443292 11.35416667
v 3.21757714 -1.17110231 11.35416667
v 3.29058732 -0.88171021 11.35416667
v 3.33776880 -0.58853869 11.35416667
v 3.35902094 -0.29387625 11.35416667
v 7.00000000 0.00000000 11.45833333
v 6.66341997 0.58297371 11.45833333
v 6.35322614 1.12024518 11.45833333
v 6.06217783 1.62435565 11.45833333
v 5.78446276 2.10537226 11.45833333
v 5.51518592 2.57177343 11.45833333
v 5.25000000 3.03108891 11.45833333
v 4.98481408 3.49040440 11.45833333
v 4.71553724 3.95680556 11.45833333
v 4.43782217 4.43782217 11.45833333
v 4.14677386 4.94193264 11.45833333
v 3.83658003 5.47920412 11.45833333
v 3.50000000 6.06217783 11.45833333
v 2.82683995 6.06217783 11.45833333
v 2.20645228 6.06217783 11.45833333
v 1.62435565 6.06217783 11.45833333
v 1.06892551 6.06217783 11.45833333
v 0.53037184 6.06217783 11.45833333
v 0.00000000 6.06217783 11.45833333
v -0.53037184 6.06217783 11.45833333
v -1.06892551 6.06217783 11.45833333
v -1.62435565 6.06217783 11.45833333
v -2.20645228 6.06217783 11.45833333
v -2.82683995 6.06217783 11.45833333
v -3.50000000 6.06217783 11.45833333
v -3.83658003 5.47920412 11.45833333
v -4.14677386 4.94193264 11.45833333
v -4.43782217 4.43782217 11.45833333
v -4.71553724 3.95680556 11.45833333
v -4.98481408 3.49040440 11.45833333
v -5.25000000 3.03108891 11.45833333
v -5.51518592 2.57177343 11.45833333
v -5.78446276 2.10537226 11.45833333
v -6.06217783 1.62435565 11.45833333
v -6.35322614 1.12024518 11.45833333
v -6.66341997 0.58297371 11.45833333
v -7.00000000 0.00000000 11.45833333
v -6.66341997 -0.58297371 11.45833333
v -6.35322614 -1.12024518 11.45833333
v -6.06217783 -1.62435565 11.45833333
v -5.78446276 -2.10537226 11.45833333
v -5.51518592 -2.57177343 11.45833333
v -5.25000000 -3.03108891 11.45833333
v -4.98481408 -3.49040440 11.45833333
v -4.71553724 -3.95680556 11.45833333
v -4.43782217 -4.43782217 11.45833333
v -4.14677386 -4.94193264 11.45833333
v -3.83658003 -5.47920412 11.45833333
v -3.50000000 -6.06217783 11.45833333
v -2.82683995 -6.06217783 11.45833333
v -2.20645228 -6.06217783 11.45833333
v -1.62435565 -6.06217783 11.45833333
v -1.06892551 -6.06217783 11.45833333
v -0.53037184 -6.06217783 11.45833333
v -0.00000000 -6.06217783 11.45833333
v 0.53037184 -6.06217783 11.45833333
v 1.06892551 -6.06217783 11.45833333
v 1.62435565 -6.06217783 11.45833333
v 2.20645228 -6.06217783 11.45833333
v 2.82683995 -6.06217783 11.45833333
v 3.50000000 -6.06217783 11.45833333
v 3.83658003 -5.47920412 11.45833333
v 4.14677386 -4.94193264 11.45833333
v 4.43782217 -4.43782217 11.45833333
v 4.71553724 -3.95680556 11.45833333
v 4.98481408 -3.49040440 11.45833333
v 5.25000000 -3.03108891 11.45833333
v 5.51518592 -2.57177343 11.45833333
v 5.78446276 -2.10537226 11.45833333
v 6.06217783 -1.62435565 11.45833333
v 6.35322614 -1.12024518 11.45833333
v 6.66341997 -0.58297371 11.45833333
v 3.45888889 0.00000000 11.45833333
v 3.42838561 0.29994487 11.45833333
v 3.37205470 0.59458422 11.45833333
v 3.29058732 0.88171021 11.45833333
v 3.18486192 1.15919494 11.45833333
v 3.05593559 1.42500617 11.45833333
v 2.90503411 1.67722222 11.45833333
v 2.73354071 1.91404581 11.45833333
v 2.54298383 2.13381680 11.45833333
v 2.33502373 2.33502373 11.45833333
v 2.11143826 2.51631414 11.45833333
v 1.87410790 2.67650346 11.45833333
v 1.62500000 2.81458256 11.45833333
v 1.38086604 2.96127678 11.45833333
v 1.12347283 3.08671624 11.45833333
v 0.85467800 3.18970173 11.45833333
v 0.57644764 3.26919700 11.45833333
v 0.29084194 3.32433860 11.45833333
v 0.00000000 3.35444445 11.45833333
v -0.29387625 3.35902094 11.45833333
v -0.58853869 3.33776880 11.45833333
v -0.88171021 3.29058732 11.45833333
v -1.17110231 3.21757714 11.45833333
v -1.45443292 3.11904147 11.45833333
v -1.72944445 2.99548565 11.45833333
v -1.99392164 2.84761522 11.45833333
v -2.24570945 2.67633231 11.45833333
v -2.48273048 2.48273048 11.45833333
v -2.70300201 2.26808799 11.45833333
v -2.90465247 2.03385956 11.45833333
v -3.08593719 1.78166667 11.45833333
v -3.24525322 1.51328643 11.45833333
v -3.38115327 1.23063915 11.45833333
v -3.49235849 0.93577464 11.45833333
v -3.57777010 0.63085740 11.45833333
v -3.63647961 0.31815074 11.45833333
v -3.66777778 0.00000000 11.45833333
v -3.67116195 -0.32118505 11.45833333
v -3.64634190 -0.64294846 11.45833333
v -3.59324408 -0.96280685 11.45833333
v -3.51201417 -1.27826862 11.45833333
v -3.40301791 -1.58685331 11.45833333
v -3.26684028 -1.88611111 11.45833333
v -3.10428286 -2.17364226 11.45833333
v -2.91635957 -2.44711624 11.45833333
v -2.70429061 -2.70429061 11.45833333
v -2.46949477 -2.94302927 11.45833333
v -2.21358018 -3.16132012 11.45833333
v -1.93833334 -3.35729182 11.45833333
v -1.63099344 -3.49767672 11.45833333
v -1.31399072 -3.61015984 11.45833333
v -0.98983906 -3.69412967 11.45833333
v -0.66108504 -3.74919960 11.45833333
v -0.33028799 -3.77520895 11.45833333
v -0.00000000 -3.77222223 11.45833333
v 0.32725367 -3.74052662 11.45833333
v 0.64899399 -3.68062780 11.45833333
v 0.96280685 -3.59324408 11.45833333
v 1.26636125 -3.47929894 11.45833333
v 1.55742656 -3.33991203 11.45833333
v 1.83388889 -3.17638873 11.45833333
v 2.09376643 -2.99020835 11.45833333
v 2.33522358 -2.78301109 11.45833333
v 2.55658385 -2.55658385 11.45833333
v 2.75634140 -2.31284505 11.45833333
v 2.93317110 -2.05382852 11.45833333
v 3.08593719 -1.78166667 11.45833333
v 3.21370028 -1.49857305 11.45833333
v 3.31572282 -1.20682441 11.45833333
v 3.39147290 -0.90874243 11.45833333
v 3.44062650 -0.60667528 11.45833333
v 3.46306794 -0.30297919 11.45833333
v 7.00000000 0.00000000 11.56250000
v 6.66341997 0.58297371 11.56250000
v 6.35322614 1.12024518 11.56250000
v 6.06217783 1.62435565 11.56250000
v 5.78446276 2.10537226 11.56250000
v 5.51518592 2.57177343 11.56250000
v 5.25000000 3.03108891 11.56250000
v 4.98481408 3.49040440 11.56250000
v 4.71553724 3.95680556 11.56250000
v 4.43782217 4.43782217 11.56250000
v 4.14677386 4.94193264 11.56250000
v 3.83658003 5.47920412 11.56250000
v 3.50000000 6.06217783 11.56250000
v 2.82683995 6.06217783 11.56250000
v 2.20645228 6.06217783 11.56250000
v 1.62435565 6.06217783 11.56250000
v 1.06892551 6.06217783 11.56250000
v 0.53037184 6.06217783 11.56250000
v 0.00000000 6.06217783 11.56250000
v -0.53037184 6.06217783 11.56250000
v -1.06892551 6.06217783 11.56250000
v -1.62435565 6.06217783 11.56250000
v -2.20645228 6.06217783 11.56250000
v -2.82683995 6.06217783 11.56250000
v -3.50000000 6.06217783 11.56250000
v -3.83658003 5.47920412 11.56250000
v -4.14677386 4.94193264 11.56250000
v -4.43782217 4.43782217 11.56250000
v -4.71553724 3.95680556 11.56250000
v -4.98481408 3.49040440 11.56250000
v -5.25000000 3.03108891 11.56250000
v -5.51518592 2.57177343 11.56250000
v -5.78446276 2.10537226 11.56250000
v -6.06217783 1.62435565 11.56250000
v -6.35322614 1.12024518 11.56250000
v -6.66341997 0.58297371 11.56250000
v -7.00000000 0.00000000 11.56250000
v -6.66341997 -0.58297371 11.56250000
v -6.35322614 -1.12024518 11.56250000
v -6.06217783 -1.62435565 11.56250000
v -5.78446276 -2.10537226 11.56250000
v -5.51518592 -2.57177343 11.56250000
v -5.25000000 -3.03108891 11.56250000
v -4.98481408 -3.49040440 11.56250000
v -4.71553724 -3.95680556 11.56250000
v -4.43782217 -4.43782217 11.56250000
v -4.14677386 -4.94193264 11.56250000
v -3.83658003 -5.47920412 11.56250000
v -3.50000000 -6.06217783 11.56250000
v -2.82683995 -6.06217783 11.56250000
v -2.20645228 -6.06217783 11.56250000
v -1.62435565 -6.06217783 11.56250000
v -1.06892551 -6.06217783 11.56250000
v -0.53037184 -6.06217783 11.56250000
v -0.00000000 -6.06217783 11.56250000
v 0.53037184 -6.06217783 11.56250000
v 1.06892551 -6.06217783 11.56250000
v 1.62435565 -6.06217783 11.56250000
v 2.20645228 -6.06217783 11.56250000
v 2.82683995 -6.06217783 11.56250000
v 3.50000000 -6.06217783 11.56250000
v 3.83658003 -5.47920412 11.56250000
v 4.14677386 -4.94193264 11.56250000
v 4.43782217 -4.43782217 11.56250000
v 4.71553724 -3.95680556 11.56250000
v 4.98481408 -3.49040440 11.56250000
v 5.25000000 -3.03108891 11.56250000
v 5.51518592 -2.57177343 11.56250000
v 5.78446276 -2.10537226 11.56250000
v 6.06217783 -1.62435565 11.56250000
v 6.35322614 -1.12024518 11.56250000
v 6.66341997 -0.58297371 11.56250000
v 3.56333334 0.00000000 11.56250000
v 3.53243261 0.30904781 11.56250000
v 3.47491240 0.61272081 11.56250000
v 3.39147290 0.90874243 11.56250000
v 3.28300759 1.19491704 11.56250000
v 3.15059441 1.46914630 11.56250000
v 2.99548565 1.72944445 11.56250000
v 2.81909659 1.97395269 11.56250000
v 2.62299292 2.20095239 11.56250000
v 2.40887710 2.40887710 11.56250000
v 2.17857386 2.59632322 11.56250000
v 1.93401477 2.76205934 11.56250000
v 1.67722222 2.90503411 11.56250000
v 1.41029279 3.02438265 11.56250000
v 1.13538020 3.11943147 11.56250000
v 0.85467800 3.18970173 11.56250000
v 0.57040211 3.23491110 11.56250000
v 0.28477332 3.25497394 11.56250000
v 0.00000000 3.25000000 11.56250000
v -0.28477332 3.25497394 11.56250000
v -0.57040211 3.23491110 11.56250000
v -0.85467800 3.18970173 11.56250000
v -1.13538020 3.11943147 11.56250000
v -1.41029279 3.02438265 11.56250000
v -1.67722222 2.90503411 11.56250000
v -1.93401477 2.76205934 11.56250000
v -2.17857386 2.59632322 11.56250000
v -2.40887710 2.40887710 11.56250000
v -2.62299292 2.20095239 11.56250000
v -2.81909659 1.97395269 11.56250000
v -2.99548565 1.72944445 11.56250000
v -3.15059441 1.46914630 11.56250000
v -3.28300759 1.19491704 11.56250000
v -3.39147290 0.90874243 11.56250000
v -3.47491240 0.61272081 11.56250000
v -3.53243261 0.30904781 11.56250000
v -3.56333334 0.00000000 11.56250000
v -3.56711494 -0.31208212 11.56250000
v -3.54348420 -0.62481187 11.56250000
v -3.49235849 -0.93577464 11.56250000
v -3.41386849 -1.24254651 11.56250000
v -3.30835910 -1.54271318 11.56250000
v -3.17638873 -1.83388889 11.56250000
v -3.01872698 -2.11373539 11.56250000
v -2.83635048 -2.37998065 11.56250000
v -2.63043723 -2.63043723 11.56250000
v -2.40235918 -2.86302018 11.56250000
v -2.15367330 -3.07576424 11.56250000
v -1.88611111 -3.26684028 11.56250000
v -1.60156669 -3.43457085 11.56250000
v -1.30208336 -3.57744462 11.56250000
v -0.98983906 -3.69412967 11.56250000
v -0.66713057 -3.78348550 11.56250000
v -0.33635661 -3.84457362 11.56250000
v -0.00000000 -3.87666667 11.56250000
v 0.33635661 -3.84457362 11.56250000
v 0.66713057 -3.78348550 11.56250000
v 0.98983906 -3.69412967 11.56250000
v 1.30208336 -3.57744462 11.56250000
v 1.60156669 -3.43457085 11.56250000
v 1.88611111 -3.26684028 11.56250000
v 2.15367330 -3.07576424 11.56250000
v 2.40235918 -2.86302018 11.56250000
v 2.63043723 -2.63043723 11.56250000
v 2.83635048 -2.37998065 11.56250000
v 3.01872698 -2.11373539 11.56250000
v 3.17638873 -1.83388889 11.56250000
v 3.30835910 -1.54271318 11.56250000
v 3.41386849 -1.24254651 11.56250000
v 3.49235849 -0.93577464 11.56250000
v 3.54348420 -0.62481187 11.56250000
v 3.56711494 -0.31208212 11.56250000
v 7.00000000 0.00000000 11.66666667
v 6.66341997 0.58297371 11.66666667
v 6.35322614 1.12024518 11.66666667
v 6.06217783 1.62435565 11.66666667
v 5.78446276 2.10537226 11.66666667
v 5.51518592 2.57177343 11.66666667
v 5.25000000 3.03108891 11.66666667
v 4.98481408 3.49040440 11.66666667
v 4.71553724 3.95680556 11.66666667
v 4.43782217 4.43782217 11.66666667
v 4.14677386 4.94193264 11.66666667
v 3.83658003 5.47920412 11.66666667
v 3.50000000 6.06217783 11.66666667
v 2.82683995 6.06217783 11.66666667
v 2.20645228 6.06217783 11.66666667
v 1.62435565 6.06217783 11.66666667
v 1.06892551 6.06217783 11.66666667
v 0.53037184 6.06217783 11.66666667
v 0.00000000 6.06217783 11.66666667
v -0.53037184 6.06217783 11.66666667
v -1.06892551 6.06217783 11.66666667
v -1.62435565 6.06217783 11.66666667
v -2.20645228 6.06217783 11.66666667
v -2.82683995 6.06217783 11.66666667
v -3.50000000 6.06217783 11.66666667
v -3.83658003 5.47920412 11.66666667
v -4.14677386 4.94193264 11.66666667
v -4.43782217 4.43782217 11.66666667
v -4.71553724 3.95680556 11.66666667
v -4.98481408 3.49040440 11.66666667
v -5.25000000 3.03108891 11.66666667
v -5.51518592 2.57177343 11.66666667
v -5.78446276 2.10537226 11.66666667
v -6.06217783 1.62435565 11.66666667
v -6.35322614 1.12024518 11.66666667
v -6.66341997 0.58297371 11.66666667
v -7.00000000 0.00000000 11.66666667
v -6.66341997 -0.58297371 11.66666667
v -6.35322614 -1.12024518 11.66666667
v -6.06217783 -1.62435565 11.66666667
v -5.78446276 -2.10537226 11.66666667
v -5.51518592 -2.57177343 11.66666667
v -5.25000000 -3.03108891 11.66666667
v -4.98481408 -3.49040440 11.66666667
v -4.71553724 -3.95680556 11.66666667
v -4.43782217 -4.43782217 11.66666667
v -4.14677386 -4.94193264 11.66666667
v -3.83658003 -5.47920412 11.66666667
v -3.50000000 -6.06217783 11.66666667
v -2.82683995 -6.06217783 11.66666667
v -2.20645228 -6.06217783 11.66666667
v -1.62435565 -6.06217783 11.66666667
v -1.06892551 -6.06217783 11.66666667
v -0.53037184 -6.06217783 11.66666667
v -0.00000000 -6.06217783 11.66666667
v 0.53037184 -6.06217783 11.66666667
v 1.06892551 -6.06217783 11.66666667
v 1.62435565 -6.06217783 11.66666667
v 2.20645228 -6.06217783 11.66666667
v 2.82683995 -6.06217783 11.66666667
v 3.50000000 -6.06217783 11.66666667
v 3.83658003 -5.47920412 11.66666667
v 4.14677386 -4.94193264 11.66666667
v 4.43782217 -4.43782217 11.66666667
v 4.71553724 -3.95680556 11.66666667
v 4.98481408 -3.49040440 11.66666667
v 5.25000000 -3.03108891 11.66666667
v 5.51518592 -2.57177343 11.66666667
v 5.78446276 -2.10537226 11.66666667
v 6.06217783 -1.62435565 11.66666667
v 6.35322614 -1.12024518 11.66666667
v 6.66341997 -0.58297371 11.66666667
v 3.66777778 0.00000000 11.66666667
v 3.63647961 0.31815074 11.66666667
v 3.57777010 0.63085740 11.66666667
v 3.49235849 0.93577464 11.66666667
v 3.38115327 1.23063915 11.66666667
v 3.24525322 1.51328643 11.66666667
v 3.08593719 1.78166667 11.66666667
v 2.90465247 2.03385956 11.66666667
v 2.70300201 2.26808799 11.66666667
v 2.48273048 2.48273048 11.66666667
v 2.24570945 2.67633231 11.66666667
v 1.99392164 2.84761522 11.66666667
v 1.72944445 2.99548565 11.66666667
v 1.45443292 3.11904147 11.66666667
v 1.17110231 3.21757714 11.66666667
v 0.88171021 3.29058732 11.66666667
v 0.58853869 3.33776880 11.66666667
v 0.29387625 3.35902094 11.66666667
v 0.00000000 3.35444445 11.66666667
v -0.29084194 3.32433860 11.66666667
v -0.57644764 3.26919700 11.66666667
v -0.85467800 3.18970173 11.66666667
v -1.12347283 3.08671624 11.66666667
v -1.38086604 2.96127678 11.66666667
v -1.62500000 2.81458256 11.66666667
v -1.87410790 2.67650346 11.66666667
v -2.11143826 2.51631414 11.66666667
v -2.33502373 2.33502373 11.66666667
v -2.54298383 2.13381680 11.66666667
v -2.73354071 1.91404581 11.66666667
v -2.90503411 1.67722222 11.66666667
v -3.05593559 1.42500617 11.66666667
v -3.18486192 1.15919494 11.66666667
v -3.29058732 0.88171021 11.66666667
v -3.37205470 0.59458422 11.66666667
v -3.42838561 0.29994487 11.66666667
v -3.45888889 0.00000000 11.66666667
v -3.46306794 -0.30297919 11.66666667
v -3.44062650 -0.60667528 11.66666667
v -3.39147290 -0.90874243 11.66666667
v -3.31572282 -1.20682441 11.66666667
v -3.21370028 -1.49857305 11.66666667
v -3.08593719 -1.78166667 11.66666667
v -2.93317110 -2.05382852 11.66666667
v -2.75634140 -2.31284505 11.66666667
v -2.55658385 -2.55658385 11.66666667
v -2.33522358 -2.78301109 11.66666667
v -2.09376643 -2.99020835 11.66666667
v -1.83388889 -3.17638873 11.66666667
v -1.55742656 -3.33991203 11.66666667
v -1.26636125 -3.47929894 11.66666667
v -0.96280685 -3.59324408 11.66666667
v -0.64899399 -3.68062780 11.66666667
v -0.32725367 -3.74052662 11.66666667
v -0.00000000 -3.77222223 11.66666667
v 0.33028799 -3.77520895 11.66666667
v 0.66108504 -3.74919960 11.66666667
v 0.98983906 -3.69412967 11.66666667
v 1.31399072 -3.61015984 11.66666667
v 1.63099344 -3.49767672 11.66666667
v 1.93833334 -3.35729182 11.66666667
v 2.21358018 -3.16132012 11.66666667
v 2.46949477 -2.94302927 11.66666667
v 2.70429061 -2.70429061 11.66666667
v 2.91635957 -2.44711624 11.66666667
v 3.10428286 -2.17364226 11.66666667
v 3.26684028 -1.88611111 11.66666667
v 3.40301791 -1.58685331 11.66666667
v 3.51201417 -1.27826862 11.66666667
v 3.59324408 -0.96280685 11.66666667
v 3.64634190 -0.64294846 11.66666667
v 3.67116195 -0.32118505 11.66666667
v 7.00000000 0.00000000 11.77083333
v 6.66341997 0.58297371 11.77083333
v 6.35322614 1.12024518 11.77083333
v 6.06217783 1.62435565 11.77083333
v 5.78446276 2.10537226 11.77083333
v 5.51518592 2.57177343 11.77083333
v 5.25000000 3.03108891 11.77083333
v 4.98481408 3.49040440 11.77083333
v 4.71553724 3.95680556 11.77083333
v 4.43782217 4.43782217 11.77083333
v 4.14677386 4.94193264 11.77083333
v 3.83658003 5.47920412 11.77083333
v 3.50000000 6.06217783 11.77083333
v 2.82683995 6.06217783 11.77083333
v 2.20645228 6.06217783 11.77083333
v 1.62435565 6.06217783 11.77083333
v 1.06892551 6.06217783 11.77083333
v 0.53037184 6.06217783 11.77083333
v 0.00000000 6.06217783 11.77083333
v -0.53037184 6.06217783 11.77083333
v -1.06892551 6.06217783 11.77083333
v -1.62435565 6.06217783 11.77083333
v -2.20645228 6.06217783 11.77083333
v -2.82683995 6.06217783 11.77083333
v -3.50000000 6.06217783 11.77083333
v -3.83658003 5.47920412 11.77083333
v -4.14677386 4.94193264 11.77083333
v -4.43782217 4.43782217 11.77083333
v -4.71553724 3.95680556 11.77083333
v -4.98481408 3.49040440 11.77083333
v -5.25000000 3.03108891 11.77083333
v -5.51518592 2.57177343 11.77083333
v -5.78446276 2.10537226 11.77083333
v -6.06217783 1.62435565 11.77083333
v -6.35322614 1.12024518 11.77083333
v -6.66341997 0.58297371 11.77083333
v -7.00000000 0.00000000 11.77083333
v -6.66341997 -0.58297371 11.77083333
v -6.35322614 -1.12024518 11.77083333
v -6.06217783 -1.62435565 11.77083333
v -5.78446276 -2.10537226 11.77083333
v -5.51518592 -2.57177343 11.77083333
v -5.25000000 -3.03108891 11.77083333
v -4.98481408 -3.49040440 11.77083333
v -4.71553724 -3.95680556 11.77083333
v -4.43782217 -4.43782217 11.77083333
v -4.14677386 -4.94193264 11.77083333
v -3.83658003 -5.47920412 11.77083333
v -3.50000000 -6.06217783 11.77083333
v -2.82683995 -6.06217783 11.77083333
v -2.20645228 -6.06217783 11.77083333
v -1.62435565 -6.06217783 11.77083333
v -1.06892551 -6.06217783 11.77083333
v -0.53037184 -6.06217783 11.77083333
v -0.00000000 -6.06217783 11.77083333
v 0.53037184 -6.06217783 11.77083333
v 1.06892551 -6.06217783 11.77083333
v 1.62435565 -6.06217783 11.77083333
v 2.20645228 -6.06217783 11.77083333
v 2.82683995 -6.06217783 11.77083333
v 3.50000000 -6.06217783 11.77083333
v 3.83658003 -5.47920412 11.77083333
v 4.14677386 -4.94193264 11.77083333
v 4.43782217 -4.43782217 11.77083333
v 4.71553724 -3.95680556 11.77083333
v 4.98481408 -3.49040440 11.77083333
v 5.25000000 -3.03108891 11.77083333
v 5.51518592 -2.57177343 11.77083333
v 5.78446276 -2.10537226 11.77083333
v 6.06217783 -1.62435565 11.77083333
v 6.35322614 -1.12024518 11.77083333
v 6.66341997 -0.58297371 11.77083333
v 3.77222223 0.00000000 11.77083333
v 3.74052662 0.32725367 11.77083333
v 3.68062780 0.64899399 11.77083333
v 3.59324408 0.96280685 11.77083333
v 3.47929894 1.26636125 11.77083333
v 3.33991203 1.55742656 11.77083333
v 3.17638873 1.83388889 11.77083333
v 2.99020835 2.09376643 11.77083333
v 2.78301109 2.33522358 11.77083333
v 2.55658385 2.55658385 11.77083333
v 2.31284505 2.75634140 11.77083333
v 2.05382852 2.93317110 11.77083333
v 1.78166667 3.08593719 11.77083333
v 1.49857305 3.21370028 11.77083333
v 1.20682441 3.31572282 11.77083333
v 0.90874243 3.39147290 11.77083333
v 0.60667528 3.44062650 11.77083333
v 0.30297919 3.46306794 11.77083333
v 0.00000000 3.45888889 11.77083333
v -0.29994487 3.42838561 11.77083333
v -0.59458422 3.37205470 11.77083333
v -0.88171021 3.29058732 11.77083333
v -1.15919494 3.18486192 11.77083333
v -1.42500617 3.05593559 11.77083333
v -1.67722222 2.90503411 11.77083333
v -1.91404581 2.73354071 11.77083333
v -2.13381680 2.54298383 11.77083333
v -2.33502373 2.33502373 11.77083333
v -2.51631414 2.11143826 11.77083333
v -2.67650346 1.87410790 11.77083333
v -2.81458256 1.62500000 11.77083333
v -2.96127678 1.38086604 11.77083333
v -3.08671624 1.12347283 11.77083333
v -3.18970173 0.85467800 11.77083333
v -3.26919700 0.57644764 11.77083333
v -3.32433860 0.29084194 11.77083333
v -3.35444445 0.00000000 11.77083333
v -3.35902094 -0.29387625 11.77083333
v -3.33776880 -0.58853869 11.77083333
v -3.29058732 -0.88171021 11.77083333
v -3.21757714 -1.17110231 11.77083333
v -3.11904147 -1.45443292 11.77083333
v -2.99548565 -1.72944445 11.77083333
v -2.84761522 -1.99392164 11.77083333
v -2.67633231 -2.24570945 11.77083333
v -2.48273048 -2.48273048 11.77083333
v -2.26808799 -2.70300201 11.77083333
v -2.03385956 -2.90465247 11.77083333
v -1.78166667 -3.08593719 11.77083333
v -1.51328643 -3.24525322 11.77083333
v -1.23063915 -3.38115327 11.77083333
v -0.93577464 -3.49235849 11.77083333
v -0.63085740 -3.57777010 11.77083333
v -0.31815074 -3.63647961 11.77083333
v -0.00000000 -3.66777778 11.77083333
v 0.32118505 -3.67116195 11.77083333
v 0.64294846 -3.64634190 11.77083333
v 0.96280685 -3.59324408 11.77083333
v 1.27826862 -3.51201417 11.77083333
v 1.58685331 -3.40301791 11.77083333
v 1.88611111 -3.26684028 11.77083333
v 2.17364226 -3.10428286 11.77083333
v 2.44711624 -2.91635957 11.77083333
v 2.70429061 -2.70429061 11.77083333
v 2.94302927 -2.46949477 11.77083333
v 3.16132012 -2.21358018 11.77083333
v 3.35729182 -1.93833334 11.77083333
v 3.49767672 -1.63099344 11.77083333
v 3.61015984 -1.31399072 11.77083333
v 3.69412967 -0.98983906 11.77083333
v 3.74919960 -0.66108504 11.77083333
v 3.77520895 -0.33028799 11.77083333
v 7.00000000 0.00000000 11.87500000
v 6.66341997 0.58297371 11.87500000
v 6.35322614 1.12024518 11.87500000
v 6.06217783 1.62435565 11.87500000
v 5.78446276 2.10537226 11.87500000
v 5.51518592 2.57177343 11.87500000
v 5.25000000 3.03108891 11.87500000
v 4.98481408 3.49040440 11.87500000
v 4.71553724 3.95680556 11.87500000
v 4.43782217 4.43782217 11.87500000
v 4.14677386 4.94193264 11.87500000
v 3.83658003 5.47920412 11.87500000
v 3.50000000 6.06217783 11.87500000
v 2.82683995 6.06217783 11.87500000
v 2.20645228 6.06217783 11.87500000
v 1.62435565 6.06217783 11.87500000
v 1.06892551 6.06217783 11.87500000
v 0.53037184 6.06217783 11.87500000
v 0.00000000 6.06217783 11.87500000
v -0.53037184 6.06217783 11.87500000
v -1.06892551 6.06217783 11.87500000
v -1.62435565 6.06217783 11.87500000
v -2.20645228 6.06217783 11.87500000
v -2.82683995 6.06217783 11.87500000
v -3.50000000 6.06217783 11.87500000
v -3.83658003 5.47920412 11.87500000
v -4.14677386 4.94193264 11.87500000
v -4.43782217 4.43782217 11.87500000
v -4.71553724 3.95680556 11.87500000
v -4.98481408 3.49040440 11.87500000
v -5.25000000 3.03108891 11.87500000
v -5.51518592 2.57177343 11.87500000
v -5.78446276 2.10537226 11.87500000
v -6.06217783 1.62435565 11.87500000
v -6.35322614 1.12024518 11.87500000
v -6.66341997 0.58297371 11.87500000
v -7.00000000 0.00000000 11.87500000
v -6.66341997 -0.58297371 11.87500000
v -6.35322614 -1.12024518 11.87500000
v -6.06217783 -1.62435565 11.87500000
v -5.78446276 -2.10537226 11.87500000
v -5.51518592 -2.57177343 11.87500000
v -5.25000000 -3.03108891 11.87500000
v -4.98481408 -3.49040440 11.87500000
v -4.71553724 -3.95680556 11.87500000
v -4.43782217 -4.43782217 11.87500000
v -4.14677386 -4.94193264 11.87500000
v -3.83658003 -5.47920412 11.87500000
v -3.50000000 -6.06217783 11.87500000
v -2.82683995 -6.06217783 11.87500000
v -2.20645228 -6.06217783 11.87500000
v -1.62435565 -6.06217783 11.87500000
v -1.06892551 -6.06217783 11.87500000
v -0.53037184 -6.06217783 11.87500000
v -0.00000000 -6.06217783 11.87500000
v 0.53037184 -6.06217783 11.87500000
v 1.06892551 -6.06217783 11.87500000
v 1.62435565 -6.06217783 11.87500000
v 2.20645228 -6.06217783 11.87500000
v 2.82683995 -6.06217783 11.87500000
v 3.50000000 -6.06217783 11.87500000
v 3.83658003 -5.47920412 11.87500000
v 4.14677386 -4.94193264 11.87500000
v 4.43782217 -4.43782217 11.87500000
v 4.71553724 -3.95680556 11.87500000
v 4.98481408 -3.49040440 11.87500000
v 5.25000000 -3.03108891 11.87500000
v 5.51518592 -2.57177343 11.87500000
v 5.78446276 -2.10537226 11.87500000
v 6.06217783 -1.62435565 11.87500000
v 6.35322614 -1.12024518 11.87500000
v 6.66341997 -0.58297371 11.87500000
v 3.87666667 0.00000000 11.87500000
v 3.84457362 0.33635661 11.87500000
v 3.78348550 0.66713057 11.87500000
v 3.69412967 0.98983906 11.87500000
v 3.57744462 1.30208336 11.87500000
v 3.43457085 1.60156669 11.87500000
v 3.26684028 1.88611111 11.87500000
v 3.07576424 2.15367330 11.87500000
v 2.86302018 2.40235918 11.87500000
v 2.63043723 2.63043723 11.87500000
v 2.37998065 2.83635048 11.87500000
v 2.11373539 3.01872698 11.87500000
v 1.83388889 3.17638873 11.87500000
v 1.54271318 3.30835910 11.87500000
v 1.24254651 3.41386849 11.87500000
v 0.93577464 3.49235849 11.87500000
v 0.62481187 3.54348420 11.87500000
v 0.31208212 3.56711494 11.87500000
v 0.00000000 3.56333334 11.87500000
v -0.30904781 3.53243261 11.87500000
v -0.61272081 3.47491240 11.87500000
v -0.90874243 3.39147290 11.87500000
v -1.19491704 3.28300759 11.87500000
v -1.46914630 3.15059441 11.87500000
v -1.72944445 2.99548565 11.87500000
v -1.97395269 2.81909659 11.87500000
v -2.20095239 2.62299292 11.87500000
v -2.40887710 2.40887710 11.87500000
v -2.59632322 2.17857386 11.87500000
v -2.76205934 1.93401477 11.87500000
v -2.90503411 1.67722222 11.87500000
v -3.02438265 1.41029279 11.87500000
v -3.11943147 1.13538020 11.87500000
v -3.18970173 0.85467800 11.87500000
v -3.23491110 0.57040211 11.87500000
v -3.25497394 0.28477332 11.87500000
v -3.25000000 0.00000000 11.87500000
v -3.25497394 -0.28477332 11.87500000
v -3.23491110 -0.57040211 11.87500000
v -3.18970173 -0.85467800 11.87500000
v -3.11943147 -1.13538020 11.87500000
v -3.02438265 -1.41029279 11.87500000
v -2.90503411 -1.67722222 11.87500000
v -2.76205934 -1.93401477 11.87500000
v -2.59632322 -2.17857386 11.87500000
v -2.40887710 -2.40887710 11.87500000
v -2.20095239 -2.62299292 11.87500000
v -1.97395269 -2.81909659 11.87500000
v -1.72944445 -2.99548565 11.87500000
v -1.46914630 -3.15059441 11.87500000
v -1.19491704 -3.28300759 11.87500000
v -0.90874243 -3.39147290 11.87500000
v -0.61272081 -3.47491240 11.87500000
v -0.30904781 -3.53243261 11.87500000
v -0.00000000 -3.56333334 11.87500000
v 0.31208212 -3.56711494 11.87500000
v 0.62481187 -3.54348420 11.87500000
v 0.93577464 -3.49235849 11.87500000
v 1.24254651 -3.41386849 11.87500000
v 1.54271318 -3.30835910 11.87500000
v 1.83388889 -3.17638873 11.87500000
v 2.11373539 -3.01872698 11.87500000
v 2.37998065 -2.83635048 11.87500000
v 2.63043723 -2.63043723 11.87500000
v 2.86302018 -2.40235918 11.87500000
v 3.07576424 -2.15367330 11.87500000
v 3.26684028 -1.88611111 11.87500000
v 3.43457085 -1.60156669 11.87500000
v 3.57744462 -1.30208336 11.87500000
v 3.69412967 -0.98983906 11.87500000
v 3.78348550 -0.66713057 11.87500000
v 3.84457362 -0.33635661 11.87500000
v 7.00000000 0.00000000 11.97916667
v 6.66341997 0.58297371 11.97916667
v 6.35322614 1.12024518 11.97916667
v 6.06217783 1.62435565 11.97916667
v 5.78446276 2.10537226 11.97916667
v 5.51518592 2.57177343 11.97916667
v 5.25000000 3.03108891 11.97916667
v 4.98481408 3.49040440 11.97916667
v 4.71553724 3.95680556 11.97916667
v 4.43782217 4.43782217 11.97916667
v 4.14677386 4.94193264 11.97916667
v 3.83658003 5.47920412 11.97916667
v 3.50000000 6.06217783 11.97916667
v 2.82683995 6.06217783 11.97916667
v 2.20645228 6.06217783 11.97916667
v 1.62435565 6.06217783 11.97916667
v 1.06892551 6.06217783 11.97916667
v 0.53037184 6.06217783 11.97916667
v 0.00000000 6.06217783 11.97916667
v -0.53037184 6.06217783 11.97916667
v -1.06892551 6.06217783 11.97916667
v -1.62435565 6.06217783 11.97916667
v -2.20645228 6.06217783 11.97916667
v -2.82683995 6.06217783 11.97916667
v -3.50000000 6.06217783 11.97916667
v -3.83658003 5.47920412 11.97916667
v -4.14677386 4.94193264 11.97916667
v -4.43782217 4.43782217 11.97916667
v -4.71553724 3.95680556 11.97916667
v -4.98481408 3.49040440 11.97916667
v -5.25000000 3.03108891 11.97916667
v -5.51518592 2.57177343 11.97916667
v -5.78446276 2.10537226 11.97916667
v -6.06217783 1.62435565 11.97916667
v -6.35322614 1.12024518 11.97916667
v -6.66341997 0.58297371 11.97916667
v -7.00000000 0.00000000 11.97916667
v -6.66341997 -0.58297371 11.97916667
v -6.35322614 -1.12024518 11.97916667
v -6.06217783 -1.62435565 11.97916667
v -5.78446276 -2.10537226 11.97916667
v -5.51518592 -2.57177343 11.97916667
v -5.25000000 -3.03108891 11.97916667
v -4.98481408 -3.49040440 11.97916667
v -4.71553724 -3.95680556 11.97916667
v -4.43782217 -4.43782217 11.97916667
v -4.14677386 -4.94193264 11.97916667
v -3.83658003 -5.47920412 11.97916667
v -3.50000000 -6.06217783 11.97916667
v -2.82683995 -6.06217783 11.97916667
v -2.20645228 -6.06217783 11.97916667
v -1.62435565 -6.06217783 11.97916667
v -1.06892551 -6.06217783 11.97916667
v -0.53037184 -6.06217783 11.97916667
v -0.00000000 -6.06217783 11.97916667
v 0.53037184 -6.06217783 11.97916667
v 1.06892551 -6.06217783 11.97916667
v 1.62435565 -6.06217783 11.97916667
v 2.20645228 -6.06217783 11.97916667
v 2.82683995 -6.06217783 11.97916667
v 3.50000000 -6.06217783 11.97916667
v 3.83658003 -5.47920412 11.97916667
v 4.14677386 -4.94193264 11.97916667
v 4.43782217 -4.43782217 11.97916667
v 4.71553724 -3.95680556 11.97916667
v 4.98481408 -3.49040440 11.97916667
v 5.25000000 -3.03108891 11.97916667
v 5.51518592 -2.57177343 11.97916667
v 5.78446276 -2.10537226 11.97916667
v 6.06217783 -1.62435565 11.97916667
v 6.35322614 -1.12024518 11.97916667
v 6.66341997 -0.58297371 11.97916667
v 3.77222223 0.00000000 11.97916667
v 3.77520895 0.33028799 11.97916667
v 3.74919960 0.66108504 11.97916667
v 3.69412967 0.98983906 11.97916667
v 3.61015984 1.31399072 11.97916667
v 3.49767672 1.63099344 11.97916667
v 3.35729182 1.93833334 11.97916667
v 3.16132012 2.21358018 11.97916667
v 2.94302927 2.46949477 11.97916667
v 2.70429061 2.70429061 11.97916667
v 2.44711624 2.91635957 11.97916667
v 2.17364226 3.10428286 11.97916667
v 1.88611111 3.26684028 11.97916667
v 1.58685331 3.40301791 11.97916667
v 1.27826862 3.51201417 11.97916667
v 0.96280685 3.59324408 11.97916667
v 0.64294846 3.64634190 11.97916667
v 0.32118505 3.67116195 11.97916667
v 0.00000000 3.66777778 11.97916667
v -0.31815074 3.63647961 11.97916667
v -0.63085740 3.57777010 11.97916667
v -0.93577464 3.49235849 11.97916667
v -1.23063915 3.38115327 11.97916667
v -1.51328643 3.24525322 11.97916667
v -1.78166667 3.08593719 11.97916667
v -2.03385956 2.90465247 11.97916667
v -2.26808799 2.70300201 11.97916667
v -2.48273048 2.48273048 11.97916667
v -2.67633231 2.24570945 11.97916667
v -2.84761522 1.99392164 11.97916667
v -2.99548565 1.72944445 11.97916667
v -3.11904147 1.45443292 11.97916667
v -3.21757714 1.17110231 11.97916667
v -3.29058732 0.88171021 11.97916667
v -3.33776880 0.58853869 11.97916667
v -3.35902094 0.29387625 11.97916667
v -3.35444445 0.00000000 11.97916667
v -3.32433860 -0.29084194 11.97916667
v -3.26919700 -0.57644764 11.97916667
v -3.18970173 -0.85467800 11.97916667
v -3.08671624 -1.12347283 11.97916667
v -2.96127678 -1.38086604 11.97916667
v -2.81458256 -1.62500000 11.97916667
v -2.67650346 -1.87410790 11.97916667
v -2.51631414 -2.11143826 11.97916667
v -2.33502373 -2.33502373 11.97916667
v -2.13381680 -2.54298383 11.97916667
v -1.91404581 -2.73354071 11.97916667
v -1.67722222 -2.90503411 11.97916667
v -1.42500617 -3.05593559 11.97916667
v -1.15919494 -3.18486192 11.97916667
v -0.88171021 -3.29058732 11.97916667
v -0.59458422 -3.37205470 11.97916667
v -0.29994487 -3.42838561 11.97916667
v -0.00000000 -3.45888889 11.97916667
v 0.30297919 -3.46306794 11.97916667
v 0.60667528 -3.44062650 11.97916667
v 0.90874243 -3.39147290 11.97916667
v 1.20682441 -3.31572282 11.97916667
v 1.49857305 -3.21370028 11.97916667
v 1.78166667 -3.08593719 11.97916667
v 2.05382852 -2.93317110 11.97916667
v 2.31284505 -2.75634140 11.97916667
v 2.55658385 -2.55658385 11.97916667
v 2.78301109 -2.33522358 11.97916667
v 2.99020835 -2.09376643 11.97916667
v 3.17638873 -1.83388889 11.97916667
v 3.33991203 -1.55742656 11.97916667
v 3.47929894 -1.26636125 11.97916667
v 3.59324408 -0.96280685 11.97916667
v 3.68062780 -0.64899399 11.97916667
v 3.74052662 -0.32725367 11.97916667
v 7.00000000 0.00000000 12.08333333
v 6.66341997 0.58297371 12.08333333
v 6.35322614 1.12024518 12.08333333
v 6.06217783 1.62435565 12.08333333
v 5.78446276 2.10537226 12.08333333
v 5.51518592 2.57177343 12.08333333
v 5.25000000 3.03108891 12.08333333
v 4.98481408 3.49040440 12.08333333
v 4.71553724 3.95680556 12.08333333
v 4.43782217 4.43782217 12.08333333
v 4.14677386 4.94193264 12.08333333
v 3.83658003 5.47920412 12.08333333
v 3.50000000 6.06217783 12.08333333
v 2.82683995 6.06217783 12.08333333
v 2.20645228 6.06217783 12.08333333
v 1.62435565 6.06217783 12.08333333
v 1.06892551 6.06217783 12.08333333
v 0.53037184 6.06217783 12.08333333
v 0.00000000 6.06217783 12.08333333
v -0.53037184 6.06217783 12.08333333
v -1.06892551 6.06217783 12.08333333
v -1.62435565 6.06217783 12.08333333
v -2.20645228 6.06217783 12.08333333
v -2.82683995 6.06217783 12.08333333
v -3.50000000 6.06217783 12.08333333
v -3.83658003 5.47920412 12.08333333
v -4.14677386 4.94193264 12.08333333
v -4.43782217 4.43782217 12.08333333
v -4.71553724 3.95680556 12.08333333
v -4.98481408 3.49040440 12.08333333
v -5.25000000 3.03108891 12.08333333
v -5.51518592 2.57177343 12.08333333
v -5.78446276 2.10537226 12.08333333
v -6.06217783 1.62435565 12.08333333
v -6.35322614 1.12024518 12.08333333
v -6.66341997 0.58297371 12.08333333
v -7.00000000 0.00000000 12.08333333
v -6.66341997 -0.58297371 12.08333333
v -6.35322614 -1.12024518 12.08333333
v -6.06217783 -1.62435565 12.08333333
v -5.78446276 -2.10537226 12.08333333
v -5.51518592 -2.57177343 12.08333333
v -5.25000000 -3.03108891 12.08333333
v -4.98481408 -3.49040440 12.08333333
v -4.71553724 -3.95680556 12.08333333
v -4.43782217 -4.43782217 12.08333333
v -4.14677386 -4.94193264 12.08333333
v -3.83658003 -5.47920412 12.08333333
v -3.50000000 -6.06217783 12.08333333
v -2.82683995 -6.06217783 12.08333333
v -2.20645228 -6.06217783 12.08333333
v -1.62435565 -6.06217783 12.08333333
v -1.06892551 -6.06217783 12.08333333
v -0.53037184 -6.06217783 12.08333333
v -0.00000000 -6.06217783 12.08333333
v 0.53037184 -6.06217783 12.08333333
v 1.06892551 -6.06217783 12.08333333
v 1.62435565 -6.06217783 12.08333333
v 2.20645228 -6.06217783 12.08333333
v 2.82683995 -6.06217783 12.08333333
v 3.50000000 -6.06217783 12.08333333
v 3.83658003 -5.47920412 12.08333333
v 4.14677386 -4.94193264 12.08333333
v 4.43782217 -4.43782217 12.08333333
v 4.71553724 -3.95680556 12.08333333
v 4.98481408 -3.49040440 12.08333333
v 5.25000000 -3.03108891 12.08333333
v 5.51518592 -2.57177343 12.08333333
v 5.78446276 -2.10537226 12.08333333
v 6.06217783 -1.62435565 12.08333333
v 6.35322614 -1.12024518 12.08333333
v 6.66341997 -0.58297371 12.08333333
v 3.66777778 0.00000000 12.08333333
v 3.67116195 0.32118505 12.08333333
v 3.64634190 0.64294846 12.08333333
v 3.59324408 0.96280685 12.08333333
v 3.51201417 1.27826862 12.08333333
v 3.40301791 1.58685331 12.08333333
v 3.26684028 1.88611111 12.08333333
v 3.10428286 2.17364226 12.08333333
v 2.91635957 2.44711624 12.08333333
v 2.70429061 2.70429061 12.08333333
v 2.46949477 2.94302927 12.08333333
v 2.21358018 3.16132012 12.08333333
v 1.93833334 3.35729182 12.08333333
v 1.63099344 3.49767672 12.08333333
v 1.31399072 3.61015984 12.08333333
v 0.98983906 3.69412967 12.08333333
v 0.66108504 3.74919960 12.08333333
v 0.33028799 3.77520895 12.08333333
v 0.00000000 3.77222223 12.08333333
v -0.32725367 3.74052662 12.08333333
v -0.64899399 3.68062780 12.08333333
v -0.96280685 3.59324408 12.08333333
v -1.26636125 3.47929894 12.08333333
v -1.55742656 3.33991203 12.08333333
v -1.83388889 3.17638873 12.08333333
v -2.09376643 2.99020835 12.08333333
v -2.33522358 2.78301109 12.08333333
v -2.55658385 2.55658385 12.08333333
v -2.75634140 2.31284505 12.08333333
v -2.93317110 2.05382852 12.08333333
v -3.08593719 1.78166667 12.08333333
v -3.21370028 1.49857305 12.08333333
v -3.31572282 1.20682441 12.08333333
v -3.39147290 0.90874243 12.08333333
v -3.44062650 0.60667528 12.08333333
v -3.46306794 0.30297919 12.08333333
v -3.45888889 0.00000000 12.08333333
v -3.42838561 -0.29994487 12.08333333
v -3.37205470 -0.59458422 12.08333333
v -3.29058732 -0.88171021 12.08333333
v -3.18486192 -1.15919494 12.08333333
v -3.05593559 -1.42500617 12.08333333
v -2.90503411 -1.67722222 12.08333333
v -2.73354071 -1.91404581 12.08333333
v -2.54298383 -2.13381680 12.08333333
v -2.33502373 -2.33502373 12.08333333
v -2.11143826 -2.51631414 12.08333333
v -1.87410790 -2.67650346 12.08333333
v -1.62500000 -2.81458256 12.08333333
v -1.38086604 -2.96127678 12.08333333
v -1.12347283 -3.08671624 12.08333333
v -0.85467800 -3.18970173 12.08333333
v -0.57644764 -3.26919700 12.08333333
v -0.29084194 -3.32433860 12.08333333
v -0.00000000 -3.35444445 12.08333333
v 0.29387625 -3.35902094 12.08333333
v 0.58853869 -3.33776880 12.08333333
v 0.88171021 -3.29058732 12.08333333
v 1.17110231 -3.21757714 12.08333333
v 1.45443292 -3.11904147 12.08333333
v 1.72944445 -2.99548565 12.08333333
v 1.99392164 -2.84761522 12.08333333
v 2.24570945 -2.67633231 12.08333333
v 2.48273048 -2.48273048 12.08333333
v 2.70300201 -2.26808799 12.08333333
v 2.90465247 -2.03385956 12.08333333
v 3.08593719 -1.78166667 12.08333333
v 3.24525322 -1.51328643 12.08333333
v 3.38115327 -1.23063915 12.08333333
v 3.49235849 -0.93577464 12.08333333
v 3.57777010 -0.63085740 12.08333333
v 3.63647961 -0.31815074 12.08333333
v 7.00000000 0.00000000 12.18750000
v 6.66341997 0.58297371 12.18750000
v 6.35322614 1.12024518 12.18750000
v 6.06217783 1.62435565 12.18750000
v 5.78446276 2.10537226 12.18750000
v 5.51518592 2.57177343 12.18750000
v 5.25000000 3.03108891 12.18750000
v 4.98481408 3.49040440 12.18750000
v 4.71553724 3.95680556 12.18750000
v 4.43782217 4.43782217 12.18750000
v 4.14677386 4.94193264 12.18750000
v 3.83658003 5.47920412 12.18750000
v 3.50000000 6.06217783 12.18750000
v 2.82683995 6.06217783 12.18750000
v 2.20645228 6.06217783 12.18750000
v 1.62435565 6.06217783 12.18750000
v 1.06892551 6.06217783 12.18750000
v 0.53037184 6.06217783 12.18750000
v 0.00000000 6.06217783 12.18750000
v -0.53037184 6.06217783 12.18750000
v -1.06892551 6.06217783 12.18750000
v -1.62435565 6.06217783 12.18750000
v -2.20645228 6.06217783 12.18750000
v -2.82683995 6.06217783 12.18750000
v -3.50000000 6.06217783 12.18750000
v -3.83658003 5.47920412 12.18750000
v -4.14677386 4.94193264 12.18750000
v -4.43782217 4.43782217 12.18750000
v -4.71553724 3.95680556 12.18750000
v -4.98481408 3.49040440 12.18750000
v -5.25000000 3.03108891 12.18750000
v -5.51518592 2.57177343 12.18750000
v -5.78446276 2.10537226 12.18750000
v -6.06217783 1.62435565 12.18750000
v -6.35322614 1.12024518 12.18750000
v -6.66341997 0.58297371 12.18750000
v -7.00000000 0.00000000 12.18750000
v -6.66341997 -0.58297371 12.18750000
v -6.35322614 -1.12024518 12.18750000
v -6.06217783 -1.62435565 12.18750000
v -5.78446276 -2.10537226 12.18750000
v -5.51518592 -2.57177343 12.18750000
v -5.25000000 -3.03108891 12.18750000
v -4.98481408 -3.49040440 12.18750000
v -4.71553724 -3.95680556 12.18750000
v -4.43782217 -4.43782217 12.18750000
v -4.14677386 -4.94193264 12.18750000
v -3.83658003 -5.47920412 12.18750000
v -3.50000000 -6.06217783 12.18750000
v -2.82683995 -6.06217783 12.18750000
v -2.20645228 -6.06217783 12.18750000
v -1.62435565 -6.06217783 12.18750000
v -1.06892551 -6.06217783 12.18750000
v -0.53037184 -6.06217783 12.18750000
v -0.00000000 -6.06217783 12.18750000
v 0.53037184 -6.06217783 12.18750000
v 1.06892551 -6.06217783 12.18750000
v 1.62435565 -6.06217783 12.18750000
v 2.20645228 -6.06217783 12.18750000
v 2.82683995 -6.06217783 12.18750000
v 3.50000000 -6.06217783 12.18750000
v 3.83658003 -5.47920412 12.18750000
v 4.14677386 -4.94193264 12.18750000
v 4.43782217 -4.43782217 12.18750000
v 4.71553724 -3.95680556 12.18750000
v 4.98481408 -3.49040440 12.18750000
v 5.25000000 -3.03108891 12.18750000
v 5.51518592 -2.57177343 12.18750000
v 5.78446276 -2.10537226 12.18750000
v 6.06217783 -1.62435565 12.18750000
v 6.35322614 -1.12024518 12.18750000
v 6.66341997 -0.58297371 12.18750000
v 3.56333334 0.00000000 12.18750000
v 3.56711494 0.31208212 12.18750000
v 3.54348420 0.62481187 12.18750000
v 3.49235849 0.93577464 12.18750000
v 3.41386849 1.24254651 12.18750000
v 3.30835910 1.54271318 12.18750000
v 3.17638873 1.83388889 12.18750000
v 3.01872698 2.11373539 12.18750000
v 2.83635048 2.37998065 12.18750000
v 2.63043723 2.63043723 12.18750000
v 2.40235918 2.86302018 12.18750000
v 2.15367330 3.07576424 12.18750000
v 1.88611111 3.26684028 12.18750000
v 1.60156669 3.43457085 12.18750000
v 1.30208336 3.57744462 12.18750000
v 0.98983906 3.69412967 12.18750000
v 0.66713057 3.78348550 12.18750000
v 0.33635661 3.84457362 12.18750000
v 0.00000000 3.87666667 12.18750000
v -0.33635661 3.84457362 12.18750000
v -0.66713057 3.78348550 12.18750000
v -0.98983906 3.69412967 12.18750000
v -1.30208336 3.57744462 12.18750000
v -1.60156669 3.43457085 12.18750000
v -1.88611111 3.26684028 12.18750000
v -2.15367330 3.07576424 12.18750000
v -2.40235918 2.86302018 12.18750000
v -2.63043723 2.63043723 12.18750000
v -2.83635048 2.37998065 12.18750000
v -3.01872698 2.11373539 12.18750000
v -3.17638873 1.83388889 12.18750000
v -3.30835910 1.54271318 12.18750000
v -3.41386849 1.24254651 12.18750000
v -3.49235849 0.93577464 12.18750000
v -3.54348420 0.62481187 12.18750000
v -3.56711494 0.31208212 12.18750000
v -3.56333334 0.00000000 12.18750000
v -3.53243261 -0.30904781 12.18750000
v -3.47491240 -0.61272081 12.18750000
v -3.39147290 -0.90874243 12.18750000
v -3.28300759 -1.19491704 12.18750000
v -3.15059441 -1.46914630 12.18750000
v -2.99548565 -1.72944445 12.18750000
v -2.81909659 -1.97395269 12.18750000
v -2.62299292 -2.20095239 12.18750000
v -2.40887710 -2.40887710 12.18750000
v -2.17857386 -2.59632322 12.18750000
v -1.93401477 -2.76205934 12.18750000
v -1.67722222 -2.90503411 12.18750000
v -1.41029279 -3.02438265 12.18750000
v -1.13538020 -3.11943147 12.18750000
v -0.85467800 -3.18970173 12.18750000
v -0.57040211 -3.23491110 12.18750000
v -0.28477332 -3.25497394 12.18750000
v -0.00000000 -3.25000000 12.18750000
v 0.28477332 -3.25497394 12.18750000
v 0.57040211 -3.23491110 12.18750000
v 0.85467800 -3.18970173 12.18750000
v 1.13538020 -3.11943147 12.18750000
v 1.41029279 -3.02438265 12.18750000
v 1.67722222 -2.90503411 12.18750000
v 1.93401477 -2.76205934 12.18750000
v 2.17857386 -2.59632322 12.18750000
v 2.40887710 -2.40887710 12.18750000
v 2.62299292 -2.20095239 12.18750000
v 2.81909659 -1.97395269 12.18750000
v 2.99548565 -1.72944445 12.18750000
v 3.15059441 -1.46914630 12.18750000
v 3.28300759 -1.19491704 12.18750000
v 3.39147290 -0.90874243 12.18750000
v 3.47491240 -0.61272081 12.18750000
v 3.53243261 -0.30904781 12.18750000
v 7.00000000 0.00000000 12.29166667
v 6.66341997 0.58297371 12.29166667
v 6.35322614 1.12024518 12.29166667
v 6.06217783 1.62435565 12.29166667
v 5.78446276 2.10537226 12.29166667
v 5.51518592 2.57177343 12.29166667
v 5.25000000 3.03108891 12.29166667
v 4.98481408 3.49040440 12.29166667
v 4.71553724 3.95680556 12.29166667
v 4.43782217 4.43782217 12.29166667
v 4.14677386 4.94193264 12.29166667
v 3.83658003 5.47920412 12.29166667
v 3.50000000 6.06217783 12.29166667
v 2.82683995 6.06217783 12.29166667
v 2.20645228 6.06217783 12.29166667
v 1.62435565 6.06217783 12.29166667
v 1.06892551 6.06217783 12.29166667
v 0.53037184 6.06217783 12.29166667
v 0.00000000 6.06217783 12.29166667
v -0.53037184 6.06217783 12.29166667
v -1.06892551 6.06217783 12.29166667
v -1.62435565 6.06217783 12.29166667
v -2.20645228 6.06217783 12.29166667
v -2.82683995 6.06217783 12.29166667
v -3.50000000 6.06217783 12.29166667
v -3.83658003 5.47920412 12.29166667
v -4.14677386 4.94193264 12.29166667
v -4.43782217 4.43782217 12.29166667
v -4.71553724 3.95680556 12.29166667
v -4.98481408 3.49040440 12.29166667
v -5.25000000 3.03108891 12.29166667
v -5.51518592 2.57177343 12.29166667
v -5.78446276 2.10537226 12.29166667
v -6.06217783 1.62435565 12.29166667
v -6.35322614 1.12024518 12.29166667
v -6.66341997 0.58297371 12.29166667
v -7.00000000 0.00000000 12.29166667
v -6.66341997 -0.58297371 12.29166667
v -6.35322614 -1.12024518 12.29166667
v -6.06217783 -1.62435565 12.29166667
v -5.78446276 -2.10537226 12.29166667
v -5.51518592 -2.57177343 12.29166667
v -5.25000000 -3.03108891 12.29166667
v -4.98481408 -3.49040440 12.29166667
v -4.71553724 -3.95680556 12.29166667
v -4.43782217 -4.43782217 12.29166667
v -4.14677386 -4.94193264 12.29166667
v -3.83658003 -5.47920412 12.29166667
v -3.50000000 -6.06217783 12.29166667
v -2.82683995 -6.06217783 12.29166667
v -2.20645228 -6.06217783 12.29166667
v -1.62435565 -6.06217783 12.29166667
v -1.06892551 -6.06217783 12.29166667
v -0.53037184 -6.06217783 12.29166667
v -0.00000000 -6.06217783 12.29166667
v 0.53037184 -6.06217783 12.29166667
v 1.06892551 -6.06217783 12.29166667
v 1.62435565 -6.06217783 12.29166667
v 2.20645228 -6.06217783 12.29166667
v 2.82683995 -6.06217783 12.29166667
v 3.50000000 -6.06217783 12.29166667
v 3.83658003 -5.47920412 12.29166667
v 4.14677386 -4.94193264 12.29166667
v 4.43782217 -4.43782217 12.29166667
v 4.71553724 -3.95680556 12.29166667
v 4.98481408 -3.49040440 12.29166667
v 5.25000000 -3.03108891 12.29166667
v 5.51518592 -2.57177343 12.29166667
v 5.78446276 -2.10537226 12.29166667
v 6.06217783 -1.62435565 12.29166667
v 6.35322614 -1.12024518 12.29166667
v 6.66341997 -0.58297371 12.29166667
v 3.45888889 0.00000000 12.29166667
v 3.46306794 0.30297919 12.29166667
v 3.44062650 0.60667528 12.29166667
v 3.39147290 0.90874243 12.29166667
v 3.31572282 1.20682441 12.29166667
v 3.21370028 1.49857305 12.29166667
v 3.08593719 1.78166667 12.29166667
v 2.93317110 2.05382852 12.29166667
v 2.75634140 2.31284505 12.29166667
v 2.55658385 2.55658385 12.29166667
v 2.33522358 2.78301109 12.29166667
v 2.09376643 2.99020835 12.29166667
v 1.83388889 3.17638873 12.29166667
v 1.55742656 3.33991203 12.29166667
v 1.26636125 3.47929894 12.29166667
v 0.96280685 3.59324408 12.29166667
v 0.64899399 3.68062780 12.29166667
v 0.32725367 3.74052662 12.29166667
v 0.00000000 3.77222223 12.29166667
v -0.33028799 3.77520895 12.29166667
v -0.66108504 3.74919960 12.29166667
v -0.98983906 3.69412967 12.29166667
v -1.31399072 3.61015984 12.29166667
v -1.63099344 3.49767672 12.29166667
v -1.93833334 3.35729182 12.29166667
v -2.21358018 3.16132012 12.29166667
v -2.46949477 2.94302927 12.29166667
v -2.70429061 2.70429061 12.29166667
v -2.91635957 2.44711624 12.29166667
v -3.10428286 2.17364226 12.29166667
v -3.26684028 1.88611111 12.29166667
v -3.40301791 1.58685331 12.29166667
v -3.51201417 1.27826862 12.29166667
v -3.59324408 0.96280685 12.29166667
v -3.64634190 0.64294846 12.29166667
v -3.67116195 0.32118505 12.29166667
v -3.66777778 0.00000000 12.29166667
v -3.63647961 -0.31815074 12.29166667
v -3.57777010 -0.63085740 12.29166667
v -3.49235849 -0.93577464 12.29166667
v -3.38115327 -1.23063915 12.29166667
v -3.24525322 -1.51328643 12.29166667
v -3.08593719 -1.78166667 12.29166667
v -2.90465247 -2.03385956 12.29166667
v -2.70300201 -2.26808799 12.29166667
v -2.48273048 -2.48273048 12.29166667
v -2.24570945 -2.67633231 12.29166667
v -1.99392164 -2.84761522 12.29166667
v -1.72944445 -2.99548565 12.29166667
v -1.45443292 -3.11904147 12.29166667
v -1.17110231 -3.21757714 12.29166667
v -0.88171021 -3.29058732 12.29166667
v -0.58853869 -3.33776880 12.29166667
v -0.29387625 -3.35902094 12.29166667
v -0.00000000 -3.35444445 12.29166667
v 0.29084194 -3.32433860 12.29166667
v 0.57644764 -3.26919700 12.29166667
v 0.85467800 -3.18970173 12.29166667
v 1.12347283 -3.08671624 12.29166667
v 1.38086604 -2.96127678 12.29166667
v 1.62500000 -2.81458256 12.29166667
v 1.87410790 -2.67650346 12.29166667
v 2.11143826 -2.51631414 12.29166667
v 2.33502373 -2.33502373 12.29166667
v 2.54298383 -2.13381680 12.29166667
v 2.73354071 -1.91404581 12.29166667
v 2.90503411 -1.67722222 12.29166667
v 3.05593559 -1.42500617 12.29166667
v 3.18486192 -1.15919494 12.29166667
v 3.29058732 -0.88171021 12.29166667
v 3.37205470 -0.59458422 12.29166667
v 3.42838561 -0.29994487 12.29166667
v 7.00000000 0.00000000 12.39583333
v 6.66341997 0.58297371 12.39583333
v 6.35322614 1.12024518 12.39583333
v 6.06217783 1.62435565 12.39583333
v 5.78446276 2.10537226 12.39583333
v 5.51518592 2.57177343 12.39583333
v 5.25000000 3.03108891 12.39583333
v 4.98481408 3.49040440 12.39583333
v 4.71553724 3.95680556 12.39583333
v 4.43782217 4.43782217 12.39583333
v 4.14677386 4.94193264 12.39583333
v 3.83658003 5.47920412 12.39583333
v 3.50000000 6.06217783 12.39583333
v 2.82683995 6.06217783 12.39583333
v 2.20645228 6.06217783 12.39583333
v 1.62435565 6.06217783 12.39583333
v 1.06892551 6.06217783 12.39583333
v 0.53037184 6.06217783 12.39583333
v 0.00000000 6.06217783 12.39583333
v -0.53037184 6.06217783 12.39583333
v -1.06892551 6.06217783 12.39583333
v -1.62435565 6.06217783 12.39583333
v -2.20645228 6.06217783 12.39583333
v -2.82683995 6.06217783 12.39583333
v -3.50000000 6.06217783 12.39583333
v -3.83658003 5.47920412 12.39583333
v -4.14677386 4.94193264 12.39583333
v -4.43782217 4.43782217 12.39583333
v -4.71553724 3.95680556 12.39583333
v -4.98481408 3.49040440 12.39583333
v -5.25000000 3.03108891 12.39583333
v -5.51518592 2.57177343 12.39583333
v -5.78446276 2.10537226 12.39583333
v -6.06217783 1.62435565 12.39583333
v -6.35322614 1.12024518 12.39583333
v -6.66341997 0.58297371 12.39583333
v -7.00000000 0.00000000 12.39583333
v -6.66341997 -0.58297371 12.39583333
v -6.35322614 -1.12024518 12.39583333
v -6.06217783 -1.62435565 12.39583333
v -5.78446276 -2.10537226 12.39583333
v -5.51518592 -2.57177343 12.39583333
v -5.25000000 -3.03108891 12.39583333
v -4.98481408 -3.49040440 12.39583333
v -4.71553724 -3.95680556 12.39583333
v -4.43782217 -4.43782217 12.39583333
v -4.14677386 -4.94193264 12.39583333
v -3.83658003 -5.47920412 12.39583333
v -3.50000000 -6.06217783 12.39583333
v -2.82683995 -6.06217783 12.39583333
v -2.20645228 -6.06217783 12.39583333
v -1.62435565 -6.06217783 12.39583333
v -1.06892551 -6.06217783 12.39583333
v -0.53037184 -6.06217783 12.39583333
v -0.00000000 -6.06217783 12.39583333
v 0.53037184 -6.06217783 12.39583333
v 1.06892551 -6.06217783 12.39583333
v 1.62435565 -6.06217783 12.39583333
v 2.20645228 -6.06217783 12.39583333
v 2.82683995 -6.06217783 12.39583333
v 3.50000000 -6.06217783 12.39583333
v 3.83658003 -5.47920412 12.39583333
v 4.14677386 -4.94193264 12.39583333
v 4.43782217 -4.43782217 12.39583333
v 4.71553724 -3.95680556 12.39583333
v 4.98481408 -3.49040440 12.39583333
v 5.25000000 -3.03108891 12.39583333
v 5.51518592 -2.57177343 12.39583333
v 5.78446276 -2.10537226 12.39583333
v 6.06217783 -1.62435565 12.39583333
v 6.35322614 -1.12024518 12.39583333
v 6.66341997 -0.58297371 12.39583333
v 3.35444445 0.00000000 12.39583333
v 3.35902094 0.29387625 12.39583333
v 3.33776880 0.58853869 12.39583333
v 3.29058732 0.88171021 12.39583333
v 3.21757714 1.17110231 12.39583333
v 3.11904147 1.45443292 12.39583333
v 2.99548565 1.72944445 12.39583333
v 2.84761522 1.99392164 12.39583333
v 2.67633231 2.24570945 12.39583333
v 2.48273048 2.48273048 12.39583333
v 2.26808799 2.70300201 12.39583333
v 2.03385956 2.90465247 12.39583333
v 1.78166667 3.08593719 12.39583333
v 1.51328643 3.24525322 12.39583333
v 1.23063915 3.38115327 12.39583333
v 0.93577464 3.49235849 12.39583333
v 0.63085740 3.57777010 12.39583333
v 0.31815074 3.63647961 12.39583333
v 0.00000000 3.66777778 12.39583333
v -0.32118505 3.67116195 12.39583333
v -0.64294846 3.64634190 12.39583333
v -0.96280685 3.59324408 12.39583333
v -1.27826862 3.51201417 12.39583333
v -1.58685331 3.40301791 12.39583333
v -1.88611111 3.26684028 12.39583333
v -2.17364226 3.10428286 12.39583333
v -2.44711624 2.91635957 12.39583333
v -2.70429061 2.70429061 12.39583333
v -2.94302927 2.46949477 12.39583333
v -3.16132012 2.21358018 12.39583333
v -3.35729182 1.93833334 12.39583333
v -3.49767672 1.63099344 12.39583333
v -3.61015984 1.31399072 12.39583333
v -3.69412967 0.98983906 12.39583333
v -3.74919960 0.66108504 12.39583333
v -3.77520895 0.33028799 12.39583333
v -3.77222223 0.00000000 12.39583333
v -3.74052662 -0.32725367 12.39583333
v -3.68062780 -0.64899399 12.39583333
v -3.59324408 -0.96280685 12.39583333
v -3.47929894 -1.26636125 12.39583333
v -3.33991203 -1.55742656 12.39583333
v -3.17638873 -1.83388889 12.39583333
v -2.99020835 -2.09376643 12.39583333
v -2.78301109 -2.33522358 12.39583333
v -2.55658385 -2.55658385 12.39583333
v -2.31284505 -2.75634140 12.39583333
v -2.05382852 -2.93317110 12.39583333
v -1.78166667 -3.08593719 12.39583333
v -1.49857305 -3.21370028 12.39583333
v -1.20682441 -3.31572282 12.39583333
v -0.90874243 -3.39147290 12.39583333
v -0.60667528 -3.44062650 12.39583333
v -0.30297919 -3.46306794 12.39583333
v -0.00000000 -3.45888889 12.39583333
v 0.29994487 -3.42838561 12.39583333
v 0.59458422 -3.37205470 12.39583333
v 0.88171021 -3.29058732 12.39583333
v 1.15919494 -3.18486192 12.39583333
v 1.42500617 -3.05593559 12.39583333
v 1.67722222 -2.90503411 12.39583333
v 1.91404581 -2.73354071 12.39583333
v 2.13381680 -2.54298383 12.39583333
v 2.33502373 -2.33502373 12.39583333
v 2.51631414 -2.11143826 12.39583333
v 2.67650346 -1.87410790 12.39583333
v 2.81458256 -1.62500000 12.39583333
v 2.96127678 -1.38086604 12.39583333
v 3.08671624 -1.12347283 12.39583333
v 3.18970173 -0.85467800 12.39583333
v 3.26919700 -0.57644764 12.39583333
v 3.32433860 -0.29084194 12.39583333
v 7.00000000 0.00000000 12.50000000
v 6.66341997 0.58297371 12.50000000
v 6.35322614 1.12024518 12.50000000
v 6.06217783 1.62435565 12.50000000
v 5.78446276 2.10537226 12.50000000
v 5.51518592 2.57177343 12.50000000
v 5.25000000 3.03108891 12.50000000
v 4.98481408 3.49040440 12.50000000
v 4.71553724 3.95680556 12.50000000
v 4.43782217 4.43782217 12.50000000
v 4.14677386 4.94193264 12.50000000
v 3.83658003 5.47920412 12.50000000
v 3.50000000 6.06217783 12.50000000
v 2.82683995 6.06217783 12.50000000
v 2.20645228 6.06217783 12.50000000
v 1.62435565 6.06217783 12.50000000
v 1.06892551 6.06217783 12.50000000
v 0.53037184 6.06217783 12.50000000
v 0.00000000 6.06217783 12.50000000
v -0.53037184 6.06217783 12.50000000
v -1.06892551 6.06217783 12.50000000
v -1.62435565 6.06217783 12.50000000
v -2.20645228 6.06217783 12.50000000
v -2.82683995 6.06217783 12.50000000
v -3.50000000 6.06217783 12.50000000
v -3.83658003 5.47920412 12.50000000
v -4.14677386 4.94193264 12.50000000
v -4.43782217 4.43782217 12.50000000
v -4.71553724 3.95680556 12.50000000
v -4.98481408 3.49040440 12.50000000
v -5.25000000 3.03108891 12.50000000
v -5.51518592 2.57177343 12.50000000
v -5.78446276 2.10537226 12.50000000
v -6.06217783 1.62435565 12.50000000
v -6.35322614 1.12024518 12.50000000
v -6.66341997 0.58297371 12.50000000
v -7.00000000 0.00000000 12.50000000
v -6.66341997 -0.58297371 12.50000000
v -6.35322614 -1.12024518 12.50000000
v -6.06217783 -1.62435565 12.50000000
v -5.78446276 -2.10537226 12.50000000
v -5.51518592 -2.57177343 12.50000000
v -5.25000000 -3.03108891 12.50000000
v -4.98481408 -3.49040440 12.50000000
v -4.71553724 -3.95680556 12.50000000
v -4.43782217 -4.43782217 12.50000000
v -4.14677386 -4.94193264 12.50000000
v -3.83658003 -5.47920412 12.50000000
v -3.50000000 -6.06217783 12.50000000
v -2.82683995 -6.06217783 12.50000000
v -2.20645228 -6.06217783 12.50000000
v -1.62435565 -6.06217783 12.50000000
v -1.06892551 -6.06217783 12.50000000
v -0.53037184 -6.06217783 12.50000000
v -0.00000000 -6.06217783 12.50000000
v 0.53037184 -6.06217783 12.50000000
v 1.06892551 -6.06217783 12.50000000
v 1.62435565 -6.06217783 12.50000000
v 2.20645228 -6.06217783 12.50000000
v 2.82683995 -6.06217783 12.50000000
v 3.50000000 -6.06217783 12.50000000
v 3.83658003 -5.47920412 12.50000000
v 4.14677386 -4.94193264 12.50000000
v 4.43782217 -4.43782217 12.50000000
v 4.71553724 -3.95680556 12.50000000
v 4.98481408 -3.49040440 12.50000000
v 5.25000000 -3.03108891 12.50000000
v 5.51518592 -2.57177343 12.50000000
v 5.78446276 -2.10537226 12.50000000
v 6.06217783 -1.62435565 12.50000000
v 6.35322614 -1.12024518 12.50000000
v 6.66341997 -0.58297371 12.50000000
v 3.25000000 0.00000000 12.50000000
v 3.25497394 0.28477332 12.50000000
v 3.23491110 0.57040211 12.50000000
v 3.18970173 0.85467800 12.50000000
v 3.11943147 1.13538020 12.50000000
v 3.02438265 1.41029279 12.50000000
v 2.90503411 1.67722222 12.50000000
v 2.76205934 1.93401477 12.50000000
v 2.59632322 2.17857386 12.50000000
v 2.40887710 2.40887710 12.50000000
v 2.20095239 2.62299292 12.50000000
v 1.97395269 2.81909659 12.50000000
v 1.72944445 2.99548565 12.50000000
v 1.46914630 3.15059441 12.50000000
v 1.19491704 3.28300759 12.50000000
v 0.90874243 3.39147290 12.50000000
v 0.61272081 3.47491240 12.50000000
v 0.30904781 3.53243261 12.50000000
v 0.00000000 3.56333334 12.50000000
v -0.31208212 3.56711494 12.50000000
v -0.62481187 3.54348420 12.50000000
v -0.93577464 3.49235849 12.50000000
v -1.24254651 3.41386849 12.50000000
v -1.54271318 3.30835910 12.50000000
v -1.83388889 3.17638873 12.50000000
v -2.11373539 3.01872698 12.50000000
v -2.37998065 2.83635048 12.50000000
v -2.63043723 2.63043723 12.50000000
v -2.86302018 2.40235918 12.50000000
v -3.07576424 2.15367330 12.50000000
v -3.26684028 1.88611111 12.50000000
v -3.43457085 1.60156669 12.50000000
v -3.57744462 1.30208336 12.50000000
v -3.69412967 0.98983906 12.50000000
v -3.78348550 0.66713057 12.50000000
v -3.84457362 0.33635661 12.50000000
v -3.87666667 0.00000000 12.50000000
v -3.84457362 -0.33635661 12.50000000
v -3.78348550 -0.66713057 12.50000000
v -3.69412967 -0.98983906 12.50000000
v -3.57744462 -1.30208336 12.50000000
v -3.43457085 -1.60156669 12.50000000
v -3.26684028 -1.88611111 12.50000000
v -3.07576424 -2.15367330 12.50000000
v -2.86302018 -2.40235918 12.50000000
v -2.63043723 -2.63043723 12.50000000
v -2.37998065 -2.83635048 12.50000000
v -2.11373539 -3.01872698 12.50000000
v -1.83388889 -3.17638873 12.50000000
v -1.54271318 -3.30835910 12.50000000
v -1.24254651 -3.41386849 12.50000000
v -0.93577464 -3.49235849 12.50000000
v -0.62481187 -3.54348420 12.50000000
v -0.31208212 -3.56711494 12.50000000
v -0.00000000 -3.56333334 12.50000000
v 0.30904781 -3.53243261 12.50000000
v 0.61272081 -3.47491240 12.50000000
v 0.90874243 -3.39147290 12.50000000
v 1.19491704 -3.28300759 12.50000000
v 1.46914630 -3.15059441 12.50000000
v 1.72944445 -2.99548565 12.50000000
v 1.97395269 -2.81909659 12.50000000
v 2.20095239 -2.62299292 12.50000000
v 2.40887710 -2.40887710 12.50000000
v 2.59632322 -2.17857386 12.50000000
v 2.76205934 -1.93401477 12.50000000
v 2.90503411 -1.67722222 12.50000000
v 3.02438265 -1.41029279 12.50000000
v 3.11943147 -1.13538020 12.50000000
v 3.18970173 -0.85467800 12.50000000
v 3.23491110 -0.57040211 12.50000000
v 3.25497394 -0.28477332 12.50000000
v 7.00000000 0.00000000 12.60416667
v 6.66341997 0.58297371 12.60416667
v 6.35322614 1.12024518 12.60416667
v 6.06217783 1.62435565 12.60416667
v 5.78446276 2.10537226 12.60416667
v 5.51518592 2.57177343 12.60416667
v 5.25000000 3.03108891 12.60416667
v 4.98481408 3.49040440 12.60416667
v 4.71553724 3.95680556 12.60416667
v 4.43782217 4.43782217 12.60416667
v 4.14677386 4.94193264 12.60416667
v 3.83658003 5.47920412 12.60416667
v 3.50000000 6.06217783 12.60416667
v 2.82683995 6.06217783 12.60416667
v 2.20645228 6.06217783 12.60416667
v 1.62435565 6.06217783 12.60416667
v 1.06892551 6.06217783 12.60416667
v 0.53037184 6.06217783 12.60416667
v 0.00000000 6.06217783 12.60416667
v -0.53037184 6.06217783 12.60416667
v -1.06892551 6.06217783 12.60416667
v -1.62435565 6.06217783 12.60416667
v -2.20645228 6.06217783 12.60416667
v -2.82683995 6.06217783 12.60416667
v -3.50000000 6.06217783 12.60416667
v -3.83658003 5.47920412 12.60416667
v -4.14677386 4.94193264 12.60416667
v -4.43782217 4.43782217 12.60416667
v -4.71553724 3.95680556 12.60416667
v -4.98481408 3.49040440 12.60416667
v -5.25000000 3.03108891 12.60416667
v -5.51518592 2.57177343 12.60416667
v -5.78446276 2.10537226 12.60416667
v -6.06217783 1.62435565 12.60416667
v -6.35322614 1.12024518 12.60416667
v -6.66341997 0.58297371 12.60416667
v -7.00000000 0.00000000 12.60416667
v -6.66341997 -0.58297371 12.60416667
v -6.35322614 -1.12024518 12.60416667
v -6.06217783 -1.62435565 12.60416667
v -5.78446276 -2.10537226 12.60416667
v -5.51518592 -2.57177343 12.60416667
v -5.25000000 -3.03108891 12.60416667
v -4.98481408 -3.49040440 12.60416667
v -4.71553724 -3.95680556 12.60416667
v -4.43782217 -4.43782217 12.60416667
v -4.14677386 -4.94193264 12.60416667
v -3.83658003 -5.47920412 12.60416667
v -3.50000000 -6.06217783 12.60416667
v -2.82683995 -6.06217783 12.60416667
v -2.20645228 -6.06217783 12.60416667
v -1.62435565 -6.06217783 12.60416667
v -1.06892551 -6.06217783 12.60416667
v -0.53037184 -6.06217783 12.60416667
v -0.00000000 -6.06217783 12.60416667
v 0.53037184 -6.06217783 12.60416667
v 1.06892551 -6.06217783 12.60416667
v 1.62435565 -6.06217783 12.60416667
v 2.20645228 -6.06217783 12.60416667
v 2.82683995 -6.06217783 12.60416667
v 3.50000000 -6.06217783 12.60416667
v 3.83658003 -5.47920412 12.60416667
v 4.14677386 -4.94193264 12.60416667
v 4.43782217 -4.43782217 12.60416667
v 4.71553724 -3.95680556 12.60416667
v 4.98481408 -3.49040440 12.60416667
v 5.25000000 -3.03108891 12.60416667
v 5.51518592 -2.57177343 12.60416667
v 5.78446276 -2.10537226 12.60416667
v 6.06217783 -1.62435565 12.60416667
v 6.35322614 -1.12024518 12.60416667
v 6.66341997 -0.58297371 12.60416667
v 3.35444445 0.00000000 12.60416667
v 3.32433860 0.29084194 12.60416667
v 3.26919700 0.57644764 12.60416667
v 3.18970173 0.85467800 12.60416667
v 3.08671624 1.12347283 12.60416667
v 2.96127678 1.38086604 12.60416667
v 2.81458256 1.62500000 12.60416667
v 2.67650346 1.87410790 12.60416667
v 2.51631414 2.11143826 12.60416667
v 2.33502373 2.33502373 12.60416667
v 2.13381680 2.54298383 12.60416667
v 1.91404581 2.73354071 12.60416667
v 1.67722222 2.90503411 12.60416667
v 1.42500617 3.05593559 12.60416667
v 1.15919494 3.18486192 12.60416667
v 0.88171021 3.29058732 12.60416667
v 0.59458422 3.37205470 12.60416667
v 0.29994487 3.42838561 12.60416667
v 0.00000000 3.45888889 12.60416667
v -0.30297919 3.46306794 12.60416667
v -0.60667528 3.44062650 12.60416667
v -0.90874243 3.39147290 12.60416667
v -1.20682441 3.31572282 12.60416667
v -1.49857305 3.21370028 12.60416667
v -1.78166667 3.08593719 12.60416667
v -2.05382852 2.93317110 12.60416667
v -2.31284505 2.75634140 12.60416667
v -2.55658385 2.55658385 12.60416667
v -2.78301109 2.33522358 12.60416667
v -2.99020835 2.09376643 12.60416667
v -3.17638873 1.83388889 12.60416667
v -3.33991203 1.55742656 12.60416667
v -3.47929894 1.26636125 12.60416667
v -3.59324408 0.96280685 12.60416667
v -3.68062780 0.64899399 12.60416667
v -3.74052662 0.32725367 12.60416667
v -3.77222223 0.00000000 12.60416667
v -3.77520895 -0.33028799 12.60416667
v -3.74919960 -0.66108504 12.60416667
v -3.69412967 -0.98983906 12.60416667
v -3.61015984 -1.31399072 12.60416667
v -3.49767672 -1.63099344 12.60416667
v -3.35729182 -1.93833334 12.60416667
v -3.16132012 -2.21358018 12.60416667
v -2.94302927 -2.46949477 12.60416667
v -2.70429061 -2.70429061 12.60416667
v -2.44711624 -2.91635957 12.60416667
v -2.17364226 -3.10428286 12.60416667
v -1.88611111 -3.26684028 12.60416667
v -1.58685331 -3.40301791 12.60416667
v -1.27826862 -3.51201417 12.60416667
v -0.96280685 -3.59324408 12.60416667
v -0.64294846 -3.64634190 12.60416667
v -0.32118505 -3.67116195 12.60416667
v -0.00000000 -3.66777778 12.60416667
v 0.31815074 -3.63647961 12.60416667
v 0.63085740 -3.57777010 12.60416667
v 0.93577464 -3.49235849 12.60416667
v 1.23063915 -3.38115327 12.60416667
v 1.51328643 -3.24525322 12.60416667
v 1.78166667 -3.08593719 12.60416667
v 2.03385956 -2.90465247 12.60416667
v 2.26808799 -2.70300201 12.60416667
v 2.48273048 -2.48273048 12.60416667
v 2.67633231 -2.24570945 12.60416667
v 2.84761522 -1.99392164 12.60416667
v 2.99548565 -1.72944445 12.60416667
v 3.11904147 -1.45443292 12.60416667
v 3.21757714 -1.17110231 12.60416667
v 3.29058732 -0.88171021 12.60416667
v 3.33776880 -0.58853869 12.60416667
v 3.35902094 -0.29387625 12.60416667
v 7.00000000 0.00000000 12.70833333
v 6.66341997 0.58297371 12.70833333
v 6.35322614 1.12024518 12.70833333
v 6.06217783 1.62435565 12.70833333
v 5.78446276 2.10537226 12.70833333
v 5.51518592 2.57177343 12.70833333
v 5.25000000 3.03108891 12.70833333
v 4.98481408 3.49040440 12.70833333
v 4.71553724 3.95680556 12.70833333
v 4.43782217 4.43782217 12.70833333
v 4.14677386 4.94193264 12.70833333
v 3.83658003 5.47920412 12.70833333
v 3.50000000 6.06217783 12.70833333
v 2.82683995 6.06217783 12.70833333
v 2.20645228 6.06217783 12.70833333
v 1.62435565 6.06217783 12.70833333
v 1.06892551 6.06217783 12.70833333
v 0.53037184 6.06217783 12.70833333
v 0.00000000 6.06217783 12.70833333
v -0.53037184 6.06217783 12.70833333
v -1.06892551 6.06217783 12.70833333
v -1.62435565 6.06217783 12.70833333
v -2.20645228 6.06217783 12.70833333
v -2.82683995 6.06217783 12.70833333
v -3.50000000 6.06217783 12.70833333
v -3.83658003 5.47920412 12.70833333
v -4.14677386 4.94193264 12.70833333
v -4.43782217 4.43782217 12.70833333
v -4.71553724 3.95680556 12.70833333
v -4.98481408 3.49040440 12.70833333
v -5.25000000 3.03108891 12.70833333
v -5.51518592 2.57177343 12.70833333
v -5.78446276 2.10537226 12.70833333
v -6.06217783 1.62435565 12.70833333
v -6.35322614 1.12024518 12.70833333
v -6.66341997 0.58297371 12.70833333
v -7.00000000 0.00000000 12.70833333
v -6.66341997 -0.58297371 12.70833333
v -6.35322614 -1.12024518 12.70833333
v -6.06217783 -1.62435565 12.70833333
v -5.78446276 -2.10537226 12.70833333
v -5.51518592 -2.57177343 12.70833333
v -5.25000000 -3.03108891 12.70833333
v -4.98481408 -3.49040440 12.70833333
v -4.71553724 -3.95680556 12.70833333
v -4.43782217 -4.43782217 12.70833333
v -4.14677386 -4.94193264 12.70833333
v -3.83658003 -5.47920412 12.70833333
v -3.50000000 -6.06217783 12.70833333
v -2.82683995 -6.06217783 12.70833333
v -2.20645228 -6.06217783 12.70833333
v -1.62435565 -6.06217783 12.70833333
v -1.06892551 -6.06217783 12.70833333
v -0.53037184 -6.06217783 12.70833333
v -0.00000000 -6.06217783 12.70833333
v 0.53037184 -6.06217783 12.70833333
v 1.06892551 -6.06217783 12.70833333
v 1.62435565 -6.06217783 12.70833333
v 2.20645228 -6.06217783 12.70833333
v 2.82683995 -6.06217783 12.70833333
v 3.50000000 -6.06217783 12.70833333
v 3.83658003 -5.47920412 12.70833333
v 4.14677386 -4.94193264 12.70833333
v 4.43782217 -4.43782217 12.70833333
v 4.71553724 -3.95680556 12.70833333
v 4.98481408 -3.49040440 12.70833333
v 5.25000000 -3.03108891 12.70833333
v 5.51518592 -2.57177343 12.70833333
v 5.78446276 -2.10537226 12.70833333
v 6.06217783 -1.62435565 12.70833333
v 6.35322614 -1.12024518 12.70833333
v 6.66341997 -0.58297371 12.70833333
v 3.45888889 0.00000000 12.70833333
v 3.42838561 0.29994487 12.70833333
v 3.37205470 0.59458422 12.70833333
v 3.29058732 0.88171021 12.70833333
v 3.18486192 1.15919494 12.70833333
v 3.05593559 1.42500617 12.70833333
v 2.90503411 1.67722222 12.70833333
v 2.73354071 1.91404581 12.70833333
v 2.54298383 2.13381680 12.70833333
v 2.33502373 2.33502373 12.70833333
v 2.11143826 2.51631414 12.70833333
v 1.87410790 2.67650346 12.70833333
v 1.62500000 2.81458256 12.70833333
v 1.38086604 2.96127678 12.70833333
v 1.12347283 3.08671624 12.70833333
v 0.85467800 3.18970173 12.70833333
v 0.57644764 3.26919700 12.70833333
v 0.29084194 3.32433860 12.70833333
v 0.00000000 3.35444445 12.70833333
v -0.29387625 3.35902094 12.70833333
v -0.58853869 3.33776880 12.70833333
v -0.88171021 3.29058732 12.70833333
v -1.17110231 3.21757714 12.70833333
v -1.45443292 3.11904147 12.70833333
v -1.72944445 2.99548565 12.70833333
v -1.99392164 2.84761522 12.70833333
v -2.24570945 2.67633231 12.70833333
v -2.48273048 2.48273048 12.70833333
v -2.70300201 2.26808799 12.70833333
v -2.90465247 2.03385956 12.70833333
v -3.08593719 1.78166667 12.70833333
v -3.24525322 1.51328643 12.70833333
v -3.38115327 1.23063915 12.70833333
v -3.49235849 0.93577464 12.70833333
v -3.57777010 0.63085740 12.70833333
v -3.63647961 0.31815074 12.70833333
v -3.66777778 0.00000000 12.70833333
v -3.67116195 -0.32118505 12.70833333
v -3.64634190 -0.64294846 12.70833333
v -3.59324408 -0.96280685 12.70833333
v -3.51201417 -1.27826862 12.70833333
v -3.40301791 -1.58685331 12.70833333
v -3.26684028 -1.88611111 12.70833333
v -3.10428286 -2.17364226 12.70833333
v -2.91635957 -2.44711624 12.70833333
v -2.70429061 -2.70429061 12.70833333
v -2.46949477 -2.94302927 12.70833333
v -2.21358018 -3.16132012 12.70833333
v -1.93833334 -3.35729182 12.70833333
v -1.63099344 -3.49767672 12.70833333
v -1.31399072 -3.61015984 12.70833333
v -0.98983906 -3.69412967 12.70833333
v -0.66108504 -3.74919960 12.70833333
v -0.33028799 -3.77520895 12.70833333
v -0.00000000 -3.77222223 12.70833333
v 0.32725367 -3.74052662 12.70833333
v 0.64899399 -3.68062780 12.70833333
v 0.96280685 -3.59324408 12.70833333
v 1.26636125 -3.47929894 12.70833333
v 1.55742656 -3.33991203 12.70833333
v 1.83388889 -3.17638873 12.70833333
v 2.09376643 -2.99020835 12.70833333
v 2.33522358 -2.78301109 12.70833333
v 2.55658385 -2.55658385 12.70833333
v 2.75634140 -2.31284505 12.70833333
v 2.93317110 -2.05382852 12.70833333
v 3.08593719 -1.78166667 12.70833333
v 3.21370028 -1.49857305 12.70833333
v 3.31572282 -1.20682441 12.70833333
v 3.39147290 -0.90874243 12.70833333
v 3.44062650 -0.60667528 12.70833333
v 3.46306794 -0.30297919 12.70833333
v 7.00000000 0.00000000 12.81250000
v 6.66341997 0.58297371 12.81250000
v 6.35322614 1.12024518 12.81250000
v 6.06217783 1.62435565 12.81250000
v 5.78446276 2.10537226 12.81250000
v 5.51518592 2.57177343 12.81250000
v 5.25000000 3.03108891 12.81250000
v 4.98481408 3.49040440 12.81250000
v 4.71553724 3.95680556 12.81250000
v 4.43782217 4.43782217 12.81250000
v 4.14677386 4.94193264 12.81250000
v 3.83658003 5.47920412 12.81250000
v 3.50000000 6.06217783 12.81250000
v 2.82683995 6.06217783 12.81250000
v 2.20645228 6.06217783 12.81250000
v 1.62435565 6.06217783 12.81250000
v 1.06892551 6.06217783 12.81250000
v 0.53037184 6.06217783 12.81250000
v 0.00000000 6.06217783 12.81250000
v -0.53037184 6.06217783 12.81250000
v -1.06892551 6.06217783 12.81250000
v -1.62435565 6.06217783 12.81250000
v -2.20645228 6.06217783 12.81250000
v -2.82683995 6.06217783 12.81250000
v -3.50000000 6.06217783 12.81250000
v -3.83658003 5.47920412 12.81250000
v -4.14677386 4.94193264 12.81250000
v -4.43782217 4.43782217 12.81250000
v -4.71553724 3.95680556 12.81250000
v -4.98481408 3.49040440 12.81250000
v -5.25000000 3.03108891 12.81250000
v -5.51518592 2.57177343 12.81250000
v -5.78446276 2.10537226 12.81250000
v -6.06217783 1.62435565 12.81250000
v -6.35322614 1.12024518 12.81250000
v -6.66341997 0.58297371 12.81250000
v -7.00000000 0.00000000 12.81250000
v -6.66341997 -0.58297371 12.81250000
v -6.35322614 -1.12024518 12.81250000
v -6.06217783 -1.62435565 12.81250000
v -5.78446276 -2.10537226 12.81250000
v -5.51518592 -2.57177343 12.81250000
v -5.25000000 -3.03108891 12.81250000
v -4.98481408 -3.49040440 12.81250000
v -4.71553724 -3.95680556 12.81250000
v -4.43782217 -4.43782217 12.81250000
v -4.14677386 -4.94193264 12.81250000
v -3.83658003 -5.47920412 12.81250000
v -3.50000000 -6.06217783 12.81250000
v -2.82683995 -6.06217783 12.81250000
v -2.20645228 -6.06217783 12.81250000
v -1.62435565 -6.06217783 12.81250000
v -1.06892551 -6.06217783 12.81250000
v -0.53037184 -6.06217783 12.81250000
v -0.00000000 -6.06217783 12.81250000
v 0.53037184 -6.06217783 12.81250000
v 1.06892551 -6.06217783 12.81250000
v 1.62435565 -6.06217783 12.81250000
v 2.20645228 -6.06217783 12.81250000
v 2.82683995 -6.06217783 12.81250000
v 3.50000000 -6.06217783 12.81250000
v 3.83658003 -5.47920412 12.81250000
v 4.14677386 -4.94193264 12.81250000
v 4.43782217 -4.43782217 12.81250000
v 4.71553724 -3.95680556 12.81250000
v 4.98481408 -3.49040440 12.81250000
v 5.25000000 -3.03108891 12.81250000
v 5.51518592 -2.57177343 12.81250000
v 5.78446276 -2.10537226 12.81250000
v 6.06217783 -1.62435565 12.81250000
v 6.35322614 -1.12024518 12.81250000
v 6.66341997 -0.58297371 12.81250000
v 3.56333334 0.00000000 12.81250000
v 3.53243261 0.30904781 12.81250000
v 3.47491240 0.61272081 12.81250000
v 3.39147290 0.90874243 12.81250000
v 3.28300759 1.19491704 12.81250000
v 3.15059441 1.46914630 12.81250000
v 2.99548565 1.72944445 12.81250000
v 2.81909659 1.97395269 12.81250000
v 2.62299292 2.20095239 12.81250000
v 2.40887710 2.40887710 12.81250000
v 2.17857386 2.59632322 12.81250000
v 1.93401477 2.76205934 12.81250000
v 1.67722222 2.90503411 12.81250000
v 1.41029279 3.02438265 12.81250000
v 1.13538020 3.11943147 12.81250000
v 0.85467800 3.18970173 12.81250000
v 0.57040211 3.23491110 12.81250000
v 0.28477332 3.25497394 12.81250000
v 0.00000000 3.25000000 12.81250000
v -0.28477332 3.25497394 12.81250000
v -0.57040211 3.23491110 12.81250000
v -0.85467800 3.18970173 12.81250000
v -1.13538020 3.11943147 12.81250000
v -1.41029279 3.02438265 12.81250000
v -1.67722222 2.90503411 12.81250000
v -1.93401477 2.76205934 12.81250000
v -2.17857386 2.59632322 12.81250000
v -2.40887710 2.40887710 12.81250000
v -2.62299292 2.20095239 12.81250000
v -2.81909659 1.97395269 12.81250000
v -2.99548565 1.72944445 12.81250000
v -3.15059441 1.46914630 12.81250000
v -3.28300759 1.19491704 12.81250000
v -3.39147290 0.90874243 12.81250000
v -3.47491240 0.61272081 12.81250000
v -3.53243261 0.30904781 12.81250000
v -3.56333334 0.00000000 12.81250000
v -3.56711494 -0.31208212 12.81250000
v -3.54348420 -0.62481187 12.81250000
v -3.49235849 -0.93577464 12.81250000
v -3.41386849 -1.24254651 12.81250000
v -3.30835910 -1.54271318 12.81250000
v -3.17638873 -1.83388889 12.81250000
v -3.01872698 -2.11373539 12.81250000
v -2.83635048 -2.37998065 12.81250000
v -2.63043723 -2.63043723 12.81250000
v -2.40235918 -2.86302018 12.81250000
v -2.15367330 -3.07576424 12.81250000
v -1.88611111 -3.26684028 12.81250000
v -1.60156669 -3.43457085 12.81250000
v -1.30208336 -3.57744462 12.81250000
v -0.98983906 -3.69412967 12.81250000
v -0.66713057 -3.78348550 12.81250000
v -0.33635661 -3.84457362 12.81250000
v -0.00000000 -3.87666667 12.81250000
v 0.33635661 -3.84457362 12.81250000
v 0.66713057 -3.78348550 12.81250000
v 0.98983906 -3.69412967 12.81250000
v 1.30208336 -3.57744462 12.81250000
v 1.60156669 -3.43457085 12.81250000
v 1.88611111 -3.26684028 12.81250000
v 2.15367330 -3.07576424 12.81250000
v 2.40235918 -2.86302018 12.81250000
v 2.63043723 -2.63043723 12.81250000
v 2.83635048 -2.37998065 12.81250000
v 3.01872698 -2.11373539 12.81250000
v 3.17638873 -1.83388889 12.81250000
v 3.30835910 -1.54271318 12.81250000
v 3.41386849 -1.24254651 12.81250000
v 3.49235849 -0.93577464 12.81250000
v 3.54348420 -0.62481187 12.81250000
v 3.56711494 -0.31208212 12.81250000
v 7.00000000 0.00000000 12.91666667
v 6.66341997 0.58297371 12.91666667
v 6.35322614 1.12024518 12.91666667
v 6.06217783 1.62435565 12.91666667
v 5.78446276 2.10537226 12.91666667
v 5.51518592 2.57177343 12.91666667
v 5.25000000 3.03108891 12.91666667
v 4.98481408 3.49040440 12.91666667
v 4.71553724 3.95680556 12.91666667
v 4.43782217 4.43782217 12.91666667
v 4.14677386 4.94193264 12.91666667
v 3.83658003 5.47920412 12.91666667
v 3.50000000 6.06217783 12.91666667
v 2.82683995 6.06217783 12.91666667
v 2.20645228 6.06217783 12.91666667
v 1.62435565 6.06217783 12.91666667
v 1.06892551 6.06217783 12.91666667
v 0.53037184 6.06217783 12.91666667
v 0.00000000 6.06217783 12.91666667
v -0.53037184 6.06217783 12.91666667
v -1.06892551 6.06217783 12.91666667
v -1.62435565 6.06217783 12.91666667
v -2.20645228 6.06217783 12.91666667
v -2.82683995 6.06217783 12.91666667
v -3.50000000 6.06217783 12.91666667
v -3.83658003 5.47920412 12.91666667
v -4.14677386 4.94193264 12.91666667
v -4.43782217 4.43782217 12.91666667
v -4.71553724 3.95680556 12.91666667
v -4.98481408 3.49040440 12.91666667
v -5.25000000 3.03108891 12.91666667
v -5.51518592 2.57177343 12.91666667
v -5.78446276 2.10537226 12.91666667
v -6.06217783 1.62435565 12.91666667
v -6.35322614 1.12024518 12.91666667
v -6.66341997 0.58297371 12.91666667
v -7.00000000 0.00000000 12.91666667
v -6.66341997 -0.58297371 12.91666667
v -6.35322614 -1.12024518 12.91666667
v -6.06217783 -1.62435565 12.91666667
v -5.78446276 -2.10537226 12.91666667
v -5.51518592 -2.57177343 12.91666667
v -5.25000000 -3.03108891 12.91666667
v -4.98481408 -3.49040440 12.91666667
v -4.71553724 -3.95680556 12.91666667
v -4.43782217 -4.43782217 12.91666667
v -4.14677386 -4.94193264 12.91666667
v -3.83658003 -5.47920412 12.91666667
v -3.50000000 -6.06217783 12.91666667
v -2.82683995 -6.06217783 12.91666667
v -2.20645228 -6.06217783 12.91666667
v -1.62435565 -6.06217783 12.91666667
v -1.06892551 -6.06217783 12.91666667
v -0.53037184 -6.06217783 12.91666667
v -0.00000000 -6.06217783 12.91666667
v 0.53037184 -6.06217783 12.91666667
v 1.06892551 -6.06217783 12.91666667
v 1.62435565 -6.06217783 12.91666667
v 2.20645228 -6.06217783 12.91666667
v 2.82683995 -6.06217783 12.91666667
v 3.50000000 -6.06217783 12.91666667
v 3.83658003 -5.47920412 12.91666667
v 4.14677386 -4.94193264 12.91666667
v 4.43782217 -4.43782217 12.91666667
v 4.71553724 -3.95680556 12.91666667
v 4.98481408 -3.49040440 12.91666667
v 5.25000000 -3.03108891 12.91666667
v 5.51518592 -2.57177343 12.91666667
v 5.78446276 -2.10537226 12.91666667
v 6.06217783 -1.62435565 12.91666667
v 6.35322614 -1.12024518 12.91666667
v 6.66341997 -0.58297371 12.91666667
v 3.66777778 0.00000000 12.91666667
v 3.63647961 0.31815074 12.91666667
v 3.57777010 0.63085740 12.91666667
v 3.49235849 0.93577464 12.91666667
v 3.38115327 1.23063915 12.91666667
v 3.24525322 1.51328643 12.91666667
v 3.08593719 1.78166667 12.91666667
v 2.90465247 2.03385956 12.91666667
v 2.70300201 2.26808799 12.91666667
v 2.48273048 2.48273048 12.91666667
v 2.24570945 2.67633231 12.91666667
v 1.99392164 2.84761522 12.91666667
v 1.72944445 2.99548565 12.91666667
v 1.45443292 3.11904147 12.91666667
v 1.17110231 3.21757714 12.91666667
v 0.88171021 3.29058732 12.91666667
v 0.58853869 3.33776880 12.91666667
v 0.29387625 3.35902094 12.91666667
v 0.00000000 3.35444445 12.91666667
v -0.29084194 3.32433860 12.91666667
v -0.57644764 3.26919700 12.91666667
v -0.85467800 3.18970173 12.91666667
v -1.12347283 3.08671624 12.91666667
v -1.38086604 2.96127678 12.91666667
v -1.62500000 2.81458256 12.91666667
v -1.87410790 2.67650346 12.91666667
v -2.11143826 2.51631414 12.91666667
v -2.33502373 2.33502373 12.91666667
v -2.54298383 2.13381680 12.91666667
v -2.73354071 1.91404581 12.91666667
v -2.90503411 1.67722222 12.91666667
v -3.05593559 1.42500617 12.91666667
v -3.18486192 1.15919494 12.91666667
v -3.29058732 0.88171021 12.91666667
v -3.37205470 0.59458422 12.91666667
v -3.42838561 0.29994487 12.91666667
v -3.45888889 0.00000000 12.91666667
v -3.46306794 -0.30297919 12.91666667
v -3.44062650 -0.60667528 12.91666667
v -3.39147290 -0.90874243 12.91666667
v -3.31572282 -1.20682441 12.91666667
v -3.21370028 -1.49857305 12.91666667
v -3.08593719 -1.78166667 12.91666667
v -2.93317110 -2.05382852 12.91666667
v -2.75634140 -2.31284505 12.91666667
v -2.55658385 -2.55658385 12.91666667
v -2.33522358 -2.78301109 12.91666667
v -2.09376643 -2.99020835 12.91666667
v -1.83388889 -3.17638873 12.91666667
v -1.55742656 -3.33991203 12.91666667
v -1.26636125 -3.47929894 12.91666667
v -0.96280685 -3.59324408 12.91666667
v -0.64899399 -3.68062780 12.91666667
v -0.32725367 -3.74052662 12.91666667
v -0.00000000 -3.77222223 12.91666667
v 0.33028799 -3.77520895 12.91666667
v 0.66108504 -3.74919960 12.91666667
v 0.98983906 -3.69412967 12.91666667
v 1.31399072 -3.61015984 12.91666667
v 1.63099344 -3.49767672 12.91666667
v 1.93833334 -3.35729182 12.91666667
v 2.21358018 -3.16132012 12.91666667
v 2.46949477 -2.94302927 12.91666667
v 2.70429061 -2.70429061 12.91666667
v 2.91635957 -2.44711624 12.91666667
v 3.10428286 -2.17364226 12.91666667
v 3.26684028 -1.88611111 12.91666667
v 3.40301791 -1.58685331 12.91666667
v 3.51201417 -1.27826862 12.91666667
v 3.59324408 -0.96280685 12.91666667
v 3.64634190 -0.64294846 12.91666667
v 3.67116195 -0.32118505 12.91666667
v 7.00000000 0.00000000 13.02083333
v 6.66341997 0.58297371 13.02083333
v 6.35322614 1.12024518 13.02083333
v 6.06217783 1.62435565 13.02083333
v 5.78446276 2.10537226 13.02083333
v 5.51518592 2.57177343 13.02083333
v 5.25000000 3.03108891 13.02083333
v 4.98481408 3.49040440 13.02083333
v 4.71553724 3.95680556 13.02083333
v 4.43782217 4.43782217 13.02083333
v 4.14677386 4.94193264 13.02083333
v 3.83658003 5.47920412 13.02083333
v 3.50000000 6.06217783 13.02083333
v 2.82683995 6.06217783 13.02083333
v 2.20645228 6.06217783 13.02083333
v 1.62435565 6.06217783 13.02083333
v 1.06892551 6.06217783 13.02083333
v 0.53037184 6.06217783 13.02083333
v 0.00000000 6.06217783 13.02083333
v -0.53037184 6.06217783 13.02083333
v -1.06892551 6.06217783 13.02083333
v -1.62435565 6.06217783 13.02083333
v -2.20645228 6.06217783 13.02083333
v -2.82683995 6.06217783 13.02083333
v -3.50000000 6.06217783 13.02083333
v -3.83658003 5.47920412 13.02083333
v -4.14677386 4.94193264 13.02083333
v -4.43782217 4.43782217 13.02083333
v -4.71553724 3.95680556 13.02083333
v -4.98481408 3.49040440 13.02083333
v -5.25000000 3.03108891 13.02083333
v -5.51518592 2.57177343 13.02083333
v -5.78446276 2.10537226 13.02083333
v -6.06217783 1.62435565 13.02083333
v -6.35322614 1.12024518 13.02083333
v -6.66341997 0.58297371 13.02083333
v -7.00000000 0.00000000 13.02083333
v -6.66341997 -0.58297371 13.02083333
v -6.35322614 -1.12024518 13.02083333
v -6.06217783 -1.62435565 13.02083333
v -5.78446276 -2.10537226 13.02083333
v -5.51518592 -2.57177343 13.02083333
v -5.25000000 -3.03108891 13.02083333
v -4.98481408 -3.49040440 13.02083333
v -4.71553724 -3.95680556 13.02083333
v -4.43782217 -4.43782217 13.02083333
v -4.14677386 -4.94193264 13.02083333
v -3.83658003 -5.47920412 13.02083333
v -3.50000000 -6.06217783 13.02083333
v -2.82683995 -6.06217783 13.02083333
v -2.20645228 -6.06217783 13.02083333
v -1.62435565 -6.06217783 13.02083333
v -1.06892551 -6.06217783 13.02083333
v -0.53037184 -6.06217783 13.02083333
v -0.00000000 -6.06217783 13.02083333
v 0.53037184 -6.06217783 13.02083333
v 1.06892551 -6.06217783 13.02083333
v 1.62435565 -6.06217783 13.02083333
v 2.20645228 -6.06217783 13.02083333
v 2.82683995 -6.06217783 13.02083333
v 3.50000000 -6.06217783 13.02083333
v 3.83658003 -5.47920412 13.02083333
v 4.14677386 -4.94193264 13.02083333
v 4.43782217 -4.43782217 13.02083333
v 4.71553724 -3.95680556 13.02083333
v 4.98481408 -3.49040440 13.02083333
v 5.25000000 -3.03108891 13.02083333
v 5.51518592 -2.57177343 13.02083333
v 5.78446276 -2.10537226 13.02083333
v 6.06217783 -1.62435565 13.02083333
v 6.35322614 -1.12024518 13.02083333
v 6.66341997 -0.58297371 13.02083333
v 3.77222223 0.00000000 13.02083333
v 3.74052662 0.32725367 13.02083333
v 3.68062780 0.64899399 13.02083333
v 3.59324408 0.96280685 13.02083333
v 3.47929894 1.26636125 13.02083333
v 3.33991203 1.55742656 13.02083333
v 3.17638873 1.83388889 13.02083333
v 2.99020835 2.09376643 13.02083333
v 2.78301109 2.33522358 13.02083333
v 2.55658385 2.55658385 13.02083333
v 2.31284505 2.75634140 13.02083333
v 2.05382852 2.93317110 13.02083333
v 1.78166667 3.08593719 13.02083333
v 1.49857305 3.21370028 13.02083333
v 1.20682441 3.31572282 13.02083333
v 0.90874243 3.39147290 13.02083333
v 0.60667528 3.44062650 13.02083333
v 0.30297919 3.46306794 13.02083333
v 0.00000000 3.45888889 13.02083333
v -0.29994487 3.42838561 13.02083333
v -0.59458422 3.37205470 13.02083333
v -0.88171021 3.29058732 13.02083333
v -1.15919494 3.18486192 13.02083333
v -1.42500617 3.05593559 13.02083333
v -1.67722222 2.90503411 13.02083333
v -1.91404581 2.73354071 13.02083333
v -2.13381680 2.54298383 13.02083333
v -2.33502373 2.33502373 13.02083333
v -2.51631414 2.11143826 13.02083333
v -2.67650346 1.87410790 13.02083333
v -2.81458256 1.62500000 13.02083333
v -2.96127678 1.38086604 13.02083333
v -3.08671624 1.12347283 13.02083333
v -3.18970173 0.85467800 13.02083333
v -3.26919700 0.57644764 13.02083333
v -3.32433860 0.29084194 13.02083333
v -3.35444445 0.00000000 13.02083333
v -3.35902094 -0.29387625 13.02083333
v -3.33776880 -0.58853869 13.02083333
v -3.29058732 -0.88171021 13.02083333
v -3.21757714 -1.17110231 13.02083333
v -3.11904147 -1.45443292 13.02083333
v -2.99548565 -1.72944445 13.02083333
v -2.84761522 -1.99392164 13.02083333
v -2.67633231 -2.24570945 13.02083333
v -2.48273048 -2.48273048 13.02083333
v -2.26808799 -2.70300201 13.02083333
v -2.03385956 -2.90465247 13.02083333
v -1.78166667 -3.08593719 13.02083333
v -1.51328643 -3.24525322 13.02083333
v -1.23063915 -3.38115327 13.02083333
v -0.93577464 -3.49235849 13.02083333
v -0.63085740 -3.57777010 13.02083333
v -0.31815074 -3.63647961 13.02083333
v -0.00000000 -3.66777778 13.02083333
v 0.32118505 -3.67116195 13.02083333
v 0.64294846 -3.64634190 13.02083333
v 0.96280685 -3.59324408 13.02083333
v 1.27826862 -3.51201417 13.02083333
v 1.58685331 -3.40301791 13.02083333
v 1.88611111 -3.26684028 13.02083333
v 2.17364226 -3.10428286 13.02083333
v 2.44711624 -2.91635957 13.02083333
v 2.70429061 -2.70429061 13.02083333
v 2.94302927 -2.46949477 13.02083333
v 3.16132012 -2.21358018 13.02083333
v 3.35729182 -1.93833334 13.02083333
v 3.49767672 -1.63099344 13.02083333
v 3.61015984 -1.31399072 13.02083333
v 3.69412967 -0.98983906 13.02083333
v 3.74919960 -0.66108504 13.02083333
v 3.77520895 -0.33028799 13.02083333
v 7.00000000 0.00000000 13.12500000
v 6.66341997 0.58297371 13.12500000
v 6.35322614 1.12024518 13.12500000
v 6.06217783 1.62435565 13.12500000
v 5.78446276 2.10537226 13.12500000
v 5.51518592 2.57177343 13.12500000
v 5.25000000 3.03108891 13.12500000
v 4.98481408 3.49040440 13.12500000
v 4.71553724 3.95680556 13.12500000
v 4.43782217 4.43782217 13.12500000
v 4.14677386 4.94193264 13.12500000
v 3.83658003 5.47920412 13.12500000
v 3.50000000 6.06217783 13.12500000
v 2.82683995 6.06217783 13.12500000
v 2.20645228 6.06217783 13.12500000
v 1.62435565 6.06217783 13.12500000
v 1.06892551 6.06217783 13.12500000
v 0.53037184 6.06217783 13.12500000
v 0.00000000 6.06217783 13.12500000
v -0.53037184 6.06217783 13.12500000
v -1.06892551 6.06217783 13.12500000
v -1.62435565 6.06217783 13.12500000
v -2.20645228 6.06217783 13.12500000
v -2.82683995 6.06217783 13.12500000
v -3.50000000 6.06217783 13.12500000
v -3.83658003 5.47920412 13.12500000
v -4.14677386 4.94193264 13.12500000
v -4.43782217 4.43782217 13.12500000
v -4.71553724 3.95680556 13.12500000
v -4.98481408 3.49040440 13.12500000
v -5.25000000 3.03108891 13.12500000
v -5.51518592 2.57177343 13.12500000
v -5.78446276 2.10537226 13.12500000
v -6.06217783 1.62435565 13.12500000
v -6.35322614 1.12024518 13.12500000
v -6.66341997 0.58297371 13.12500000
v -7.00000000 0.00000000 13.12500000
v -6.66341997 -0.58297371 13.12500000
v -6.35322614 -1.12024518 13.12500000
v -6.06217783 -1.62435565 13.12500000
v -5.78446276 -2.10537226 13.12500000
v -5.51518592 -2.57177343 13.12500000
v -5.25000000 -3.03108891 13.12500000
v -4.98481408 -3.49040440 13.12500000
v -4.71553724 -3.95680556 13.12500000
v -4.43782217 -4.43782217 13.12500000
v -4.14677386 -4.94193264 13.12500000
v -3.83658003 -5.47920412 13.12500000
v -3.50000000 -6.06217783 13.12500000
v -2.82683995 -6.06217783 13.12500000
v -2.20645228 -6.06217783 13.12500000
v -1.62435565 -6.06217783 13.12500000
v -1.06892551 -6.06217783 13.12500000
v -0.53037184 -6.06217783 13.12500000
v -0.00000000 -6.06217783 13.12500000
v 0.53037184 -6.06217783 13.12500000
v 1.06892551 -6.06217783 13.12500000
v 1.62435565 -6.06217783 13.12500000
v 2.20645228 -6.06217783 13.12500000
v 2.82683995 -6.06217783 13.12500000
v 3.50000000 -6.06217783 13.12500000
v 3.83658003 -5.47920412 13.12500000
v 4.14677386 -4.94193264 13.12500000
v 4.43782217 -4.43782217 13.12500000
v 4.71553724 -3.95680556 13.12500000
v 4.98481408 -3.49040440 13.12500000
v 5.25000000 -3.03108891 13.12500000
v 5.51518592 -2.57177343 13.12500000
v 5.78446276 -2.10537226 13.12500000
v 6.06217783 -1.62435565 13.12500000
v 6.35322614 -1.12024518 13.12500000
v 6.66341997 -0.58297371 13.12500000
v 3.87666667 0.00000000 13.12500000
v 3.84457362 0.33635661 13.12500000
v 3.78348550 0.66713057 13.12500000
v 3.69412967 0.98983906 13.12500000
v 3.57744462 1.30208336 13.12500000
v 3.43457085 1.60156669 13.12500000
v 3.26684028 1.88611111 13.12500000
v 3.07576424 2.15367330 13.12500000
v 2.86302018 2.40235918 13.12500000
v 2.63043723 2.63043723 13.12500000
v 2.37998065 2.83635048 13.12500000
v 2.11373539 3.01872698 13.12500000
v 1.83388889 3.17638873 13.12500000
v 1.54271318 3.30835910 13.12500000
v 1.24254651 3.41386849 13.12500000
v 0.93577464 3.49235849 13.12500000
v 0.62481187 3.54348420 13.12500000
v 0.31208212 3.56711494 13.12500000
v 0.00000000 3.56333334 13.12500000
v -0.30904781 3.53243261 13.12500000
v -0.61272081 3.47491240 13.12500000
v -0.90874243 3.39147290 13.12500000
v -1.19491704 3.28300759 13.12500000
v -1.46914630 3.15059441 13.12500000
v -1.72944445 2.99548565 13.12500000
v -1.97395269 2.81909659 13.12500000
v -2.20095239 2.62299292 13.12500000
v -2.40887710 2.40887710 13.12500000
v -2.59632322 2.17857386 13.12500000
v -2.76205934 1.93401477 13.12500000
v -2.90503411 1.67722222 13.12500000
v -3.02438265 1.41029279 13.12500000
v -3.11943147 1.13538020 13.12500000
v -3.18970173 0.85467800 13.12500000
v -3.23491110 0.57040211 13.12500000
v -3.25497394 0.28477332 13.12500000
v -3.25000000 0.00000000 13.12500000
v -3.25497394 -0.28477332 13.12500000
v -3.23491110 -0.57040211 13.12500000
v -3.18970173 -0.85467800 13.12500000
v -3.11943147 -1.13538020 13.12500000
v -3.02438265 -1.41029279 13.12500000
v -2.90503411 -1.67722222 13.12500000
v -2.76205934 -1.93401477 13.12500000
v -2.59632322 -2.17857386 13.12500000
v -2.40887710 -2.40887710 13.12500000
v -2.20095239 -2.62299292 13.12500000
v -1.97395269 -2.81909659 13.12500000
v -1.72944445 -2.99548565 13.12500000
v -1.46914630 -3.15059441 13.12500000
v -1.19491704 -3.28300759 13.12500000
v -0.90874243 -3.39147290 13.12500000
v -0.61272081 -3.47491240 13.12500000
v -0.30904781 -3.53243261 13.12500000
v -0.00000000 -3.56333334 13.12500000
v 0.31208212 -3.56711494 13.12500000
v 0.62481187 -3.54348420 13.12500000
v 0.93577464 -3.49235849 13.12500000
v 1.24254651 -3.41386849 13.12500000
v 1.54271318 -3.30835910 13.12500000
v 1.83388889 -3.17638873 13.12500000
v 2.11373539 -3.01872698 13.12500000
v 2.37998065 -2.83635048 13.12500000
v 2.63043723 -2.63043723 13.12500000
v 2.86302018 -2.40235918 13.12500000
v 3.07576424 -2.15367330 13.12500000
v 3.26684028 -1.88611111 13.12500000
v 3.43457085 -1.60156669 13.12500000
v 3.57744462 -1.30208336 13.12500000
v 3.69412967 -0.98983906 13.12500000
v 3.78348550 -0.66713057 13.12500000
v 3.84457362 -0.33635661 13.12500000
v 7.00000000 0.00000000 13.22916667
v 6.66341997 0.58297371 13.22916667
v 6.35322614 1.12024518 13.22916667
v 6.06217783 1.62435565 13.22916667
v 5.78446276 2.10537226 13.22916667
v 5.51518592 2.57177343 13.22916667
v 5.25000000 3.03108891 13.22916667
v 4.98481408 3.49040440 13.22916667
v 4.71553724 3.95680556 13.22916667
v 4.43782217 4.43782217 13.22916667
v 4.14677386 4.94193264 13.22916667
v 3.83658003 5.47920412 13.22916667
v 3.50000000 6.06217783 13.22916667
v 2.82683995 6.06217783 13.22916667
v 2.20645228 6.06217783 13.22916667
v 1.62435565 6.06217783 13.22916667
v 1.06892551 6.06217783 13.22916667
v 0.53037184 6.06217783 13.22916667
v 0.00000000 6.06217783 13.22916667
v -0.53037184 6.06217783 13.22916667
v -1.06892551 6.06217783 13.22916667
v -1.62435565 6.06217783 13.22916667
v -2.20645228 6.06217783 13.22916667
v -2.82683995 6.06217783 13.22916667
v -3.50000000 6.06217783 13.22916667
v -3.83658003 5.47920412 13.22916667
v -4.14677386 4.94193264 13.22916667
v -4.43782217 4.43782217 13.22916667
v -4.71553724 3.95680556 13.22916667
v -4.98481408 3.49040440 13.22916667
v -5.25000000 3.03108891 13.22916667
v -5.51518592 2.57177343 13.22916667
v -5.78446276 2.10537226 13.22916667
v -6.06217783 1.62435565 13.22916667
v -6.35322614 1.12024518 13.22916667
v -6.66341997 0.58297371 13.22916667
v -7.00000000 0.00000000 13.22916667
v -6.66341997 -0.58297371 13.22916667
v -6.35322614 -1.12024518 13.22916667
v -6.06217783 -1.62435565 13.22916667
v -5.78446276 -2.10537226 13.22916667
v -5.51518592 -2.57177343 13.22916667
v -5.25000000 -3.03108891 13.22916667
v -4.98481408 -3.49040440 13.22916667
v -4.71553724 -3.95680556 13.22916667
v -4.43782217 -4.43782217 13.22916667
v -4.14677386 -4.94193264 13.22916667
v -3.83658003 -5.47920412 13.22916667
v -3.50000000 -6.06217783 13.22916667
v -2.82683995 -6.06217783 13.22916667
v -2.20645228 -6.06217783 13.22916667
v -1.62435565 -6.06217783 13.22916667
v -1.06892551 -6.06217783 13.22916667
v -0.53037184 -6.06217783 13.22916667
v -0.00000000 -6.06217783 13.22916667
v 0.53037184 -6.06217783 13.22916667
v 1.06892551 -6.06217783 13.22916667
v 1.62435565 -6.06217783 13.22916667
v 2.20645228 -6.06217783 13.22916667
v 2.82683995 -6.06217783 13.22916667
v 3.50000000 -6.06217783 13.22916667
v 3.83658003 -5.47920412 13.22916667
v 4.14677386 -4.94193264 13.22916667
v 4.43782217 -4.43782217 13.22916667
v 4.71553724 -3.95680556 13.22916667
v 4.98481408 -3.49040440 13.22916667
v 5.25000000 -3.03108891 13.22916667
v 5.51518592 -2.57177343 13.22916667
v 5.78446276 -2.10537226 13.22916667
v 6.06217783 -1.62435565 13.22916667
v 6.35322614 -1.12024518 13.22916667
v 6.66341997 -0.58297371 13.22916667
v 3.77222223 0.00000000 13.22916667
v 3.77520895 0.33028799 13.22916667
v 3.74919960 0.66108504 13.22916667
v 3.69412967 0.98983906 13.22916667
v 3.61015984 1.31399072 13.22916667
v 3.49767672 1.63099344 13.22916667
v 3.35729182 1.93833334 13.22916667
v 3.16132012 2.21358018 13.22916667
v 2.94302927 2.46949477 13.22916667
v 2.70429061 2.70429061 13.22916667
v 2.44711624 2.91635957 13.22916667
v 2.17364226 3.10428286 13.22916667
v 1.88611111 3.26684028 13.22916667
v 1.58685331 3.40301791 13.22916667
v 1.27826862 3.51201417 13.22916667
v 0.96280685 3.59324408 13.22916667
v 0.64294846 3.64634190 13.22916667
v 0.32118505 3.67116195 13.22916667
v 0.00000000 3.66777778 13.22916667
v -0.31815074 3.63647961 13.22916667
v -0.63085740 3.57777010 13.22916667
v -0.93577464 3.49235849 13.22916667
v -1.23063915 3.38115327 13.22916667
v -1.51328643 3.24525322 13.22916667
v -1.78166667 3.08593719 13.22916667
v -2.03385956 2.90465247 13.22916667
v -2.26808799 2.70300201 13.22916667
v -2.48273048 2.48273048 13.22916667
v -2.67633231 2.24570945 13.22916667
v -2.84761522 1.99392164 13.22916667
v -2.99548565 1.72944445 13.22916667
v -3.11904147 1.45443292 13.22916667
v -3.21757714 1.17110231 13.22916667
v -3.29058732 0.88171021 13.22916667
v -3.33776880 0.58853869 13.22916667
v -3.35902094 0.29387625 13.22916667
v -3.35444445 0.00000000 13.22916667
v -3.32433860 -0.29084194 13.22916667
v -3.26919700 -0.57644764 13.22916667
v -3.18970173 -0.85467800 13.22916667
v -3.08671624 -1.12347283 13.22916667
v -2.96127678 -1.38086604 13.22916667
v -2.81458256 -1.62500000 13.22916667
v -2.67650346 -1.87410790 13.22916667
v -2.51631414 -2.11143826 13.22916667
v -2.33502373 -2.33502373 13.22916667
v -2.13381680 -2.54298383 13.22916667
v -1.91404581 -2.73354071 13.22916667
v -1.67722222 -2.90503411 13.22916667
v -1.42500617 -3.05593559 13.22916667
v -1.15919494 -3.18486192 13.22916667
v -0.88171021 -3.29058732 13.22916667
v -0.59458422 -3.37205470 13.22916667
v -0.29994487 -3.42838561 13.22916667
v -0.00000000 -3.45888889 13.22916667
v 0.30297919 -3.46306794 13.22916667
v 0.60667528 -3.44062650 13.22916667
v 0.90874243 -3.39147290 13.22916667
v 1.20682441 -3.31572282 13.22916667
v 1.49857305 -3.21370028 13.22916667
v 1.78166667 -3.08593719 13.22916667
v 2.05382852 -2.93317110 13.22916667
v 2.31284505 -2.75634140 13.22916667
v 2.55658385 -2.55658385 13.22916667
v 2.78301109 -2.33522358 13.22916667
v 2.99020835 -2.09376643 13.22916667
v 3.17638873 -1.83388889 13.22916667
v 3.33991203 -1.55742656 13.22916667
v 3.47929894 -1.26636125 13.22916667
v 3.59324408 -0.96280685 13.22916667
v 3.68062780 -0.64899399 13.22916667
v 3.74052662 -0.32725367 13.22916667
v 7.00000000 0.00000000 13.33333333
v 6.66341997 0.58297371 13.33333333
v 6.35322614 1.12024518 13.33333333
v 6.06217783 1.62435565 13.33333333
v 5.78446276 2.10537226 13.33333333
v 5.51518592 2.57177343 13.33333333
v 5.25000000 3.03108891 13.33333333
v 4.98481408 3.49040440 13.33333333
v 4.71553724 3.95680556 13.33333333
v 4.43782217 4.43782217 13.33333333
v 4.14677386 4.94193264 13.33333333
v 3.83658003 5.47920412 13.33333333
v 3.50000000 6.06217783 13.33333333
v 2.82683995 6.06217783 13.33333333
v 2.20645228 6.06217783 13.33333333
v 1.62435565 6.06217783 13.33333333
v 1.06892551 6.06217783 13.33333333
v 0.53037184 6.06217783 13.33333333
v 0.00000000 6.06217783 13.33333333
v -0.53037184 6.06217783 13.33333333
v -1.06892551 6.06217783 13.33333333
v -1.62435565 6.06217783 13.33333333
v -2.20645228 6.06217783 13.33333333
v -2.82683995 6.06217783 13.33333333
v -3.50000000 6.06217783 13.33333333
v -3.83658003 5.47920412 13.33333333
v -4.14677386 4.94193264 13.33333333
v -4.43782217 4.43782217 13.33333333
v -4.71553724 3.95680556 13.33333333
v -4.98481408 3.49040440 13.33333333
v -5.25000000 3.03108891 13.33333333
v -5.51518592 2.57177343 13.33333333
v -5.78446276 2.10537226 13.33333333
v -6.06217783 1.62435565 13.33333333
v -6.35322614 1.12024518 13.33333333
v -6.66341997 0.58297371 13.33333333
v -7.00000000 0.00000000 13.33333333
v -6.66341997 -0.58297371 13.33333333
v -6.35322614 -1.12024518 13.33333333
v -6.06217783 -1.62435565 13.33333333
v -5.78446276 -2.10537226 13.33333333
v -5.51518592 -2.57177343 13.33333333
v -5.25000000 -3.03108891 13.33333333
v -4.98481408 -3.49040440 13.33333333
v -4.71553724 -3.95680556 13.33333333
v -4.43782217 -4.43782217 13.33333333
v -4.14677386 -4.94193264 13.33333333
v -3.83658003 -5.47920412 13.33333333
v -3.50000000 -6.06217783 13.33333333
v -2.82683995 -6.06217783 13.33333333
v -2.20645228 -6.06217783 13.33333333
v -1.62435565 -6.06217783 13.33333333
v -1.06892551 -6.06217783 13.33333333
v -0.53037184 -6.06217783 13.33333333
v -0.00000000 -6.06217783 13.33333333
v 0.53037184 -6.06217783 13.33333333
v 1.06892551 -6.06217783 13.33333333
v 1.62435565 -6.06217783 13.33333333
v 2.20645228 -6.06217783 13.33333333
v 2.82683995 -6.06217783 13.33333333
v 3.50000000 -6.06217783 13.33333333
v 3.83658003 -5.47920412 13.33333333
v 4.14677386 -4.94193264 13.33333333
v 4.43782217 -4.43782217 13.33333333
v 4.71553724 -3.95680556 13.33333333
v 4.98481408 -3.49040440 13.33333333
v 5.25000000 -3.03108891 13.33333333
v 5.51518592 -2.57177343 13.33333333
v 5.78446276 -2.10537226 13.33333333
v 6.06217783 -1.62435565 13.33333333
v 6.35322614 -1.12024518 13.33333333
v 6.66341997 -0.58297371 13.33333333
v 3.66777778 0.00000000 13.33333333
v 3.67116195 0.32118505 13.33333333
v 3.64634190 0.64294846 13.33333333
v 3.59324408 0.96280685 13.33333333
v 3.51201417 1.27826862 13.33333333
v 3.40301791 1.58685331 13.33333333
v 3.26684028 1.88611111 13.33333333
v 3.10428286 2.17364226 13.33333333
v 2.91635957 2.44711624 13.33333333
v 2.70429061 2.70429061 13.33333333
v 2.46949477 2.94302927 13.33333333
v 2.21358018 3.16132012 13.33333333
v 1.93833334 3.35729182 13.33333333
v 1.63099344 3.49767672 13.33333333
v 1.31399072 3.61015984 13.33333333
v 0.98983906 3.69412967 13.33333333
v 0.66108504 3.74919960 13.33333333
v 0.33028799 3.77520895 13.33333333
v 0.00000000 3.77222223 13.33333333
v -0.32725367 3.74052662 13.33333333
v -0.64899399 3.68062780 13.33333333
v -0.96280685 3.59324408 13.33333333
v -1.26636125 3.47929894 13.33333333
v -1.55742656 3.33991203 13.33333333
v -1.83388889 3.17638873 13.33333333
v -2.09376643 2.99020835 13.33333333
v -2.33522358 2.78301109 13.33333333
v -2.55658385 2.55658385 13.33333333
v -2.75634140 2.31284505 13.33333333
v -2.93317110 2.05382852 13.33333333
v -3.08593719 1.78166667 13.33333333
v -3.21370028 1.49857305 13.33333333
v -3.31572282 1.20682441 13.33333333
v -3.39147290 0.90874243 13.33333333
v -3.44062650 0.60667528 13.33333333
v -3.46306794 0.30297919 13.33333333
v -3.45888889 0.00000000 13.33333333
v -3.42838561 -0.29994487 13.33333333
v -3.37205470 -0.59458422 13.33333333
v -3.29058732 -0.88171021 13.33333333
v -3.18486192 -1.15919494 13.33333333
v -3.05593559 -1.42500617 13.33333333
v -2.90503411 -1.67722222 13.33333333
v -2.73354071 -1.91404581 13.33333333
v -2.54298383 -2.13381680 13.33333333
v -2.33502373 -2.33502373 13.33333333
v -2.11143826 -2.51631414 13.33333333
v -1.87410790 -2.67650346 13.33333333
v -1.62500000 -2.81458256 13.33333333
v -1.38086604 -2.96127678 13.33333333
v -1.12347283 -3.08671624 13.33333333
v -0.85467800 -3.18970173 13.33333333
v -0.57644764 -3.26919700 13.33333333
v -0.29084194 -3.32433860 13.33333333
v -0.00000000 -3.35444445 13.33333333
v 0.29387625 -3.35902094 13.33333333
v 0.58853869 -3.33776880 13.33333333
v 0.88171021 -3.29058732 13.33333333
v 1.17110231 -3.21757714 13.33333333
v 1.45443292 -3.11904147 13.33333333
v 1.72944445 -2.99548565 13.33333333
v 1.99392164 -2.84761522 13.33333333
v 2.24570945 -2.67633231 13.33333333
v 2.48273048 -2.48273048 13.33333333
v 2.70300201 -2.26808799 13.33333333
v 2.90465247 -2.03385956 13.33333333
v 3.08593719 -1.78166667 13.33333333
v 3.24525322 -1.51328643 13.33333333
v 3.38115327 -1.23063915 13.33333333
v 3.49235849 -0.93577464 13.33333333
v 3.57777010 -0.63085740 13.33333333
v 3.63647961 -0.31815074 13.33333333
v 7.00000000 0.00000000 13.43750000
v 6.66341997 0.58297371 13.43750000
v 6.35322614 1.12024518 13.43750000
v 6.06217783 1.62435565 13.43750000
v 5.78446276 2.10537226 13.43750000
v 5.51518592 2.57177343 13.43750000
v 5.25000000 3.03108891 13.43750000
v 4.98481408 3.49040440 13.43750000
v 4.71553724 3.95680556 13.43750000
v 4.43782217 4.43782217 13.43750000
v 4.14677386 4.94193264 13.43750000
v 3.83658003 5.47920412 13.43750000
v 3.50000000 6.06217783 13.43750000
v 2.82683995 6.06217783 13.43750000
v 2.20645228 6.06217783 13.43750000
v 1.62435565 6.06217783 13.43750000
v 1.06892551 6.06217783 13.43750000
v 0.53037184 6.06217783 13.43750000
v 0.00000000 6.06217783 13.43750000
v -0.53037184 6.06217783 13.43750000
v -1.06892551 6.06217783 13.43750000
v -1.62435565 6.06217783 13.43750000
v -2.20645228 6.06217783 13.43750000
v -2.82683995 6.06217783 13.43750000
v -3.50000000 6.06217783 13.43750000
v -3.83658003 5.47920412 13.43750000
v -4.14677386 4.94193264 13.43750000
v -4.43782217 4.43782217 13.43750000
v -4.71553724 3.95680556 13.43750000
v -4.98481408 3.49040440 13.43750000
v -5.25000000 3.03108891 13.43750000
v -5.51518592 2.57177343 13.43750000
v -5.78446276 2.10537226 13.43750000
v -6.06217783 1.62435565 13.43750000
v -6.35322614 1.12024518 13.43750000
v -6.66341997 0.58297371 13.43750000
v -7.00000000 0.00000000 13.43750000
v -6.66341997 -0.58297371 13.43750000
v -6.35322614 -1.12024518 13.43750000
v -6.06217783 -1.62435565 13.43750000
v -5.78446276 -2.10537226 13.43750000
v -5.51518592 -2.57177343 13.43750000
v -5.25000000 -3.03108891 13.43750000
v -4.98481408 -3.49040440 13.43750000
v -4.71553724 -3.95680556 13.43750000
v -4.43782217 -4.43782217 13.43750000
v -4.14677386 -4.94193264 13.43750000
v -3.83658003 -5.47920412 13.43750000
v -3.50000000 -6.06217783 13.43750000
v -2.82683995 -6.06217783 13.43750000
v -2.20645228 -6.06217783 13.43750000
v -1.62435565 -6.06217783 13.43750000
v -1.06892551 -6.06217783 13.43750000
v -0.53037184 -6.06217783 13.43750000
v -0.00000000 -6.06217783 13.43750000
v 0.53037184 -6.06217783 13.43750000
v 1.06892551 -6.06217783 13.43750000
v 1.62435565 -6.06217783 13.43750000
v 2.20645228 -6.06217783 13.43750000
v 2.82683995 -6.06217783 13.43750000
v 3.50000000 -6.06217783 13.43750000
v 3.83658003 -5.47920412 13.43750000
v 4.14677386 -4.94193264 13.43750000
v 4.43782217 -4.43782217 13.43750000
v 4.71553724 -3.95680556 13.43750000
v 4.98481408 -3.49040440 13.43750000
v 5.25000000 -3.03108891 13.43750000
v 5.51518592 -2.57177343 13.43750000
v 5.78446276 -2.10537226 13.43750000
v 6.06217783 -1.62435565 13.43750000
v 6.35322614 -1.12024518 13.43750000
v 6.66341997 -0.58297371 13.43750000
v 3.56333334 0.00000000 13.43750000
v 3.56711494 0.31208212 13.43750000
v 3.54348420 0.62481187 13.43750000
v 3.49235849 0.93577464 13.43750000
v 3.41386849 1.24254651 13.43750000
v 3.30835910 1.54271318 13.43750000
v 3.17638873 1.83388889 13.43750000
v 3.01872698 2.11373539 13.43750000
v 2.83635048 2.37998065 13.43750000
v 2.63043723 2.63043723 13.43750000
v 2.40235918 2.86302018 13.43750000
v 2.15367330 3.07576424 13.43750000
v 1.88611111 3.26684028 13.43750000
v 1.60156669 3.43457085 13.43750000
v 1.30208336 3.57744462 13.43750000
v 0.98983906 3.69412967 13.43750000
v 0.66713057 3.78348550 13.43750000
v 0.33635661 3.84457362 13.43750000
v 0.00000000 3.87666667 13.43750000
v -0.33635661 3.84457362 13.43750000
v -0.66713057 3.78348550 13.43750000
v -0.98983906 3.69412967 13.43750000
v -1.30208336 3.57744462 13.43750000
v -1.60156669 3.43457085 13.43750000
v -1.88611111 3.26684028 13.43750000
v -2.15367330 3.07576424 13.43750000
v -2.40235918 2.86302018 13.43750000
v -2.63043723 2.63043723 13.43750000
v -2.83635048 2.37998065 13.43750000
v -3.01872698 2.11373539 13.43750000
v -3.17638873 1.83388889 13.43750000
v -3.30835910 1.54271318 13.43750000
v -3.41386849 1.24254651 13.43750000
v -3.49235849 0.93577464 13.43750000
v -3.54348420 0.62481187 13.43750000
v -3.56711494 0.31208212 13.43750000
v -3.56333334 0.00000000 13.43750000
v -3.53243261 -0.30904781 13.43750000
v -3.47491240 -0.61272081 13.43750000
v -3.39147290 -0.90874243 13.43750000
v -3.28300759 -1.19491704 13.43750000
v -3.15059441 -1.46914630 13.43750000
v -2.99548565 -1.72944445 13.43750000
v -2.81909659 -1.97395269 13.43750000
v -2.62299292 -2.20095239 13.43750000
v -2.40887710 -2.40887710 13.43750000
v -2.17857386 -2.59632322 13.43750000
v -1.93401477 -2.76205934 13.43750000
v -1.67722222 -2.90503411 13.43750000
v -1.41029279 -3.02438265 13.43750000
v -1.13538020 -3.11943147 13.43750000
v -0.85467800 -3.18970173 13.43750000
v -0.57040211 -3.23491110 13.43750000
v -0.28477332 -3.25497394 13.43750000
v -0.00000000 -3.25000000 13.43750000
v 0.28477332 -3.25497394 13.43750000
v 0.57040211 -3.23491110 13.43750000
v 0.85467800 -3.18970173 13.43750000
v 1.13538020 -3.11943147 13.43750000
v 1.41029279 -3.02438265 13.43750000
v 1.67722222 -2.90503411 13.43750000
v 1.93401477 -2.76205934 13.43750000
v 2.17857386 -2.59632322 13.43750000
v 2.40887710 -2.40887710 13.43750000
v 2.62299292 -2.20095239 13.43750000
v 2.81909659 -1.97395269 13.43750000
v 2.99548565 -1.72944445 13.43750000
v 3.15059441 -1.46914630 13.43750000
v 3.28300759 -1.19491704 13.43750000
v 3.39147290 -0.90874243 13.43750000
v 3.47491240 -0.61272081 13.43750000
v 3.53243261 -0.30904781 13.43750000
v 7.00000000 0.00000000 13.54166667
v 6.66341997 0.58297371 13.54166667
v 6.35322614 1.12024518 13.54166667
v 6.06217783 1.62435565 13.54166667
v 5.78446276 2.10537226 13.54166667
v 5.51518592 2.57177343 13.54166667
v 5.25000000 3.03108891 13.54166667
v 4.98481408 3.49040440 13.54166667
v 4.71553724 3.95680556 13.54166667
v 4.43782217 4.43782217 13.54166667
v 4.14677386 4.94193264 13.54166667
v 3.83658003 5.47920412 13.54166667
v 3.50000000 6.06217783 13.54166667
v 2.82683995 6.06217783 13.54166667
v 2.20645228 6.06217783 13.54166667
v 1.62435565 6.06217783 13.54166667
v 1.06892551 6.06217783 13.54166667
v 0.53037184 6.06217783 13.54166667
v 0.00000000 6.06217783 13.54166667
v -0.53037184 6.06217783 13.54166667
v -1.06892551 6.06217783 13.54166667
v -1.62435565 6.06217783 13.54166667
v -2.20645228 6.06217783 13.54166667
v -2.82683995 6.06217783 13.54166667
v -3.50000000 6.06217783 13.54166667
v -3.83658003 5.47920412 13.54166667
v -4.14677386 4.94193264 13.54166667
v -4.43782217 4.43782217 13.54166667
v -4.71553724 3.95680556 13.54166667
v -4.98481408 3.49040440 13.54166667
v -5.25000000 3.03108891 13.54166667
v -5.51518592 2.57177343 13.54166667
v -5.78446276 2.10537226 13.54166667
v -6.06217783 1.62435565 13.54166667
v -6.35322614 1.12024518 13.54166667
v -6.66341997 0.58297371 13.54166667
v -7.00000000 0.00000000 13.54166667
v -6.66341997 -0.58297371 13.54166667
v -6.35322614 -1.12024518 13.54166667
v -6.06217783 -1.62435565 13.54166667
v -5.78446276 -2.10537226 13.54166667
v -5.51518592 -2.57177343 13.54166667
v -5.25000000 -3.03108891 13.54166667
v -4.98481408 -3.49040440 13.54166667
v -4.71553724 -3.95680556 13.54166667
v -4.43782217 -4.43782217 13.54166667
v -4.14677386 -4.94193264 13.54166667
v -3.83658003 -5.47920412 13.54166667
v -3.50000000 -6.06217783 13.54166667
v -2.82683995 -6.06217783 13.54166667
v -2.20645228 -6.06217783 13.54166667
v -1.62435565 -6.06217783 13.54166667
v -1.06892551 -6.06217783 13.54166667
v -0.53037184 -6.06217783 13.54166667
v -0.00000000 -6.06217783 13.54166667
v 0.53037184 -6.06217783 13.54166667
v 1.06892551 -6.06217783 13.54166667
v 1.62435565 -6.06217783 13.54166667
v 2.20645228 -6.06217783 13.54166667
v 2.82683995 -6.06217783 13.54166667
v 3.50000000 -6.06217783 13.54166667
v 3.83658003 -5.47920412 13.54166667
v 4.14677386 -4.94193264 13.54166667
v 4.43782217 -4.43782217 13.54166667
v 4.71553724 -3.95680556 13.54166667
v 4.98481408 -3.49040440 13.54166667
v 5.25000000 -3.03108891 13.54166667
v 5.51518592 -2.57177343 13.54166667
v 5.78446276 -2.10537226 13.54166667
v 6.06217783 -1.62435565 13.54166667
v 6.35322614 -1.12024518 13.54166667
v 6.66341997 -0.58297371 13.54166667
v 3.45888889 0.00000000 13.54166667
v 3.46306794 0.30297919 13.54166667
v 3.44062650 0.60667528 13.54166667
v 3.39147290 0.90874243 13.54166667
v 3.31572282 1.20682441 13.54166667
v 3.21370028 1.49857305 13.54166667
v 3.08593719 1.78166667 13.54166667
v 2.93317110 2.05382852 13.54166667
v 2.75634140 2.31284505 13.54166667
v 2.55658385 2.55658385 13.54166667
v 2.33522358 2.78301109 13.54166667
v 2.09376643 2.99020835 13.54166667
v 1.83388889 3.17638873 13.54166667
v 1.55742656 3.33991203 13.54166667
v 1.26636125 3.47929894 13.54166667
v 0.96280685 3.59324408 13.54166667
v 0.64899399 3.68062780 13.54166667
v 0.32725367 3.74052662 13.54166667
v 0.00000000 3.77222223 13.54166667
v -0.33028799 3.77520895 13.54166667
v -0.66108504 3.74919960 13.54166667
v -0.98983906 3.69412967 13.54166667
v -1.31399072 3.61015984 13.54166667
v -1.63099344 3.49767672 13.54166667
v -1.93833334 3.35729182 13.54166667
v -2.21358018 3.16132012 13.54166667
v -2.46949477 2.94302927 13.54166667
v -2.70429061 2.70429061 13.54166667
v -2.91635957 2.44711624 13.54166667
v -3.10428286 2.17364226 13.54166667
v -3.26684028 1.88611111 13.54166667
v -3.40301791 1.58685331 13.54166667
v -3.51201417 1.27826862 13.54166667
v -3.59324408 0.96280685 13.54166667
v -3.64634190 0.64294846 13.54166667
v -3.67116195 0.32118505 13.54166667
v -3.66777778 0.00000000 13.54166667
v -3.63647961 -0.31815074 13.54166667
v -3.57777010 -0.63085740 13.54166667
v -3.49235849 -0.93577464 13.54166667
v -3.38115327 -1.23063915 13.54166667
v -3.24525322 -1.51328643 13.54166667
v -3.08593719 -1.78166667 13.54166667
v -2.90465247 -2.03385956 13.54166667
v -2.70300201 -2.26808799 13.54166667
v -2.48273048 -2.48273048 13.54166667
v -2.24570945 -2.67633231 13.54166667
v -1.99392164 -2.84761522 13.54166667
v -1.72944445 -2.99548565 13.54166667
v -1.45443292 -3.11904147 13.54166667
v -1.17110231 -3.21757714 13.54166667
v -0.88171021 -3.29058732 13.54166667
v -0.58853869 -3.33776880 13.54166667
v -0.29387625 -3.35902094 13.54166667
v -0.00000000 -3.35444445 13.54166667
v 0.29084194 -3.32433860 13.54166667
v 0.57644764 -3.26919700 13.54166667
v 0.85467800 -3.18970173 13.54166667
v 1.12347283 -3.08671624 13.54166667
v 1.38086604 -2.96127678 13.54166667
v 1.62500000 -2.81458256 13.54166667
v 1.87410790 -2.67650346 13.54166667
v 2.11143826 -2.51631414 13.54166667
v 2.33502373 -2.33502373 13.54166667
v 2.54298383 -2.13381680 13.54166667
v 2.73354071 -1.91404581 13.54166667
v 2.90503411 -1.67722222 13.54166667
v 3.05593559 -1.42500617 13.54166667
v 3.18486192 -1.15919494 13.54166667
v 3.29058732 -0.88171021 13.54166667
v 3.37205470 -0.59458422 13.54166667
v 3.42838561 -0.29994487 13.54166667
v 7.00000000 0.00000000 13.64583333
v 6.66341997 0.58297371 13.64583333
v 6.35322614 1.12024518 13.64583333
v 6.06217783 1.62435565 13.64583333
v 5.78446276 2.10537226 13.64583333
v 5.51518592 2.57177343 13.64583333
v 5.25000000 3.03108891 13.64583333
v 4.98481408 3.49040440 13.64583333
v 4.71553724 3.95680556 13.64583333
v 4.43782217 4.43782217 13.64583333
v 4.14677386 4.94193264 13.64583333
v 3.83658003 5.47920412 13.64583333
v 3.50000000 6.06217783 13.64583333
v 2.82683995 6.06217783 13.64583333
v 2.20645228 6.06217783 13.64583333
v 1.62435565 6.06217783 13.64583333
v 1.06892551 6.06217783 13.64583333
v 0.53037184 6.06217783 13.64583333
v 0.00000000 6.06217783 13.64583333
v -0.53037184 6.06217783 13.64583333
v -1.06892551 6.06217783 13.64583333
v -1.62435565 6.06217783 13.64583333
v -2.20645228 6.06217783 13.64583333
v -2.82683995 6.06217783 13.64583333
v -3.50000000 6.06217783 13.64583333
v -3.83658003 5.47920412 13.64583333
v -4.14677386 4.94193264 13.64583333
v -4.43782217 4.43782217 13.64583333
v -4.71553724 3.95680556 13.64583333
v -4.98481408 3.49040440 13.64583333
v -5.25000000 3.03108891 13.64583333
v -5.51518592 2.57177343 13.64583333
v -5.78446276 2.10537226 13.64583333
v -6.06217783 1.62435565 13.64583333
v -6.35322614 1.12024518 13.64583333
v -6.66341997 0.58297371 13.64583333
v -7.00000000 0.00000000 13.64583333
v -6.66341997 -0.58297371 13.64583333
v -6.35322614 -1.12024518 13.64583333
v -6.06217783 -1.62435565 13.64583333
v -5.78446276 -2.10537226 13.64583333
v -5.51518592 -2.57177343 13.64583333
v -5.25000000 -3.03108891 13.64583333
v -4.98481408 -3.49040440 13.64583333
v -4.71553724 -3.95680556 13.64583333
v -4.43782217 -4.43782217 13.64583333
v -4.14677386 -4.94193264 13.64583333
v -3.83658003 -5.47920412 13.64583333
v -3.50000000 -6.06217783 13.64583333
v -2.82683995 -6.06217783 13.64583333
v -2.20645228 -6.06217783 13.64583333
v -1.62435565 -6.06217783 13.64583333
v -1.06892551 -6.06217783 13.64583333
v -0.53037184 -6.06217783 13.64583333
v -0.00000000 -6.06217783 13.64583333
v 0.53037184 -6.06217783 13.64583333
v 1.06892551 -6.06217783 13.64583333
v 1.62435565 -6.06217783 13.64583333
v 2.20645228 -6.06217783 13.64583333
v 2.82683995 -6.06217783 13.64583333
v 3.50000000 -6.06217783 13.64583333
v 3.83658003 -5.47920412 13.64583333
v 4.14677386 -4.94193264 13.64583333
v 4.43782217 -4.43782217 13.64583333
v 4.71553724 -3.95680556 13.64583333
v 4.98481408 -3.49040440 13.64583333
v 5.25000000 -3.03108891 13.64583333
v 5.51518592 -2.57177343 13.64583333
v 5.78446276 -2.10537226 13.64583333
v 6.06217783 -1.62435565 13.64583333
v 6.35322614 -1.12024518 13.64583333
v 6.66341997 -0.58297371 13.64583333
v 3.35444445 0.00000000 13.64583333
v 3.35902094 0.29387625 13.64583333
v 3.33776880 0.58853869 13.64583333
v 3.29058732 0.88171021 13.64583333
v 3.21757714 1.17110231 13.64583333
v 3.11904147 1.45443292 13.64583333
v 2.99548565 1.72944445 13.64583333
v 2.84761522 1.99392164 13.64583333
v 2.67633231 2.24570945 13.64583333
v 2.48273048 2.48273048 13.64583333
v 2.26808799 2.70300201 13.64583333
v 2.03385956 2.90465247 13.64583333
v 1.78166667 3.08593719 13.64583333
v 1.51328643 3.24525322 13.64583333
v 1.23063915 3.38115327 13.64583333
v 0.93577464 3.49235849 13.64583333
v 0.63085740 3.57777010 13.64583333
v 0.31815074 3.63647961 13.64583333
v 0.00000000 3.66777778 13.64583333
v -0.32118505 3.67116195 13.64583333
v -0.64294846 3.64634190 13.64583333
v -0.96280685 3.59324408 13.64583333
v -1.27826862 3.51201417 13.64583333
v -1.58685331 3.40301791 13.64583333
v -1.88611111 3.26684028 13.64583333
v -2.17364226 3.10428286 13.64583333
v -2.44711624 2.91635957 13.64583333
v -2.70429061 2.70429061 13.64583333
v -2.94302927 2.46949477 13.64583333
v -3.16132012 2.21358018 13.64583333
v -3.35729182 1.93833334 13.64583333
v -3.49767672 1.63099344 13.64583333
v -3.61015984 1.31399072 13.64583333
v -3.69412967 0.98983906 13.64583333
v -3.74919960 0.66108504 13.64583333
v -3.77520895 0.33028799 13.64583333
v -3.77222223 0.00000000 13.64583333
v -3.74052662 -0.32725367 13.64583333
v -3.68062780 -0.64899399 13.64583333
v -3.59324408 -0.96280685 13.64583333
v -3.47929894 -1.26636125 13.64583333
v -3.33991203 -1.55742656 13.64583333
v -3.17638873 -1.83388889 13.64583333
v -2.99020835 -2.09376643 13.64583333
v -2.78301109 -2.33522358 13.64583333
v -2.55658385 -2.55658385 13.64583333
v -2.31284505 -2.75634140 13.64583333
v -2.05382852 -2.93317110 13.64583333
v -1.78166667 -3.08593719 13.64583333
v -1.49857305 -3.21370028 13.64583333
v -1.20682441 -3.31572282 13.64583333
v -0.90874243 -3.39147290 13.64583333
v -0.60667528 -3.44062650 13.64583333
v -0.30297919 -3.46306794 13.64583333
v -0.00000000 -3.45888889 13.64583333
v 0.29994487 -3.42838561 13.64583333
v 0.59458422 -3.37205470 13.64583333
v 0.88171021 -3.29058732 13.64583333
v 1.15919494 -3.18486192 13.64583333
v 1.42500617 -3.05593559 13.64583333
v 1.67722222 -2.90503411 13.64583333
v 1.91404581 -2.73354071 13.64583333
v 2.13381680 -2.54298383 13.64583333
v 2.33502373 -2.33502373 13.64583333
v 2.51631414 -2.11143826 13.64583333
v 2.67650346 -1.87410790 13.64583333
v 2.81458256 -1.62500000 13.64583333
v 2.96127678 -1.38086604 13.64583333
v 3.08671624 -1.12347283 13.64583333
v 3.18970173 -0.85467800 13.64583333
v 3.26919700 -0.57644764 13.64583333
v 3.32433860 -0.29084194 13.64583333
v 7.00000000 0.00000000 13.75000000
v 6.66341997 0.58297371 13.75000000
v 6.35322614 1.12024518 13.75000000
v 6.06217783 1.62435565 13.75000000
v 5.78446276 2.10537226 13.75000000
v 5.51518592 2.57177343 13.75000000
v 5.25000000 3.03108891 13.75000000
v 4.98481408 3.49040440 13.75000000
v 4.71553724 3.95680556 13.75000000
v 4.43782217 4.43782217 13.75000000
v 4.14677386 4.94193264 13.75000000
v 3.83658003 5.47920412 13.75000000
v 3.50000000 6.06217783 13.75000000
v 2.82683995 6.06217783 13.75000000
v 2.20645228 6.06217783 13.75000000
v 1.62435565 6.06217783 13.75000000
v 1.06892551 6.06217783 13.75000000
v 0.53037184 6.06217783 13.75000000
v 0.00000000 6.06217783 13.75000000
v -0.53037184 6.06217783 13.75000000
v -1.06892551 6.06217783 13.75000000
v -1.62435565 6.06217783 13.75000000
v -2.20645228 6.06217783 13.75000000
v -2.82683995 6.06217783 13.75000000
v -3.50000000 6.06217783 13.75000000
v -3.83658003 5.47920412 13.75000000
v -4.14677386 4.94193264 13.75000000
v -4.43782217 4.43782217 13.75000000
v -4.71553724 3.95680556 13.75000000
v -4.98481408 3.49040440 13.75000000
v -5.25000000 3.03108891 13.75000000
v -5.51518592 2.57177343 13.75000000
v -5.78446276 2.10537226 13.75000000
v -6.06217783 1.62435565 13.75000000
v -6.35322614 1.12024518 13.75000000
v -6.66341997 0.58297371 13.75000000
v -7.00000000 0.00000000 13.75000000
v -6.66341997 -0.58297371 13.75000000
v -6.35322614 -1.12024518 13.75000000
v -6.06217783 -1.62435565 13.75000000
v -5.78446276 -2.10537226 13.75000000
v -5.51518592 -2.57177343 13.75000000
v -5.25000000 -3.03108891 13.75000000
v -4.98481408 -3.49040440 13.75000000
v -4.71553724 -3.95680556 13.75000000
v -4.43782217 -4.43782217 13.75000000
v -4.14677386 -4.94193264 13.75000000
v -3.83658003 -5.47920412 13.75000000
v -3.50000000 -6.06217783 13.75000000
v -2.82683995 -6.06217783 13.75000000
v -2.20645228 -6.06217783 13.75000000
v -1.62435565 -6.06217783 13.75000000
v -1.06892551 -6.06217783 13.75000000
v -0.53037184 -6.06217783 13.75000000
v -0.00000000 -6.06217783 13.75000000
v 0.53037184 -6.06217783 13.75000000
v 1.06892551 -6.06217783 13.75000000
v 1.62435565 -6.06217783 13.75000000
v 2.20645228 -6.06217783 13.75000000
v 2.82683995 -6.06217783 13.75000000
v 3.50000000 -6.06217783 13.75000000
v 3.83658003 -5.47920412 13.75000000
v 4.14677386 -4.94193264 13.75000000
v 4.43782217 -4.43782217 13.75000000
v 4.71553724 -3.95680556 13.75000000
v 4.98481408 -3.49040440 13.75000000
v 5.25000000 -3.03108891 13.75000000
v 5.51518592 -2.57177343 13.75000000
v 5.78446276 -2.10537226 13.75000000
v 6.06217783 -1.62435565 13.75000000
v 6.35322614 -1.12024518 13.75000000
v 6.66341997 -0.58297371 13.75000000
v 3.25000000 0.00000000 13.75000000
v 3.25497394 0.28477332 13.75000000
v 3.23491110 0.57040211 13.75000000
v 3.18970173 0.85467800 13.75000000
v 3.11943147 1.13538020 13.75000000
v 3.02438265 1.41029279 13.75000000
v 2.90503411 1.67722222 13.75000000
v 2.76205934 1.93401477 13.75000000
v 2.59632322 2.17857386 13.75000000
v 2.40887710 2.40887710 13.75000000
v 2.20095239 2.62299292 13.75000000
v 1.97395269 2.81909659 13.75000000
v 1.72944445 2.99548565 13.75000000
v 1.46914630 3.15059441 13.75000000
v 1.19491704 3.28300759 13.75000000
v 0.90874243 3.39147290 13.75000000
v 0.61272081 3.47491240 13.75000000
v 0.30904781 3.53243261 13.75000000
v 0.00000000 3.56333334 13.75000000
v -0.31208212 3.56711494 13.75000000
v -0.62481187 3.54348420 13.75000000
v -0.93577464 3.49235849 13.75000000
v -1.24254651 3.41386849 13.75000000
v -1.54271318 3.30835910 13.75000000
v -1.83388889 3.17638873 13.75000000
v -2.11373539 3.01872698 13.75000000
v -2.37998065 2.83635048 13.75000000
v -2.63043723 2.63043723 13.75000000
v -2.86302018 2.40235918 13.75000000
v -3.07576424 2.15367330 13.75000000
v -3.26684028 1.88611111 13.75000000
v -3.43457085 1.60156669 13.75000000
v -3.57744462 1.30208336 13.75000000
v -3.69412967 0.98983906 13.75000000
v -3.78348550 0.66713057 13.75000000
v -3.84457362 0.33635661 13.75000000
v -3.87666667 0.00000000 13.75000000
v -3.84457362 -0.33635661 13.75000000
v -3.78348550 -0.66713057 13.75000000
v -3.69412967 -0.98983906 13.75000000
v -3.57744462 -1.30208336 13.75000000
v -3.43457085 -1.60156669 13.75000000
v -3.26684028 -1.88611111 13.75000000
v -3.07576424 -2.15367330 13.75000000
v -2.86302018 -2.40235918 13.75000000
v -2.63043723 -2.63043723 13.75000000
v -2.37998065 -2.83635048 13.75000000
v -2.11373539 -3.01872698 13.75000000
v -1.83388889 -3.17638873 13.75000000
v -1.54271318 -3.30835910 13.75000000
v -1.24254651 -3.41386849 13.75000000
v -0.93577464 -3.49235849 13.75000000
v -0.62481187 -3.54348420 13.75000000
v -0.31208212 -3.56711494 13.75000000
v -0.00000000 -3.56333334 13.75000000
v 0.30904781 -3.53243261 13.75000000
v 0.61272081 -3.47491240 13.75000000
v 0.90874243 -3.39147290 13.75000000
v 1.19491704 -3.28300759 13.75000000
v 1.46914630 -3.15059441 13.75000000
v 1.72944445 -2.99548565 13.75000000
v 1.97395269 -2.81909659 13.75000000
v 2.20095239 -2.62299292 13.75000000
v 2.40887710 -2.40887710 13.75000000
v 2.59632322 -2.17857386 13.75000000
v 2.76205934 -1.93401477 13.75000000
v 2.90503411 -1.67722222 13.75000000
v 3.02438265 -1.41029279 13.75000000
v 3.11943147 -1.13538020 13.75000000
v 3.18970173 -0.85467800 13.75000000
v 3.23491110 -0.57040211 13.75000000
v 3.25497394 -0.28477332 13.75000000
v 7.00000000 0.00000000 13.85416667
v 6.66341997 0.58297371 13.85416667
v 6.35322614 1.12024518 13.85416667
v 6.06217783 1.62435565 13.85416667
v 5.78446276 2.10537226 13.85416667
v 5.51518592 2.57177343 13.85416667
v 5.25000000 3.03108891 13.85416667
v 4.98481408 3.49040440 13.85416667
v 4.71553724 3.95680556 13.85416667
v 4.43782217 4.43782217 13.85416667
v 4.14677386 4.94193264 13.85416667
v 3.83658003 5.47920412 13.85416667
v 3.50000000 6.06217783 13.85416667
v 2.82683995 6.06217783 13.85416667
v 2.20645228 6.06217783 13.85416667
v 1.62435565 6.06217783 13.85416667
v 1.06892551 6.06217783 13.85416667
v 0.53037184 6.06217783 13.85416667
v 0.00000000 6.06217783 13.85416667
v -0.53037184 6.06217783 13.85416667
v -1.06892551 6.06217783 13.85416667
v -1.62435565 6.06217783 13.85416667
v -2.20645228 6.06217783 13.85416667
v -2.82683995 6.06217783 13.85416667
v -3.50000000 6.06217783 13.85416667
v -3.83658003 5.47920412 13.85416667
v -4.14677386 4.94193264 13.85416667
v -4.43782217 4.43782217 13.85416667
v -4.71553724 3.95680556 13.85416667
v -4.98481408 3.49040440 13.85416667
v -5.25000000 3.03108891 13.85416667
v -5.51518592 2.57177343 13.85416667
v -5.78446276 2.10537226 13.85416667
v -6.06217783 1.62435565 13.85416667
v -6.35322614 1.12024518 13.85416667
v -6.66341997 0.58297371 13.85416667
v -7.00000000 0.00000000 13.85416667
v -6.66341997 -0.58297371 13.85416667
v -6.35322614 -1.12024518 13.85416667
v -6.06217783 -1.62435565 13.85416667
v -5.78446276 -2.10537226 13.85416667
v -5.51518592 -2.57177343 13.85416667
v -5.25000000 -3.03108891 13.85416667
v -4.98481408 -3.49040440 13.85416667
v -4.71553724 -3.95680556 13.85416667
v -4.43782217 -4.43782217 13.85416667
v -4.14677386 -4.94193264 13.85416667
v -3.83658003 -5.47920412 13.85416667
v -3.50000000 -6.06217783 13.85416667
v -2.82683995 -6.06217783 13.85416667
v -2.20645228 -6.06217783 13.85416667
v -1.62435565 -6.06217783 13.85416667
v -1.06892551 -6.06217783 13.85416667
v -0.53037184 -6.06217783 13.85416667
v -0.00000000 -6.06217783 13.85416667
v 0.53037184 -6.06217783 13.85416667
v 1.06892551 -6.06217783 13.85416667
v 1.62435565 -6.06217783 13.85416667
v 2.20645228 -6.06217783 13.85416667
v 2.82683995 -6.06217783 13.85416667
v 3.50000000 -6.06217783 13.85416667
v 3.83658003 -5.47920412 13.85416667
v 4.14677386 -4.94193264 13.85416667
v 4.43782217 -4.43782217 13.85416667
v 4.71553724 -3.95680556 13.85416667
v 4.98481408 -3.49040440 13.85416667
v 5.25000000 -3.03108891 13.85416667
v 5.51518592 -2.57177343 13.85416667
v 5.78446276 -2.10537226 13.85416667
v 6.06217783 -1.62435565 13.85416667
v 6.35322614 -1.12024518 13.85416667
v 6.66341997 -0.58297371 13.85416667
v 3.35444445 0.00000000 13.85416667
v 3.32433860 0.29084194 13.85416667
v 3.26919700 0.57644764 13.85416667
v 3.18970173 0.85467800 13.85416667
v 3.08671624 1.12347283 13.85416667
v 2.96127678 1.38086604 13.85416667
v 2.81458256 1.62500000 13.85416667
v 2.67650346 1.87410790 13.85416667
v 2.51631414 2.11143826 13.85416667
v 2.33502373 2.33502373 13.85416667
v 2.13381680 2.54298383 13.85416667
v 1.91404581 2.73354071 13.85416667
v 1.67722222 2.90503411 13.85416667
v 1.42500617 3.05593559 13.85416667
v 1.15919494 3.18486192 13.85416667
v 0.88171021 3.29058732 13.85416667
v 0.59458422 3.37205470 13.85416667
v 0.29994487 3.42838561 13.85416667
v 0.00000000 3.45888889 13.85416667
v -0.30297919 3.46306794 13.85416667
v -0.60667528 3.44062650 13.85416667
v -0.90874243 3.39147290 13.85416667
v -1.20682441 3.31572282 13.85416667
v -1.49857305 3.21370028 13.85416667
v -1.78166667 3.08593719 13.85416667
v -2.05382852 2.93317110 13.85416667
v -2.31284505 2.75634140 13.85416667
v -2.55658385 2.55658385 13.85416667
v -2.78301109 2.33522358 13.85416667
v -2.99020835 2.09376643 13.85416667
v -3.17638873 1.83388889 13.85416667
v -3.33991203 1.55742656 13.85416667
v -3.47929894 1.26636125 13.85416667
v -3.59324408 0.96280685 13.85416667
v -3.68062780 0.64899399 13.85416667
v -3.74052662 0.32725367 13.85416667
v -3.77222223 0.00000000 13.85416667
v -3.77520895 -0.33028799 13.85416667
v -3.74919960 -0.66108504 13.85416667
v -3.69412967 -0.98983906 13.85416667
v -3.61015984 -1.31399072 13.85416667
v -3.49767672 -1.63099344 13.85416667
v -3.35729182 -1.93833334 13.85416667
v -3.16132012 -2.21358018 13.85416667
v -2.94302927 -2.46949477 13.85416667
v -2.70429061 -2.70429061 13.85416667
v -2.44711624 -2.91635957 13.85416667
v -2.17364226 -3.10428286 13.85416667
v -1.88611111 -3.26684028 13.85416667
v -1.58685331 -3.40301791 13.85416667
v -1.27826862 -3.51201417 13.85416667
v -0.96280685 -3.59324408 13.85416667
v -0.64294846 -3.64634190 13.85416667
v -0.32118505 -3.67116195 13.85416667
v -0.00000000 -3.66777778 13.85416667
v 0.31815074 -3.63647961 13.85416667
v 0.63085740 -3.57777010 13.85416667
v 0.93577464 -3.49235849 13.85416667
v 1.23063915 -3.38115327 13.85416667
v 1.51328643 -3.24525322 13.85416667
v 1.78166667 -3.08593719 13.85416667
v 2.03385956 -2.90465247 13.85416667
v 2.26808799 -2.70300201 13.85416667
v 2.48273048 -2.48273048 13.85416667
v 2.67633231 -2.24570945 13.85416667
v 2.84761522 -1.99392164 13.85416667
v 2.99548565 -1.72944445 13.85416667
v 3.11904147 -1.45443292 13.85416667
v 3.21757714 -1.17110231 13.85416667
v 3.29058732 -0.88171021 13.85416667
v 3.33776880 -0.58853869 13.85416667
v 3.35902094 -0.29387625 13.85416667
v 7.00000000 0.00000000 13.95833333
v 6.66341997 0.58297371 13.95833333
v 6.35322614 1.12024518 13.95833333
v 6.06217783 1.62435565 13.95833333
v 5.78446276 2.10537226 13.95833333
v 5.51518592 2.57177343 13.95833333
v 5.25000000 3.03108891 13.95833333
v 4.98481408 3.49040440 13.95833333
v 4.71553724 3.95680556 13.95833333
v 4.43782217 4.43782217 13.95833333
v 4.14677386 4.94193264 13.95833333
v 3.83658003 5.47920412 13.95833333
v 3.50000000 6.06217783 13.95833333
v 2.82683995 6.06217783 13.95833333
v 2.20645228 6.06217783 13.95833333
v 1.62435565 6.06217783 13.95833333
v 1.06892551 6.06217783 13.95833333
v 0.53037184 6.06217783 13.95833333
v 0.00000000 6.06217783 13.95833333
v -0.53037184 6.06217783 13.95833333
v -1.06892551 6.06217783 13.95833333
v -1.62435565 6.06217783 13.95833333
v -2.20645228 6.06217783 13.95833333
v -2.82683995 6.06217783 13.95833333
v -3.50000000 6.06217783 13.95833333
v -3.83658003 5.47920412 13.95833333
v -4.14677386 4.94193264 13.95833333
v -4.43782217 4.43782217 13.95833333
v -4.71553724 3.95680556 13.95833333
v -4.98481408 3.49040440 13.95833333
v -5.25000000 3.03108891 13.95833333
v -5.51518592 2.57177343 13.95833333
v -5.78446276 2.10537226 13.95833333
v -6.06217783 1.62435565 13.95833333
v -6.35322614 1.12024518 13.95833333
v -6.66341997 0.58297371 13.95833333
v -7.00000000 0.00000000 13.95833333
v -6.66341997 -0.58297371 13.95833333
v -6.35322614 -1.12024518 13.95833333
v -6.06217783 -1.62435565 13.95833333
v -5.78446276 -2.10537226 13.95833333
v -5.51518592 -2.57177343 13.95833333
v -5.25000000 -3.03108891 13.95833333
v -4.98481408 -3.49040440 13.95833333
v -4.71553724 -3.95680556 13.95833333
v -4.43782217 -4.43782217 13.95833333
v -4.14677386 -4.94193264 13.95833333
v -3.83658003 -5.47920412 13.95833333
v -3.50000000 -6.06217783 13.95833333
v -2.82683995 -6.06217783 13.95833333
v -2.20645228 -6.06217783 13.95833333
v -1.62435565 -6.06217783 13.95833333
v -1.06892551 -6.06217783 13.95833333
v -0.53037184 -6.06217783 13.95833333
v -0.00000000 -6.06217783 13.95833333
v 0.53037184 -6.06217783 13.95833333
v 1.06892551 -6.06217783 13.95833333
v 1.62435565 -6.06217783 13.95833333
v 2.20645228 -6.06217783 13.95833333
v 2.82683995 -6.06217783 13.95833333
v 3.50000000 -6.06217783 13.95833333
v 3.83658003 -5.47920412 13.95833333
v 4.14677386 -4.94193264 13.95833333
v 4.43782217 -4.43782217 13.95833333
v 4.71553724 -3.95680556 13.95833333
v 4.98481408 -3.49040440 13.95833333
v 5.25000000 -3.03108891 13.95833333
v 5.51518592 -2.57177343 13.95833333
v 5.78446276 -2.10537226 13.95833333
v 6.06217783 -1.62435565 13.95833333
v 6.35322614 -1.12024518 13.95833333
v 6.66341997 -0.58297371 13.95833333
v 3.45888889 0.00000000 13.95833333
v 3.42838561 0.29994487 13.95833333
v 3.37205470 0.59458422 13.95833333
v 3.29058732 0.88171021 13.95833333
v 3.18486192 1.15919494 13.95833333
v 3.05593559 1.42500617 13.95833333
v 2.90503411 1.67722222 13.95833333
v 2.73354071 1.91404581 13.95833333
v 2.54298383 2.13381680 13.95833333
v 2.33502373 2.33502373 13.95833333
v 2.11143826 2.51631414 13.95833333
v 1.87410790 2.67650346 13.95833333
v 1.62500000 2.81458256 13.95833333
v 1.38086604 2.96127678 13.95833333
v 1.12347283 3.08671624 13.95833333
v 0.85467800 3.18970173 13.95833333
v 0.57644764 3.26919700 13.95833333
v 0.29084194 3.32433860 13.95833333
v 0.00000000 3.35444445 13.95833333
v -0.29387625 3.35902094 13.95833333
v -0.58853869 3.33776880 13.95833333
v -0.88171021 3.29058732 13.95833333
v -1.17110231 3.21757714 13.95833333
v -1.45443292 3.11904147 13.95833333
v -1.72944445 2.99548565 13.95833333
v -1.99392164 2.84761522 13.95833333
v -2.24570945 2.67633231 13.95833333
v -2.48273048 2.48273048 13.95833333
v -2.70300201 2.26808799 13.95833333
v -2.90465247 2.03385956 13.95833333
v -3.08593719 1.78166667 13.95833333
v -3.24525322 1.51328643 13.95833333
v -3.38115327 1.23063915 13.95833333
v -3.49235849 0.93577464 13.95833333
v -3.57777010 0.63085740 13.95833333
v -3.63647961 0.31815074 13.95833333
v -3.66777778 0.00000000 13.95833333
v -3.67116195 -0.32118505 13.95833333
v -3.64634190 -0.64294846 13.95833333
v -3.59324408 -0.96280685 13.95833333
v -3.51201417 -1.27826862 13.95833333
v -3.40301791 -1.58685331 13.95833333
v -3.26684028 -1.88611111 13.95833333
v -3.10428286 -2.17364226 13.95833333
v -2.91635957 -2.44711624 13.95833333
v -2.70429061 -2.70429061 13.95833333
v -2.46949477 -2.94302927 13.95833333
v -2.21358018 -3.16132012 13.95833333
v -1.93833334 -3.35729182 13.95833333
v -1.63099344 -3.49767672 13.95833333
v -1.31399072 -3.61015984 13.95833333
v -0.98983906 -3.69412967 13.95833333
v -0.66108504 -3.74919960 13.95833333
v -0.33028799 -3.77520895 13.95833333
v -0.00000000 -3.77222223 13.95833333
v 0.32725367 -3.74052662 13.95833333
v 0.64899399 -3.68062780 13.95833333
v 0.96280685 -3.59324408 13.95833333
v 1.26636125 -3.47929894 13.95833333
v 1.55742656 -3.33991203 13.95833333
v 1.83388889 -3.17638873 13.95833333
v 2.09376643 -2.99020835 13.95833333
v 2.33522358 -2.78301109 13.95833333
v 2.55658385 -2.55658385 13.95833333
v 2.75634140 -2.31284505 13.95833333
v 2.93317110 -2.05382852 13.95833333
v 3.08593719 -1.78166667 13.95833333
v 3.21370028 -1.49857305 13.95833333
v 3.31572282 -1.20682441 13.95833333
v 3.39147290 -0.90874243 13.95833333
v 3.44062650 -0.60667528 13.95833333
v 3.46306794 -0.30297919 13.95833333
v 7.00000000 0.00000000 14.06250000
v 6.66341997 0.58297371 14.06250000
v 6.35322614 1.12024518 14.06250000
v 6.06217783 1.62435565 14.06250000
v 5.78446276 2.10537226 14.06250000
v 5.51518592 2.57177343 14.06250000
v 5.25000000 3.03108891 14.06250000
v 4.98481408 3.49040440 14.06250000
v 4.71553724 3.95680556 14.06250000
v 4.43782217 4.43782217 14.06250000
v 4.14677386 4.94193264 14.06250000
v 3.83658003 5.47920412 14.06250000
v 3.50000000 6.06217783 14.06250000
v 2.82683995 6.06217783 14.06250000
v 2.20645228 6.06217783 14.06250000
v 1.62435565 6.06217783 14.06250000
v 1.06892551 6.06217783 14.06250000
v 0.53037184 6.06217783 14.06250000
v 0.00000000 6.06217783 14.06250000
v -0.53037184 6.06217783 14.06250000
v -1.06892551 6.06217783 14.06250000
v -1.62435565 6.06217783 14.06250000
v -2.20645228 6.06217783 14.06250000
v -2.82683995 6.06217783 14.06250000
v -3.50000000 6.06217783 14.06250000
v -3.83658003 5.47920412 14.06250000
v -4.14677386 4.94193264 14.06250000
v -4.43782217 4.43782217 14.06250000
v -4.71553724 3.95680556 14.06250000
v -4.98481408 3.49040440 14.06250000
v -5.25000000 3.03108891 14.06250000
v -5.51518592 2.57177343 14.06250000
v -5.78446276 2.10537226 14.06250000
v -6.06217783 1.62435565 14.06250000
v -6.35322614 1.12024518 14.06250000
v -6.66341997 0.58297371 14.06250000
v -7.00000000 0.00000000 14.06250000
v -6.66341997 -0.58297371 14.06250000
v -6.35322614 -1.12024518 14.06250000
v -6.06217783 -1.62435565 14.06250000
v -5.78446276 -2.10537226 14.06250000
v -5.51518592 -2.57177343 14.06250000
v -5.25000000 -3.03108891 14.06250000
v -4.98481408 -3.49040440 14.06250000
v -4.71553724 -3.95680556 14.06250000
v -4.43782217 -4.43782217 14.06250000
v -4.14677386 -4.94193264 14.06250000
v -3.83658003 -5.47920412 14.06250000
v -3.50000000 -6.06217783 14.06250000
v -2.82683995 -6.06217783 14.06250000
v -2.20645228 -6.06217783 14.06250000
v -1.62435565 -6.06217783 14.06250000
v -1.06892551 -6.06217783 14.06250000
v -0.53037184 -6.06217783 14.06250000
v -0.00000000 -6.06217783 14.06250000
v 0.53037184 -6.06217783 14.06250000
v 1.06892551 -6.06217783 14.06250000
v 1.62435565 -6.06217783 14.06250000
v 2.20645228 -6.06217783 14.06250000
v 2.82683995 -6.06217783 14.06250000
v 3.50000000 -6.06217783 14.06250000
v 3.83658003 -5.47920412 14.06250000
v 4.14677386 -4.94193264 14.06250000
v 4.43782217 -4.43782217 14.06250000
v 4.71553724 -3.95680556 14.06250000
v 4.98481408 -3.49040440 14.06250000
v 5.25000000 -3.03108891 14.06250000
v 5.51518592 -2.57177343 14.06250000
v 5.78446276 -2.10537226 14.06250000
v 6.06217783 -1.62435565 14.06250000
v 6.35322614 -1.12024518 14.06250000
v 6.66341997 -0.58297371 14.06250000
v 3.56333334 0.00000000 14.06250000
v 3.53243261 0.30904781 14.06250000
v 3.47491240 0.61272081 14.06250000
v 3.39147290 0.90874243 14.06250000
v 3.28300759 1.19491704 14.06250000
v 3.15059441 1.46914630 14.06250000
v 2.99548565 1.72944445 14.06250000
v 2.81909659 1.97395269 14.06250000
v 2.62299292 2.20095239 14.06250000
v 2.40887710 2.40887710 14.06250000
v 2.17857386 2.59632322 14.06250000
v 1.93401477 2.76205934 14.06250000
v 1.67722222 2.90503411 14.06250000
v 1.41029279 3.02438265 14.06250000
v 1.13538020 3.11943147 14.06250000
v 0.85467800 3.18970173 14.06250000
v 0.57040211 3.23491110 14.06250000
v 0.28477332 3.25497394 14.06250000
v 0.00000000 3.25000000 14.06250000
v -0.28477332 3.25497394 14.06250000
v -0.57040211 3.23491110 14.06250000
v -0.85467800 3.18970173 14.06250000
v -1.13538020 3.11943147 14.06250000
v -1.41029279 3.02438265 14.06250000
v -1.67722222 2.90503411 14.06250000
v -1.93401477 2.76205934 14.06250000
v -2.17857386 2.59632322 14.06250000
v -2.40887710 2.40887710 14.06250000
v -2.62299292 2.20095239 14.06250000
v -2.81909659 1.97395269 14.06250000
v -2.99548565 1.72944445 14.06250000
v -3.15059441 1.46914630 14.06250000
v -3.28300759 1.19491704 14.06250000
v -3.39147290 0.90874243 14.06250000
v -3.47491240 0.61272081 14.06250000
v -3.53243261 0.30904781 14.06250000
v -3.56333334 0.00000000 14.06250000
v -3.56711494 -0.31208212 14.06250000
v -3.54348420 -0.62481187 14.06250000
v -3.49235849 -0.93577464 14.06250000
v -3.41386849 -1.24254651 14.06250000
v -3.30835910 -1.54271318 14.06250000
v -3.17638873 -1.83388889 14.06250000
v -3.01872698 -2.11373539 14.06250000
v -2.83635048 -2.37998065 14.06250000
v -2.63043723 -2.63043723 14.06250000
v -2.40235918 -2.86302018 14.06250000
v -2.15367330 -3.07576424 14.06250000
v -1.88611111 -3.26684028 14.06250000
v -1.60156669 -3.43457085 14.06250000
v -1.30208336 -3.57744462 14.06250000
v -0.98983906 -3.69412967 14.06250000
v -0.66713057 -3.78348550 14.06250000
v -0.33635661 -3.84457362 14.06250000
v -0.00000000 -3.87666667 14.06250000
v 0.33635661 -3.84457362 14.06250000
v 0.66713057 -3.78348550 14.06250000
v 0.98983906 -3.69412967 14.06250000
v 1.30208336 -3.57744462 14.06250000
v 1.60156669 -3.43457085 14.06250000
v 1.88611111 -3.26684028 14.06250000
v 2.15367330 -3.07576424 14.06250000
v 2.40235918 -2.86302018 14.06250000
v 2.63043723 -2.63043723 14.06250000
v 2.83635048 -2.37998065 14.06250000
v 3.01872698 -2.11373539 14.06250000
v 3.17638873 -1.83388889 14.06250000
v 3.30835910 -1.54271318 14.06250000
v 3.41386849 -1.24254651 14.06250000
v 3.49235849 -0.93577464 14.06250000
v 3.54348420 -0.62481187 14.06250000
v 3.56711494 -0.31208212 14.06250000
v 7.00000000 0.00000000 14.16666667
v 6.66341997 0.58297371 14.16666667
v 6.35322614 1.12024518 14.16666667
v 6.06217783 1.62435565 14.16666667
v 5.78446276 2.10537226 14.16666667
v 5.51518592 2.57177343 14.16666667
v 5.25000000 3.03108891 14.16666667
v 4.98481408 3.49040440 14.16666667
v 4.71553724 3.95680556 14.16666667
v 4.43782217 4.43782217 14.16666667
v 4.14677386 4.94193264 14.16666667
v 3.83658003 5.47920412 14.16666667
v 3.50000000 6.06217783 14.16666667
v 2.82683995 6.06217783 14.16666667
v 2.20645228 6.06217783 14.16666667
v 1.62435565 6.06217783 14.16666667
v 1.06892551 6.06217783 14.16666667
v 0.53037184 6.06217783 14.16666667
v 0.00000000 6.06217783 14.16666667
v -0.53037184 6.06217783 14.16666667
v -1.06892551 6.06217783 14.16666667
v -1.62435565 6.06217783 14.16666667
v -2.20645228 6.06217783 14.16666667
v -2.82683995 6.06217783 14.16666667
v -3.50000000 6.06217783 14.16666667
v -3.83658003 5.47920412 14.16666667
v -4.14677386 4.94193264 14.16666667
v -4.43782217 4.43782217 14.16666667
v -4.71553724 3.95680556 14.16666667
v -4.98481408 3.49040440 14.16666667
v -5.25000000 3.03108891 14.16666667
v -5.51518592 2.57177343 14.16666667
v -5.78446276 2.10537226 14.16666667
v -6.06217783 1.62435565 14.16666667
v -6.35322614 1.12024518 14.16666667
v -6.66341997 0.58297371 14.16666667
v -7.00000000 0.00000000 14.16666667
v -6.66341997 -0.58297371 14.16666667
v -6.35322614 -1.12024518 14.16666667
v -6.06217783 -1.62435565 14.16666667
v -5.78446276 -2.10537226 14.16666667
v -5.51518592 -2.57177343 14.16666667
v -5.25000000 -3.03108891 14.16666667
v -4.98481408 -3.49040440 14.16666667
v -4.71553724 -3.95680556 14.16666667
v -4.43782217 -4.43782217 14.16666667
v -4.14677386 -4.94193264 14.16666667
v -3.83658003 -5.47920412 14.16666667
v -3.50000000 -6.06217783 14.16666667
v -2.82683995 -6.06217783 14.16666667
v -2.20645228 -6.06217783 14.16666667
v -1.62435565 -6.06217783 14.16666667
v -1.06892551 -6.06217783 14.16666667
v -0.53037184 -6.06217783 14.16666667
v -0.00000000 -6.06217783 14.16666667
v 0.53037184 -6.06217783 14.16666667
v 1.06892551 -6.06217783 14.16666667
v 1.62435565 -6.06217783 14.16666667
v 2.20645228 -6.06217783 14.16666667
v 2.82683995 -6.06217783 14.16666667
v 3.50000000 -6.06217783 14.16666667
v 3.83658003 -5.47920412 14.16666667
v 4.14677386 -4.94193264 14.16666667
v 4.43782217 -4.43782217 14.16666667
v 4.71553724 -3.95680556 14.16666667
v 4.98481408 -3.49040440 14.16666667
v 5.25000000 -3.03108891 14.16666667
v 5.51518592 -2.57177343 14.16666667
v 5.78446276 -2.10537226 14.16666667
v 6.06217783 -1.62435565 14.16666667
v 6.35322614 -1.12024518 14.16666667
v 6.66341997 -0.58297371 14.16666667
v 3.66777778 0.00000000 14.16666667
v 3.63647961 0.31815074 14.16666667
v 3.57777010 0.63085740 14.16666667
v 3.49235849 0.93577464 14.16666667
v 3.38115327 1.23063915 14.16666667
v 3.24525322 1.51328643 14.16666667
v 3.08593719 1.78166667 14.16666667
v 2.90465247 2.03385956 14.16666667
v 2.70300201 2.26808799 14.16666667
v 2.48273048 2.48273048 14.16666667
v 2.24570945 2.67633231 14.16666667
v 1.99392164 2.84761522 14.16666667
v 1.72944445 2.99548565 14.16666667
v 1.45443292 3.11904147 14.16666667
v 1.17110231 3.21757714 14.16666667
v 0.88171021 3.29058732 14.16666667
v 0.58853869 3.33776880 14.16666667
v 0.29387625 3.35902094 14.16666667
v 0.00000000 3.35444445 14.16666667
v -0.29084194 3.32433860 14.16666667
v -0.57644764 3.26919700 14.16666667
v -0.85467800 3.18970173 14.16666667
v -1.12347283 3.08671624 14.16666667
v -1.38086604 2.96127678 14.16666667
v -1.62500000 2.81458256 14.16666667
v -1.87410790 2.67650346 14.16666667
v -2.11143826 2.51631414 14.16666667
v -2.33502373 2.33502373 14.16666667
v -2.54298383 2.13381680 14.16666667
v -2.73354071 1.91404581 14.16666667
v -2.90503411 1.67722222 14.16666667
v -3.05593559 1.42500617 14.16666667
v -3.18486192 1.15919494 14.16666667
v -3.29058732 0.88171021 14.16666667
v -3.37205470 0.59458422 14.16666667
v -3.42838561 0.29994487 14.16666667
v -3.45888889 0.00000000 14.16666667
v -3.46306794 -0.30297919 14.16666667
v -3.44062650 -0.60667528 14.16666667
v -3.39147290 -0.90874243 14.16666667
v -3.31572282 -1.20682441 14.16666667
v -3.21370028 -1.49857305 14.16666667
v -3.08593719 -1.78166667 14.16666667
v -2.93317110 -2.05382852 14.16666667
v -2.75634140 -2.31284505 14.16666667
v -2.55658385 -2.55658385 14.16666667
v -2.33522358 -2.78301109 14.16666667
v -2.09376643 -2.99020835 14.16666667
v -1.83388889 -3.17638873 14.16666667
v -1.55742656 -3.33991203 14.16666667
v -1.26636125 -3.47929894 14.16666667
v -0.96280685 -3.59324408 14.16666667
v -0.64899399 -3.68062780 14.16666667
v -0.32725367 -3.74052662 14.16666667
v -0.00000000 -3.77222223 14.16666667
v 0.33028799 -3.77520895 14.16666667
v 0.66108504 -3.74919960 14.16666667
v 0.98983906 -3.69412967 14.16666667
v 1.31399072 -3.61015984 14.16666667
v 1.63099344 -3.49767672 14.16666667
v 1.93833334 -3.35729182 14.16666667
v 2.21358018 -3.16132012 14.16666667
v 2.46949477 -2.94302927 14.16666667
v 2.70429061 -2.70429061 14.16666667
v 2.91635957 -2.44711624 14.16666667
v 3.10428286 -2.17364226 14.16666667
v 3.26684028 -1.88611111 14.16666667
v 3.40301791 -1.58685331 14.16666667
v 3.51201417 -1.27826862 14.16666667
v 3.59324408 -0.96280685 14.16666667
v 3.64634190 -0.64294846 14.16666667
v 3.67116195 -0.32118505 14.16666667
v 7.00000000 0.00000000 14.27083333
v 6.66341997 0.58297371 14.27083333
v 6.35322614 1.12024518 14.27083333
v 6.06217783 1.62435565 14.27083333
v 5.78446276 2.10537226 14.27083333
v 5.51518592 2.57177343 14.27083333
v 5.25000000 3.03108891 14.27083333
v 4.98481408 3.49040440 14.27083333
v 4.71553724 3.95680556 14.27083333
v 4.43782217 4.43782217 14.27083333
v 4.14677386 4.94193264 14.27083333
v 3.83658003 5.47920412 14.27083333
v 3.50000000 6.06217783 14.27083333
v 2.82683995 6.06217783 14.27083333
v 2.20645228 6.06217783 14.27083333
v 1.62435565 6.06217783 14.27083333
v 1.06892551 6.06217783 14.27083333
v 0.53037184 6.06217783 14.27083333
v 0.00000000 6.06217783 14.27083333
v -0.53037184 6.06217783 14.27083333
v -1.06892551 6.06217783 14.27083333
v -1.62435565 6.06217783 14.27083333
v -2.20645228 6.06217783 14.27083333
v -2.82683995 6.06217783 14.27083333
v -3.50000000 6.06217783 14.27083333
v -3.83658003 5.47920412 14.27083333
v -4.14677386 4.94193264 14.27083333
v -4.43782217 4.43782217 14.27083333
v -4.71553724 3.95680556 14.27083333
v -4.98481408 3.49040440 14.27083333
v -5.25000000 3.03108891 14.27083333
v -5.51518592 2.57177343 14.27083333
v -5.78446276 2.10537226 14.27083333
v -6.06217783 1.62435565 14.27083333
v -6.35322614 1.12024518 14.27083333
v -6.66341997 0.58297371 14.27083333
v -7.00000000 0.00000000 14.27083333
v -6.66341997 -0.58297371 14.27083333
v -6.35322614 -1.12024518 14.27083333
v -6.06217783 -1.62435565 14.27083333
v -5.78446276 -2.10537226 14.27083333
v -5.51518592 -2.57177343 14.27083333
v -5.25000000 -3.03108891 14.27083333
v -4.98481408 -3.49040440 14.27083333
v -4.71553724 -3.95680556 14.27083333
v -4.43782217 -4.43782217 14.27083333
v -4.14677386 -4.94193264 14.27083333
v -3.83658003 -5.47920412 14.27083333
v -3.50000000 -6.06217783 14.27083333
v -2.82683995 -6.06217783 14.27083333
v -2.20645228 -6.06217783 14.27083333
v -1.62435565 -6.06217783 14.27083333
v -1.06892551 -6.06217783 14.27083333
v -0.53037184 -6.06217783 14.27083333
v -0.00000000 -6.06217783 14.27083333
v 0.53037184 -6.06217783 14.27083333
v 1.06892551 -6.06217783 14.27083333
v 1.62435565 -6.06217783 14.27083333
v 2.20645228 -6.06217783 14.27083333
v 2.82683995 -6.06217783 14.27083333
v 3.50000000 -6.06217783 14.27083333
v 3.83658003 -5.47920412 14.27083333
v 4.14677386 -4.94193264 14.27083333
v 4.43782217 -4.43782217 14.27083333
v 4.71553724 -3.95680556 14.27083333
v 4.98481408 -3.49040440 14.27083333
v 5.25000000 -3.03108891 14.27083333
v 5.51518592 -2.57177343 14.27083333
v 5.78446276 -2.10537226 14.27083333
v 6.06217783 -1.62435565 14.27083333
v 6.35322614 -1.12024518 14.27083333
v 6.66341997 -0.58297371 14.27083333
v 3.77222223 0.00000000 14.27083333
v 3.74052662 0.32725367 14.27083333
v 3.68062780 0.64899399 14.27083333
v 3.59324408 0.96280685 14.27083333
v 3.47929894 1.26636125 14.27083333
v 3.33991203 1.55742656 14.27083333
v 3.17638873 1.83388889 14.27083333
v 2.99020835 2.09376643 14.27083333
v 2.78301109 2.33522358 14.27083333
v 2.55658385 2.55658385 14.27083333
v 2.31284505 2.75634140 14.27083333
v 2.05382852 2.93317110 14.27083333
v 1.78166667 3.08593719 14.27083333
v 1.49857305 3.21370028 14.27083333
v 1.20682441 3.31572282 14.27083333
v 0.90874243 3.39147290 14.27083333
v 0.60667528 3.44062650 14.27083333
v 0.30297919 3.46306794 14.27083333
v 0.00000000 3.45888889 14.27083333
v -0.29994487 3.42838561 14.27083333
v -0.59458422 3.37205470 14.27083333
v -0.88171021 3.29058732 14.27083333
v -1.15919494 3.18486192 14.27083333
v -1.42500617 3.05593559 14.27083333
v -1.67722222 2.90503411 14.27083333
v -1.91404581 2.73354071 14.27083333
v -2.13381680 2.54298383 14.27083333
v -2.33502373 2.33502373 14.27083333
v -2.51631414 2.11143826 14.27083333
v -2.67650346 1.87410790 14.27083333
v -2.81458256 1.62500000 14.27083333
v -2.96127678 1.38086604 14.27083333
v -3.08671624 1.12347283 14.27083333
v -3.18970173 0.85467800 14.27083333
v -3.26919700 0.57644764 14.27083333
v -3.32433860 0.29084194 14.27083333
v -3.35444445 0.00000000 14.27083333
v -3.35902094 -0.29387625 14.27083333
v -3.33776880 -0.58853869 14.27083333
v -3.29058732 -0.88171021 14.27083333
v -3.21757714 -1.17110231 14.27083333
v -3.11904147 -1.45443292 14.27083333
v -2.99548565 -1.72944445 14.27083333
v -2.84761522 -1.99392164 14.27083333
v -2.67633231 -2.24570945 14.27083333
v -2.48273048 -2.48273048 14.27083333
v -2.26808799 -2.70300201 14.27083333
v -2.03385956 -2.90465247 14.27083333
v -1.78166667 -3.08593719 14.27083333
v -1.51328643 -3.24525322 14.27083333
v -1.23063915 -3.38115327 14.27083333
v -0.93577464 -3.49235849 14.27083333
v -0.63085740 -3.57777010 14.27083333
v -0.31815074 -3.63647961 14.27083333
v -0.00000000 -3.66777778 14.27083333
v 0.32118505 -3.67116195 14.27083333
v 0.64294846 -3.64634190 14.27083333
v 0.96280685 -3.59324408 14.27083333
v 1.27826862 -3.51201417 14.27083333
v 1.58685331 -3.40301791 14.27083333
v 1.88611111 -3.26684028 14.27083333
v 2.17364226 -3.10428286 14.27083333
v 2.44711624 -2.91635957 14.27083333
v 2.70429061 -2.70429061 14.27083333
v 2.94302927 -2.46949477 14.27083333
v 3.16132012 -2.21358018 14.27083333
v 3.35729182 -1.93833334 14.27083333
v 3.49767672 -1.63099344 14.27083333
v 3.61015984 -1.31399072 14.27083333
v 3.69412967 -0.98983906 14.27083333
v 3.74919960 -0.66108504 14.27083333
v 3.77520895 -0.33028799 14.27083333
v 7.00000000 0.00000000 14.37500000
v 6.66341997 0.58297371 14.37500000
v 6.35322614 1.12024518 14.37500000
v 6.06217783 1.62435565 14.37500000
v 5.78446276 2.10537226 14.37500000
v 5.51518592 2.57177343 14.37500000
v 5.25000000 3.03108891 14.37500000
v 4.98481408 3.49040440 14.37500000
v 4.71553724 3.95680556 14.37500000
v 4.43782217 4.43782217 14.37500000
v 4.14677386 4.94193264 14.37500000
v 3.83658003 5.47920412 14.37500000
v 3.50000000 6.06217783 14.37500000
v 2.82683995 6.06217783 14.37500000
v 2.20645228 6.06217783 14.37500000
v 1.62435565 6.06217783 14.37500000
v 1.06892551 6.06217783 14.37500000
v 0.53037184 6.06217783 14.37500000
v 0.00000000 6.06217783 14.37500000
v -0.53037184 6.06217783 14.37500000
v -1.06892551 6.06217783 14.37500000
v -1.62435565 6.06217783 14.37500000
v -2.20645228 6.06217783 14.37500000
v -2.82683995 6.06217783 14.37500000
v -3.50000000 6.06217783 14.37500000
v -3.83658003 5.47920412 14.37500000
v -4.14677386 4.94193264 14.37500000
v -4.43782217 4.43782217 14.37500000
v -4.71553724 3.95680556 14.37500000
v -4.98481408 3.49040440 14.37500000
v -5.25000000 3.03108891 14.37500000
v -5.51518592 2.57177343 14.37500000
v -5.78446276 2.10537226 14.37500000
v -6.06217783 1.62435565 14.37500000
v -6.35322614 1.12024518 14.37500000
v -6.66341997 0.58297371 14.37500000
v -7.00000000 0.00000000 14.37500000
v -6.66341997 -0.58297371 14.37500000
v -6.35322614 -1.12024518 14.37500000
v -6.06217783 -1.62435565 14.37500000
v -5.78446276 -2.10537226 14.37500000
v -5.51518592 -2.57177343 14.37500000
v -5.25000000 -3.03108891 14.37500000
v -4.98481408 -3.49040440 14.37500000
v -4.71553724 -3.95680556 14.37500000
v -4.43782217 -4.43782217 14.37500000
v -4.14677386 -4.94193264 14.37500000
v -3.83658003 -5.47920412 14.37500000
v -3.50000000 -6.06217783 14.37500000
v -2.82683995 -6.06217783 14.37500000
v -2.20645228 -6.06217783 14.37500000
v -1.62435565 -6.06217783 14.37500000
v -1.06892551 -6.06217783 14.37500000
v -0.53037184 -6.06217783 14.37500000
v -0.00000000 -6.06217783 14.37500000
v 0.53037184 -6.06217783 14.37500000
v 1.06892551 -6.06217783 14.37500000
v 1.62435565 -6.06217783 14.37500000
v 2.20645228 -6.06217783 14.37500000
v 2.82683995 -6.06217783 14.37500000
v 3.50000000 -6.06217783 14.37500000
v 3.83658003 -5.47920412 14.37500000
v 4.14677386 -4.94193264 14.37500000
v 4.43782217 -4.43782217 14.37500000
v 4.71553724 -3.95680556 14.37500000
v 4.98481408 -3.49040440 14.37500000
v 5.25000000 -3.03108891 14.37500000
v 5.51518592 -2.57177343 14.37500000
v 5.78446276 -2.10537226 14.37500000
v 6.06217783 -1.62435565 14.37500000
v 6.35322614 -1.12024518 14.37500000
v 6.66341997 -0.58297371 14.37500000
v 3.87666667 0.00000000 14.37500000
v 3.84457362 0.33635661 14.37500000
v 3.78348550 0.66713057 14.37500000
v 3.69412967 0.98983906 14.37500000
v 3.57744462 1.30208336 14.37500000
v 3.43457085 1.60156669 14.37500000
v 3.26684028 1.88611111 14.37500000
v 3.07576424 2.15367330 14.37500000
v 2.86302018 2.40235918 14.37500000
v 2.63043723 2.63043723 14.37500000
v 2.37998065 2.83635048 14.37500000
v 2.11373539 3.01872698 14.37500000
v 1.83388889 3.17638873 14.37500000
v 1.54271318 3.30835910 14.37500000
v 1.24254651 3.41386849 14.37500000
v 0.93577464 3.49235849 14.37500000
v 0.62481187 3.54348420 14.37500000
v 0.31208212 3.56711494 14.37500000
v 0.00000000 3.56333334 14.37500000
v -0.30904781 3.53243261 14.37500000
v -0.61272081 3.47491240 14.37500000
v -0.90874243 3.39147290 14.37500000
v -1.19491704 3.28300759 14.37500000
v -1.46914630 3.15059441 14.37500000
v -1.72944445 2.99548565 14.37500000
v -1.97395269 2.81909659 14.37500000
v -2.20095239 2.62299292 14.37500000
v -2.40887710 2.40887710 14.37500000
v -2.59632322 2.17857386 14.37500000
v -2.76205934 1.93401477 14.37500000
v -2.90503411 1.67722222 14.37500000
v -3.02438265 1.41029279 14.37500000
v -3.11943147 1.13538020 14.37500000
v -3.18970173 0.85467800 14.37500000
v -3.23491110 0.57040211 14.37500000
v -3.25497394 0.28477332 14.37500000
v -3.25000000 0.00000000 14.37500000
v -3.25497394 -0.28477332 14.37500000
v -3.23491110 -0.57040211 14.37500000
v -3.18970173 -0.85467800 14.37500000
v -3.11943147 -1.13538020 14.37500000
v -3.02438265 -1.41029279 14.37500000
v -2.90503411 -1.67722222 14.37500000
v -2.76205934 -1.93401477 14.37500000
v -2.59632322 -2.17857386 14.37500000
v -2.40887710 -2.40887710 14.37500000
v -2.20095239 -2.62299292 14.37500000
v -1.97395269 -2.81909659 14.37500000
v -1.72944445 -2.99548565 14.37500000
v -1.46914630 -3.15059441 14.37500000
v -1.19491704 -3.28300759 14.37500000
v -0.90874243 -3.39147290 14.37500000
v -0.61272081 -3.47491240 14.37500000
v -0.30904781 -3.53243261 14.37500000
v -0.00000000 -3.56333334 14.37500000
v 0.31208212 -3.56711494 14.37500000
v 0.62481187 -3.54348420 14.37500000
v 0.93577464 -3.49235849 14.37500000
v 1.24254651 -3.41386849 14.37500000
v 1.54271318 -3.30835910 14.37500000
v 1.83388889 -3.17638873 14.37500000
v 2.11373539 -3.01872698 14.37500000
v 2.37998065 -2.83635048 14.37500000
v 2.63043723 -2.63043723 14.37500000
v 2.86302018 -2.40235918 14.37500000
v 3.07576424 -2.15367330 14.37500000
v 3.26684028 -1.88611111 14.37500000
v 3.43457085 -1.60156669 14.37500000
v 3.57744462 -1.30208336 14.37500000
v 3.69412967 -0.98983906 14.37500000
v 3.78348550 -0.66713057 14.37500000
v 3.84457362 -0.33635661 14.37500000
v 7.00000000 0.00000000 14.47916667
v 6.66341997 0.58297371 14.47916667
v 6.35322614 1.12024518 14.47916667
v 6.06217783 1.62435565 14.47916667
v 5.78446276 2.10537226 14.47916667
v 5.51518592 2.57177343 14.47916667
v 5.25000000 3.03108891 14.47916667
v 4.98481408 3.49040440 14.47916667
v 4.71553724 3.95680556 14.47916667
v 4.43782217 4.43782217 14.47916667
v 4.14677386 4.94193264 14.47916667
v 3.83658003 5.47920412 14.47916667
v 3.50000000 6.06217783 14.47916667
v 2.82683995 6.06217783 14.47916667
v 2.20645228 6.06217783 14.47916667
v 1.62435565 6.06217783 14.47916667
v 1.06892551 6.06217783 14.47916667
v 0.53037184 6.06217783 14.47916667
v 0.00000000 6.06217783 14.47916667
v -0.53037184 6.06217783 14.47916667
v -1.06892551 6.06217783 14.47916667
v -1.62435565 6.06217783 14.47916667
v -2.20645228 6.06217783 14.47916667
v -2.82683995 6.06217783 14.47916667
v -3.50000000 6.06217783 14.47916667
v -3.83658003 5.47920412 14.47916667
v -4.14677386 4.94193264 14.47916667
v -4.43782217 4.43782217 14.47916667
v -4.71553724 3.95680556 14.47916667
v -4.98481408 3.49040440 14.47916667
v -5.25000000 3.03108891 14.47916667
v -5.51518592 2.57177343 14.47916667
v -5.78446276 2.10537226 14.47916667
v -6.06217783 1.62435565 14.47916667
v -6.35322614 1.12024518 14.47916667
v -6.66341997 0.58297371 14.47916667
v -7.00000000 0.00000000 14.47916667
v -6.66341997 -0.58297371 14.47916667
v -6.35322614 -1.12024518 14.47916667
v -6.06217783 -1.62435565 14.47916667
v -5.78446276 -2.10537226 14.47916667
v -5.51518592 -2.57177343 14.47916667
v -5.25000000 -3.03108891 14.47916667
v -4.98481408 -3.49040440 14.47916667
v -4.71553724 -3.95680556 14.47916667
v -4.43782217 -4.43782217 14.47916667
v -4.14677386 -4.94193264 14.47916667
v -3.83658003 -5.47920412 14.47916667
v -3.50000000 -6.06217783 14.47916667
v -2.82683995 -6.06217783 14.47916667
v -2.20645228 -6.06217783 14.47916667
v -1.62435565 -6.06217783 14.47916667
v -1.06892551 -6.06217783 14.47916667
v -0.53037184 -6.06217783 14.47916667
v -0.00000000 -6.06217783 14.47916667
v 0.53037184 -6.06217783 14.47916667
v 1.06892551 -6.06217783 14.47916667
v 1.62435565 -6.06217783 14.47916667
v 2.20645228 -6.06217783 14.47916667
v 2.82683995 -6.06217783 14.47916667
v 3.50000000 -6.06217783 14.47916667
v 3.83658003 -5.47920412 14.47916667
v 4.14677386 -4.94193264 14.47916667
v 4.43782217 -4.43782217 14.47916667
v 4.71553724 -3.95680556 14.47916667
v 4.98481408 -3.49040440 14.47916667
v 5.25000000 -3.03108891 14.47916667
v 5.51518592 -2.57177343 14.47916667
v 5.78446276 -2.10537226 14.47916667
v 6.06217783 -1.62435565 14.47916667
v 6.35322614 -1.12024518 14.47916667
v 6.66341997 -0.58297371 14.47916667
v 3.77222223 0.00000000 14.47916667
v 3.77520895 0.33028799 14.47916667
v 3.74919960 0.66108504 14.47916667
v 3.69412967 0.98983906 14.47916667
v 3.61015984 1.31399072 14.47916667
v 3.49767672 1.63099344 14.47916667
v 3.35729182 1.93833334 14.47916667
v 3.16132012 2.21358018 14.47916667
v 2.94302927 2.46949477 14.47916667
v 2.70429061 2.70429061 14.47916667
v 2.44711624 2.91635957 14.47916667
v 2.17364226 3.10428286 14.47916667
v 1.88611111 3.26684028 14.47916667
v 1.58685331 3.40301791 14.47916667
v 1.27826862 3.51201417 14.47916667
v 0.96280685 3.59324408 14.47916667
v 0.64294846 3.64634190 14.47916667
v 0.32118505 3.67116195 14.47916667
v 0.00000000 3.66777778 14.47916667
v -0.31815074 3.63647961 14.47916667
v -0.63085740 3.57777010 14.47916667
v -0.93577464 3.49235849 14.47916667
v -1.23063915 3.38115327 14.47916667
v -1.51328643 3.24525322 14.47916667
v -1.78166667 3.08593719 14.47916667
v -2.03385956 2.90465247 14.47916667
v -2.26808799 2.70300201 14.47916667
v -2.48273048 2.48273048 14.47916667
v -2.67633231 2.24570945 14.47916667
v -2.84761522 1.99392164 14.47916667
v -2.99548565 1.72944445 14.47916667
v -3.11904147 1.45443292 14.47916667
v -3.21757714 1.17110231 14.47916667
v -3.29058732 0.88171021 14.47916667
v -3.33776880 0.58853869 14.47916667
v -3.35902094 0.29387625 14.47916667
v -3.35444445 0.00000000 14.47916667
v -3.32433860 -0.29084194 14.47916667
v -3.26919700 -0.57644764 14.47916667
v -3.18970173 -0.85467800 14.47916667
v -3.08671624 -1.12347283 14.47916667
v -2.96127678 -1.38086604 14.47916667
v -2.81458256 -1.62500000 14.47916667
v -2.67650346 -1.87410790 14.47916667
v -2.51631414 -2.11143826 14.47916667
v -2.33502373 -2.33502373 14.47916667
v -2.13381680 -2.54298383 14.47916667
v -1.91404581 -2.73354071 14.47916667
v -1.67722222 -2.90503411 14.47916667
v -1.42500617 -3.05593559 14.47916667
v -1.15919494 -3.18486192 14.47916667
v -0.88171021 -3.29058732 14.47916667
v -0.59458422 -3.37205470 14.47916667
v -0.29994487 -3.42838561 14.47916667
v -0.00000000 -3.45888889 14.47916667
v 0.30297919 -3.46306794 14.47916667
v 0.60667528 -3.44062650 14.47916667
v 0.90874243 -3.39147290 14.47916667
v 1.20682441 -3.31572282 14.47916667
v 1.49857305 -3.21370028 14.47916667
v 1.78166667 -3.08593719 14.47916667
v 2.05382852 -2.93317110 14.47916667
v 2.31284505 -2.75634140 14.47916667
v 2.55658385 -2.55658385 14.47916667
v 2.78301109 -2.33522358 14.47916667
v 2.99020835 -2.09376643 14.47916667
v 3.17638873 -1.83388889 14.47916667
v 3.33991203 -1.55742656 14.47916667
v 3.47929894 -1.26636125 14.47916667
v 3.59324408 -0.96280685 14.47916667
v 3.68062780 -0.64899399 14.47916667
v 3.74052662 -0.32725367 14.47916667
v 7.00000000 0.00000000 14.58333333
v 6.66341997 0.58297371 14.58333333
v 6.35322614 1.12024518 14.58333333
v 6.06217783 1.62435565 14.58333333
v 5.78446276 2.10537226 14.58333333
v 5.51518592 2.57177343 14.58333333
v 5.25000000 3.03108891 14.58333333
v 4.98481408 3.49040440 14.58333333
v 4.71553724 3.95680556 14.58333333
v 4.43782217 4.43782217 14.58333333
v 4.14677386 4.94193264 14.58333333
v 3.83658003 5.47920412 14.58333333
v 3.50000000 6.06217783 14.58333333
v 2.82683995 6.06217783 14.58333333
v 2.20645228 6.06217783 14.58333333
v 1.62435565 6.06217783 14.58333333
v 1.06892551 6.06217783 14.58333333
v 0.53037184 6.06217783 14.58333333
v 0.00000000 6.06217783 14.58333333
v -0.53037184 6.06217783 14.58333333
v -1.06892551 6.06217783 14.58333333
v -1.62435565 6.06217783 14.58333333
v -2.20645228 6.06217783 14.58333333
v -2.82683995 6.06217783 14.58333333
v -3.50000000 6.06217783 14.58333333
v -3.83658003 5.47920412 14.58333333
v -4.14677386 4.94193264 14.58333333
v -4.43782217 4.43782217 14.58333333
v -4.71553724 3.95680556 14.58333333
v -4.98481408 3.49040440 14.58333333
v -5.25000000 3.03108891 14.58333333
v -5.51518592 2.57177343 14.58333333
v -5.78446276 2.10537226 14.58333333
v -6.06217783 1.62435565 14.58333333
v -6.35322614 1.12024518 14.58333333
v -6.66341997 0.58297371 14.58333333
v -7.00000000 0.00000000 14.58333333
v -6.66341997 -0.58297371 14.58333333
v -6.35322614 -1.12024518 14.58333333
v -6.06217783 -1.62435565 14.58333333
v -5.78446276 -2.10537226 14.58333333
v -5.51518592 -2.57177343 14.58333333
v -5.25000000 -3.03108891 14.58333333
v -4.98481408 -3.49040440 14.58333333
v -4.71553724 -3.95680556 14.58333333
v -4.43782217 -4.43782217 14.58333333
v -4.14677386 -4.94193264 14.58333333
v -3.83658003 -5.47920412 14.58333333
v -3.50000000 -6.06217783 14.58333333
v -2.82683995 -6.06217783 14.58333333
v -2.20645228 -6.06217783 14.58333333
v -1.62435565 -6.06217783 14.58333333
v -1.06892551 -6.06217783 14.58333333
v -0.53037184 -6.06217783 14.58333333
v -0.00000000 -6.06217783 14.58333333
v 0.53037184 -6.06217783 14.58333333
v 1.06892551 -6.06217783 14.58333333
v 1.62435565 -6.06217783 14.58333333
v 2.20645228 -6.06217783 14.58333333
v 2.82683995 -6.06217783 14.58333333
v 3.50000000 -6.06217783 14.58333333
v 3.83658003 -5.47920412 14.58333333
v 4.14677386 -4.94193264 14.58333333
v 4.43782217 -4.43782217 14.58333333
v 4.71553724 -3.95680556 14.58333333
v 4.98481408 -3.49040440 14.58333333
v 5.25000000 -3.03108891 14.58333333
v 5.51518592 -2.57177343 14.58333333
v 5.78446276 -2.10537226 14.58333333
v 6.06217783 -1.62435565 14.58333333
v 6.35322614 -1.12024518 14.58333333
v 6.66341997 -0.58297371 14.58333333
v 3.66777778 0.00000000 14.58333333
v 3.67116195 0.32118505 14.58333333
v 3.64634190 0.64294846 14.58333333
v 3.59324408 0.96280685 14.58333333
v 3.51201417 1.27826862 14.58333333
v 3.40301791 1.58685331 14.58333333
v 3.26684028 1.88611111 14.58333333
v 3.10428286 2.17364226 14.58333333
v 2.91635957 2.44711624 14.58333333
v 2.70429061 2.70429061 14.58333333
v 2.46949477 2.94302927 14.58333333
v 2.21358018 3.16132012 14.58333333
v 1.93833334 3.35729182 14.58333333
v 1.63099344 3.49767672 14.58333333
v 1.31399072 3.61015984 14.58333333
v 0.98983906 3.69412967 14.58333333
v 0.66108504 3.74919960 14.58333333
v 0.33028799 3.77520895 14.58333333
v 0.00000000 3.77222223 14.58333333
v -0.32725367 3.74052662 14.58333333
v -0.64899399 3.68062780 14.58333333
v -0.96280685 3.59324408 14.58333333
v -1.26636125 3.47929894 14.58333333
v -1.55742656 3.33991203 14.58333333
v -1.83388889 3.17638873 14.58333333
v -2.09376643 2.99020835 14.58333333
v -2.33522358 2.78301109 14.58333333
v -2.55658385 2.55658385 14.58333333
v -2.75634140 2.31284505 14.58333333
v -2.93317110 2.05382852 14.58333333
v -3.08593719 1.78166667 14.58333333
v -3.21370028 1.49857305 14.58333333
v -3.31572282 1.20682441 14.58333333
v -3.39147290 0.90874243 14.58333333
v -3.44062650 0.60667528 14.58333333
v -3.46306794 0.30297919 14.58333333
v -3.45888889 0.00000000 14.58333333
v -3.42838561 -0.29994487 14.58333333
v -3.37205470 -0.59458422 14.58333333
v -3.29058732 -0.88171021 14.58333333
v -3.18486192 -1.15919494 14.58333333
v -3.05593559 -1.42500617 14.58333333
v -2.90503411 -1.67722222 14.58333333
v -2.73354071 -1.91404581 14.58333333
v -2.54298383 -2.13381680 14.58333333
v -2.33502373 -2.33502373 14.58333333
v -2.11143826 -2.51631414 14.58333333
v -1.87410790 -2.67650346 14.58333333
v -1.62500000 -2.81458256 14.58333333
v -1.38086604 -2.96127678 14.58333333
v -1.12347283 -3.08671624 14.58333333
v -0.85467800 -3.18970173 14.58333333
v -0.57644764 -3.26919700 14.58333333
v -0.29084194 -3.32433860 14.58333333
v -0.00000000 -3.35444445 14.58333333
v 0.29387625 -3.35902094 14.58333333
v 0.58853869 -3.33776880 14.58333333
v 0.88171021 -3.29058732 14.58333333
v 1.17110231 -3.21757714 14.58333333
v 1.45443292 -3.11904147 14.58333333
v 1.72944445 -2.99548565 14.58333333
v 1.99392164 -2.84761522 14.58333333
v 2.24570945 -2.67633231 14.58333333
v 2.48273048 -2.48273048 14.58333333
v 2.70300201 -2.26808799 14.58333333
v 2.90465247 -2.03385956 14.58333333
v 3.08593719 -1.78166667 14.58333333
v 3.24525322 -1.51328643 14.58333333
v 3.38115327 -1.23063915 14.58333333
v 3.49235849 -0.93577464 14.58333333
v 3.57777010 -0.63085740 14.58333333
v 3.63647961 -0.31815074 14.58333333
v 7.00000000 0.00000000 14.68750000
v 6.66341997 0.58297371 14.68750000
v 6.35322614 1.12024518 14.68750000
v 6.06217783 1.62435565 14.68750000
v 5.78446276 2.10537226 14.68750000
v 5.51518592 2.57177343 14.68750000
v 5.25000000 3.03108891 14.68750000
v 4.98481408 3.49040440 14.68750000
v 4.71553724 3.95680556 14.68750000
v 4.43782217 4.43782217 14.68750000
v 4.14677386 4.94193264 14.68750000
v 3.83658003 5.47920412 14.68750000
v 3.50000000 6.06217783 14.68750000
v 2.82683995 6.06217783 14.68750000
v 2.20645228 6.06217783 14.68750000
v 1.62435565 6.06217783 14.68750000
v 1.06892551 6.06217783 14.68750000
v 0.53037184 6.06217783 14.68750000
v 0.00000000 6.06217783 14.68750000
v -0.53037184 6.06217783 14.68750000
v -1.06892551 6.06217783 14.68750000
v -1.62435565 6.06217783 14.68750000
v -2.20645228 6.06217783 14.68750000
v -2.82683995 6.06217783 14.68750000
v -3.50000000 6.06217783 14.68750000
v -3.83658003 5.47920412 14.68750000
v -4.14677386 4.94193264 14.68750000
v -4.43782217 4.43782217 14.68750000
v -4.71553724 3.95680556 14.68750000
v -4.98481408 3.49040440 14.68750000
v -5.25000000 3.03108891 14.68750000
v -5.51518592 2.57177343 14.68750000
v -5.78446276 2.10537226 14.68750000
v -6.06217783 1.62435565 14.68750000
v -6.35322614 1.12024518 14.68750000
v -6.66341997 0.58297371 14.68750000
v -7.00000000 0.00000000 14.68750000
v -6.66341997 -0.58297371 14.68750000
v -6.35322614 -1.12024518 14.68750000
v -6.06217783 -1.62435565 14.68750000
v -5.78446276 -2.10537226 14.68750000
v -5.51518592 -2.57177343 14.68750000
v -5.25000000 -3.03108891 14.68750000
v -4.98481408 -3.49040440 14.68750000
v -4.71553724 -3.95680556 14.68750000
v -4.43782217 -4.43782217 14.68750000
v -4.14677386 -4.94193264 14.68750000
v -3.83658003 -5.47920412 14.68750000
v -3.50000000 -6.06217783 14.68750000
v -2.82683995 -6.06217783 14.68750000
v -2.20645228 -6.06217783 14.68750000
v -1.62435565 -6.06217783 14.68750000
v -1.06892551 -6.06217783 14.68750000
v -0.53037184 -6.06217783 14.68750000
v -0.00000000 -6.06217783 14.68750000
v 0.53037184 -6.06217783 14.68750000
v 1.06892551 -6.06217783 14.68750000
v 1.62435565 -6.06217783 14.68750000
v 2.20645228 -6.06217783 14.68750000
v 2.82683995 -6.06217783 14.68750000
v 3.50000000 -6.06217783 14.68750000
v 3.83658003 -5.47920412 14.68750000
v 4.14677386 -4.94193264 14.68750000
v 4.43782217 -4.43782217 14.68750000
v 4.71553724 -3.95680556 14.68750000
v 4.98481408 -3.49040440 14.68750000
v 5.25000000 -3.03108891 14.68750000
v 5.51518592 -2.57177343 14.68750000
v 5.78446276 -2.10537226 14.68750000
v 6.06217783 -1.62435565 14.68750000
v 6.35322614 -1.12024518 14.68750000
v 6.66341997 -0.58297371 14.68750000
v 3.56333334 0.00000000 14.68750000
v 3.56711494 0.31208212 14.68750000
v 3.54348420 0.62481187 14.68750000
v 3.49235849 0.93577464 14.68750000
v 3.41386849 1.24254651 14.68750000
v 3.30835910 1.54271318 14.68750000
v 3.17638873 1.83388889 14.68750000
v 3.01872698 2.11373539 14.68750000
v 2.83635048 2.37998065 14.68750000
v 2.63043723 2.63043723 14.68750000
v 2.40235918 2.86302018 14.68750000
v 2.15367330 3.07576424 14.68750000
v 1.88611111 3.26684028 14.68750000
v 1.60156669 3.43457085 14.68750000
v 1.30208336 3.57744462 14.68750000
v 0.98983906 3.69412967 14.68750000
v 0.66713057 3.78348550 14.68750000
v 0.33635661 3.84457362 14.68750000
v 0.00000000 3.87666667 14.68750000
v -0.33635661 3.84457362 14.68750000
v -0.66713057 3.78348550 14.68750000
v -0.98983906 3.69412967 14.68750000
v -1.30208336 3.57744462 14.68750000
v -1.60156669 3.43457085 14.68750000
v -1.88611111 3.26684028 14.68750000
v -2.15367330 3.07576424 14.68750000
v -2.40235918 2.86302018 14.68750000
v -2.63043723 2.63043723 14.68750000
v -2.83635048 2.37998065 14.68750000
v -3.01872698 2.11373539 14.68750000
v -3.17638873 1.83388889 14.68750000
v -3.30835910 1.54271318 14.68750000
v -3.41386849 1.24254651 14.68750000
v -3.49235849 0.93577464 14.68750000
v -3.54348420 0.62481187 14.68750000
v -3.56711494 0.31208212 14.68750000
v -3.56333334 0.00000000 14.68750000
v -3.53243261 -0.30904781 14.68750000
v -3.47491240 -0.61272081 14.68750000
v -3.39147290 -0.90874243 14.68750000
v -3.28300759 -1.19491704 14.68750000
v -3.15059441 -1.46914630 14.68750000
v -2.99548565 -1.72944445 14.68750000
v -2.81909659 -1.97395269 14.68750000
v -2.62299292 -2.20095239 14.68750000
v -2.40887710 -2.40887710 14.68750000
v -2.17857386 -2.59632322 14.68750000
v -1.93401477 -2.76205934 14.68750000
v -1.67722222 -2.90503411 14.68750000
v -1.41029279 -3.02438265 14.68750000
v -1.13538020 -3.11943147 14.68750000
v -0.85467800 -3.18970173 14.68750000
v -0.57040211 -3.23491110 14.68750000
v -0.28477332 -3.25497394 14.68750000
v -0.00000000 -3.25000000 14.68750000
v 0.28477332 -3.25497394 14.68750000
v 0.57040211 -3.23491110 14.68750000
v 0.85467800 -3.18970173 14.68750000
v 1.13538020 -3.11943147 14.68750000
v 1.41029279 -3.02438265 14.68750000
v 1.67722222 -2.90503411 14.68750000
v 1.93401477 -2.76205934 14.68750000
v 2.17857386 -2.59632322 14.68750000
v 2.40887710 -2.40887710 14.68750000
v 2.62299292 -2.20095239 14.68750000
v 2.81909659 -1.97395269 14.68750000
v 2.99548565 -1.72944445 14.68750000
v 3.15059441 -1.46914630 14.68750000
v 3.28300759 -1.19491704 14.68750000
v 3.39147290 -0.90874243 14.68750000
v 3.47491240 -0.61272081 14.68750000
v 3.53243261 -0.30904781 14.68750000
v 7.00000000 0.00000000 14.79166667
v 6.66341997 0.58297371 14.79166667
v 6.35322614 1.12024518 14.79166667
v 6.06217783 1.62435565 14.79166667
v 5.78446276 2.10537226 14.79166667
v 5.51518592 2.57177343 14.79166667
v 5.25000000 3.03108891 14.79166667
v 4.98481408 3.49040440 14.79166667
v 4.71553724 3.95680556 14.79166667
v 4.43782217 4.43782217 14.79166667
v 4.14677386 4.94193264 14.79166667
v 3.83658003 5.47920412 14.79166667
v 3.50000000 6.06217783 14.79166667
v 2.82683995 6.06217783 14.79166667
v 2.20645228 6.06217783 14.79166667
v 1.62435565 6.06217783 14.79166667
v 1.06892551 6.06217783 14.79166667
v 0.53037184 6.06217783 14.79166667
v 0.00000000 6.06217783 14.79166667
v -0.53037184 6.06217783 14.79166667
v -1.06892551 6.06217783 14.79166667
v -1.62435565 6.06217783 14.79166667
v -2.20645228 6.06217783 14.79166667
v -2.82683995 6.06217783 14.79166667
v -3.50000000 6.06217783 14.79166667
v -3.83658003 5.47920412 14.79166667
v -4.14677386 4.94193264 14.79166667
v -4.43782217 4.43782217 14.79166667
v -4.71553724 3.95680556 14.79166667
v -4.98481408 3.49040440 14.79166667
v -5.25000000 3.03108891 14.79166667
v -5.51518592 2.57177343 14.79166667
v -5.78446276 2.10537226 14.79166667
v -6.06217783 1.62435565 14.79166667
v -6.35322614 1.12024518 14.79166667
v -6.66341997 0.58297371 14.79166667
v -7.00000000 0.00000000 14.79166667
v -6.66341997 -0.58297371 14.79166667
v -6.35322614 -1.12024518 14.79166667
v -6.06217783 -1.62435565 14.79166667
v -5.78446276 -2.10537226 14.79166667
v -5.51518592 -2.57177343 14.79166667
v -5.25000000 -3.03108891 14.79166667
v -4.98481408 -3.49040440 14.79166667
v -4.71553724 -3.95680556 14.79166667
v -4.43782217 -4.43782217 14.79166667
v -4.14677386 -4.94193264 14.79166667
v -3.83658003 -5.47920412 14.79166667
v -3.50000000 -6.06217783 14.79166667
v -2.82683995 -6.06217783 14.79166667
v -2.20645228 -6.06217783 14.79166667
v -1.62435565 -6.06217783 14.79166667
v -1.06892551 -6.06217783 14.79166667
v -0.53037184 -6.06217783 14.79166667
v -0.00000000 -6.06217783 14.79166667
v 0.53037184 -6.06217783 14.79166667
v 1.06892551 -6.06217783 14.79166667
v 1.62435565 -6.06217783 14.79166667
v 2.20645228 -6.06217783 14.79166667
v 2.82683995 -6.06217783 14.79166667
v 3.50000000 -6.06217783 14.79166667
v 3.83658003 -5.47920412 14.79166667
v 4.14677386 -4.94193264 14.79166667
v 4.43782217 -4.43782217 14.79166667
v 4.71553724 -3.95680556 14.79166667
v 4.98481408 -3.49040440 14.79166667
v 5.25000000 -3.03108891 14.79166667
v 5.51518592 -2.57177343 14.79166667
v 5.78446276 -2.10537226 14.79166667
v 6.06217783 -1.62435565 14.79166667
v 6.35322614 -1.12024518 14.79166667
v 6.66341997 -0.58297371 14.79166667
v 3.45888889 0.00000000 14.79166667
v 3.46306794 0.30297919 14.79166667
v 3.44062650 0.60667528 14.79166667
v 3.39147290 0.90874243 14.79166667
v 3.31572282 1.20682441 14.79166667
v 3.21370028 1.49857305 14.79166667
v 3.08593719 1.78166667 14.79166667
v 2.93317110 2.05382852 14.79166667
v 2.75634140 2.31284505 14.79166667
v 2.55658385 2.55658385 14.79166667
v 2.33522358 2.78301109 14.79166667
v 2.09376643 2.99020835 14.79166667
v 1.83388889 3.17638873 14.79166667
v 1.55742656 3.33991203 14.79166667
v 1.26636125 3.47929894 14.79166667
v 0.96280685 3.59324408 14.79166667
v 0.64899399 3.68062780 14.79166667
v 0.32725367 3.74052662 14.79166667
v 0.00000000 3.77222223 14.79166667
v -0.33028799 3.77520895 14.79166667
v -0.66108504 3.74919960 14.79166667
v -0.98983906 3.69412967 14.79166667
v -1.31399072 3.61015984 14.79166667
v -1.63099344 3.49767672 14.79166667
v -1.93833334 3.35729182 14.79166667
v -2.21358018 3.16132012 14.79166667
v -2.46949477 2.94302927 14.79166667
v -2.70429061 2.70429061 14.79166667
v -2.91635957 2.44711624 14.79166667
v -3.10428286 2.17364226 14.79166667
v -3.26684028 1.88611111 14.79166667
v -3.40301791 1.58685331 14.79166667
v -3.51201417 1.27826862 14.79166667
v -3.59324408 0.96280685 14.79166667
v -3.64634190 0.64294846 14.79166667
v -3.67116195 0.32118505 14.79166667
v -3.66777778 0.00000000 14.79166667
v -3.63647961 -0.31815074 14.79166667
v -3.57777010 -0.63085740 14.79166667
v -3.49235849 -0.93577464 14.79166667
v -3.38115327 -1.23063915 14.79166667
v -3.24525322 -1.51328643 14.79166667
v -3.08593719 -1.78166667 14.79166667
v -2.90465247 -2.03385956 14.79166667
v -2.70300201 -2.26808799 14.79166667
v -2.48273048 -2.48273048 14.79166667
v -2.24570945 -2.67633231 14.79166667
v -1.99392164 -2.84761522 14.79166667
v -1.72944445 -2.99548565 14.79166667
v -1.45443292 -3.11904147 14.79166667
v -1.17110231 -3.21757714 14.79166667
v -0.88171021 -3.29058732 14.79166667
v -0.58853869 -3.33776880 14.79166667
v -0.29387625 -3.35902094 14.79166667
v -0.00000000 -3.35444445 14.79166667
v 0.29084194 -3.32433860 14.79166667
v 0.57644764 -3.26919700 14.79166667
v 0.85467800 -3.18970173 14.79166667
v 1.12347283 -3.08671624 14.79166667
v 1.38086604 -2.96127678 14.79166667
v 1.62500000 -2.81458256 14.79166667
v 1.87410790 -2.67650346 14.79166667
v 2.11143826 -2.51631414 14.79166667
v 2.33502373 -2.33502373 14.79166667
v 2.54298383 -2.13381680 14.79166667
v 2.73354071 -1.91404581 14.79166667
v 2.90503411 -1.67722222 14.79166667
v 3.05593559 -1.42500617 14.79166667
v 3.18486192 -1.15919494 14.79166667
v 3.29058732 -0.88171021 14.79166667
v 3.37205470 -0.59458422 14.79166667
v 3.42838561 -0.29994487 14.79166667
v 7.00000000 0.00000000 14.89583333
v 6.66341997 0.58297371 14.89583333
v 6.35322614 1.12024518 14.89583333
v 6.06217783 1.62435565 14.89583333
v 5.78446276 2.10537226 14.89583333
v 5.51518592 2.57177343 14.89583333
v 5.25000000 3.03108891 14.89583333
v 4.98481408 3.49040440 14.89583333
v 4.71553724 3.95680556 14.89583333
v 4.43782217 4.43782217 14.89583333
v 4.14677386 4.94193264 14.89583333
v 3.83658003 5.47920412 14.89583333
v 3.50000000 6.06217783 14.89583333
v 2.82683995 6.06217783 14.89583333
v 2.20645228 6.06217783 14.89583333
v 1.62435565 6.06217783 14.89583333
v 1.06892551 6.06217783 14.89583333
v 0.53037184 6.06217783 14.89583333
v 0.00000000 6.06217783 14.89583333
v -0.53037184 6.06217783 14.89583333
v -1.06892551 6.06217783 14.89583333
v -1.62435565 6.06217783 14.89583333
v -2.20645228 6.06217783 14.89583333
v -2.82683995 6.06217783 14.89583333
v -3.50000000 6.06217783 14.89583333
v -3.83658003 5.47920412 14.89583333
v -4.14677386 4.94193264 14.89583333
v -4.43782217 4.43782217 14.89583333
v -4.71553724 3.95680556 14.89583333
v -4.98481408 3.49040440 14.89583333
v -5.25000000 3.03108891 14.89583333
v -5.51518592 2.57177343 14.89583333
v -5.78446276 2.10537226 14.89583333
v -6.06217783 1.62435565 14.89583333
v -6.35322614 1.12024518 14.89583333
v -6.66341997 0.58297371 14.89583333
v -7.00000000 0.00000000 14.89583333
v -6.66341997 -0.58297371 14.89583333
v -6.35322614 -1.12024518 14.89583333
v -6.06217783 -1.62435565 14.89583333
v -5.78446276 -2.10537226 14.89583333
v -5.51518592 -2.57177343 14.89583333
v -5.25000000 -3.03108891 14.89583333
v -4.98481408 -3.49040440 14.89583333
v -4.71553724 -3.95680556 14.89583333
v -4.43782217 -4.43782217 14.89583333
v -4.14677386 -4.94193264 14.89583333
v -3.83658003 -5.47920412 14.89583333
v -3.50000000 -6.06217783 14.89583333
v -2.82683995 -6.06217783 14.89583333
v -2.20645228 -6.06217783 14.89583333
v -1.62435565 -6.06217783 14.89583333
v -1.06892551 -6.06217783 14.89583333
v -0.53037184 -6.06217783 14.89583333
v -0.00000000 -6.06217783 14.89583333
v 0.53037184 -6.06217783 14.89583333
v 1.06892551 -6.06217783 14.89583333
v 1.62435565 -6.06217783 14.89583333
v 2.20645228 -6.06217783 14.89583333
v 2.82683995 -6.06217783 14.89583333
v 3.50000000 -6.06217783 14.89583333
v 3.83658003 -5.47920412 14.89583333
v 4.14677386 -4.94193264 14.89583333
v 4.43782217 -4.43782217 14.89583333
v 4.71553724 -3.95680556 14.89583333
v 4.98481408 -3.49040440 14.89583333
v 5.25000000 -3.03108891 14.89583333
v 5.51518592 -2.57177343 14.89583333
v 5.78446276 -2.10537226 14.89583333
v 6.06217783 -1.62435565 14.89583333
v 6.35322614 -1.12024518 14.89583333
v 6.66341997 -0.58297371 14.89583333
v 3.35444445 0.00000000 14.89583333
v 3.35902094 0.29387625 14.89583333
v 3.33776880 0.58853869 14.89583333
v 3.29058732 0.88171021 14.89583333
v 3.21757714 1.17110231 14.89583333
v 3.11904147 1.45443292 14.89583333
v 2.99548565 1.72944445 14.89583333
v 2.84761522 1.99392164 14.89583333
v 2.67633231 2.24570945 14.89583333
v 2.48273048 2.48273048 14.89583333
v 2.26808799 2.70300201 14.89583333
v 2.03385956 2.90465247 14.89583333
v 1.78166667 3.08593719 14.89583333
v 1.51328643 3.24525322 14.89583333
v 1.23063915 3.38115327 14.89583333
v 0.93577464 3.49235849 14.89583333
v 0.63085740 3.57777010 14.89583333
v 0.31815074 3.63647961 14.89583333
v 0.00000000 3.66777778 14.89583333
v -0.32118505 3.67116195 14.89583333
v -0.64294846 3.64634190 14.89583333
v -0.96280685 3.59324408 14.89583333
v -1.27826862 3.51201417 14.89583333
v -1.58685331 3.40301791 14.89583333
v -1.88611111 3.26684028 14.89583333
v -2.17364226 3.10428286 14.89583333
v -2.44711624 2.91635957 14.89583333
v -2.70429061 2.70429061 14.89583333
v -2.94302927 2.46949477 14.89583333
v -3.16132012 2.21358018 14.89583333
v -3.35729182 1.93833334 14.89583333
v -3.49767672 1.63099344 14.89583333
v -3.61015984 1.31399072 14.89583333
v -3.69412967 0.98983906 14.89583333
v -3.74919960 0.66108504 14.89583333
v -3.77520895 0.33028799 14.89583333
v -3.77222223 0.00000000 14.89583333
v -3.74052662 -0.32725367 14.89583333
v -3.68062780 -0.64899399 14.89583333
v -3.59324408 -0.96280685 14.89583333
v -3.47929894 -1.26636125 14.89583333
v -3.33991203 -1.55742656 14.89583333
v -3.17638873 -1.83388889 14.89583333
v -2.99020835 -2.09376643 14.89583333
v -2.78301109 -2.33522358 14.89583333
v -2.55658385 -2.55658385 14.89583333
v -2.31284505 -2.75634140 14.89583333
v -2.05382852 -2.93317110 14.89583333
v -1.78166667 -3.08593719 14.89583333
v -1.49857305 -3.21370028 14.89583333
v -1.20682441 -3.31572282 14.89583333
v -0.90874243 -3.39147290 14.89583333
v -0.60667528 -3.44062650 14.89583333
v -0.30297919 -3.46306794 14.89583333
v -0.00000000 -3.45888889 14.89583333
v 0.29994487 -3.42838561 14.89583333
v 0.59458422 -3.37205470 14.89583333
v 0.88171021 -3.29058732 14.89583333
v 1.15919494 -3.18486192 14.89583333
v 1.42500617 -3.05593559 14.89583333
v 1.67722222 -2.90503411 14.89583333
v 1.91404581 -2.73354071 14.89583333
v 2.13381680 -2.54298383 14.89583333
v 2.33502373 -2.33502373 14.89583333
v 2.51631414 -2.11143826 14.89583333
v 2.67650346 -1.87410790 14.89583333
v 2.81458256 -1.62500000 14.89583333
v 2.96127678 -1.38086604 14.89583333
v 3.08671624 -1.12347283 14.89583333
v 3.18970173 -0.85467800 14.89583333
v 3.26919700 -0.57644764 14.89583333
v 3.32433860 -0.29084194 14.89583333
v 7.00000000 0.00000000 15.00000000
v 6.66341997 0.58297371 15.00000000
v 6.35322614 1.12024518 15.00000000
v 6.06217783 1.62435565 15.00000000
v 5.78446276 2.10537226 15.00000000
v 5.51518592 2.57177343 15.00000000
v 5.25000000 3.03108891 15.00000000
v 4.98481408 3.49040440 15.00000000
v 4.71553724 3.95680556 15.00000000
v 4.43782217 4.43782217 15.00000000
v 4.14677386 4.94193264 15.00000000
v 3.83658003 5.47920412 15.00000000
v 3.50000000 6.06217783 15.00000000
v 2.82683995 6.06217783 15.00000000
v 2.20645228 6.06217783 15.00000000
v 1.62435565 6.06217783 15.00000000
v 1.06892551 6.06217783 15.00000000
v 0.53037184 6.06217783 15.00000000
v 0.00000000 6.06217783 15.00000000
v -0.53037184 6.06217783 15.00000000
v -1.06892551 6.06217783 15.00000000
v -1.62435565 6.06217783 15.00000000
v -2.20645228 6.06217783 15.00000000
v -2.82683995 6.06217783 15.00000000
v -3.50000000 6.06217783 15.00000000
v -3.83658003 5.47920412 15.00000000
v -4.14677386 4.94193264 15.00000000
v -4.43782217 4.43782217 15.00000000
v -4.71553724 3.95680556 15.00000000
v -4.98481408 3.49040440 15.00000000
v -5.25000000 3.03108891 15.00000000
v -5.51518592 2.57177343 15.00000000
v -5.78446276 2.10537226 15.00000000
v -6.06217783 1.62435565 15.00000000
v -6.35322614 1.12024518 15.00000000
v -6.66341997 0.58297371 15.00000000
v -7.00000000 0.00000000 15.00000000
v -6.66341997 -0.58297371 15.00000000
v -6.35322614 -1.12024518 15.00000000
v -6.06217783 -1.62435565 15.00000000
v -5.78446276 -2.10537226 15.00000000
v -5.51518592 -2.57177343 15.00000000
v -5.25000000 -3.03108891 15.00000000
v -4.98481408 -3.49040440 15.00000000
v -4.71553724 -3.95680556 15.00000000
v -4.43782217 -4.43782217 15.00000000
v -4.14677386 -4.94193264 15.00000000
v -3.83658003 -5.47920412 15.00000000
v -3.50000000 -6.06217783 15.00000000
v -2.82683995 -6.06217783 15.00000000
v -2.20645228 -6.06217783 15.00000000
v -1.62435565 -6.06217783 15.00000000
v -1.06892551 -6.06217783 15.00000000
v -0.53037184 -6.06217783 15.00000000
v -0.00000000 -6.06217783 15.00000000
v 0.53037184 -6.06217783 15.00000000
v 1.06892551 -6.06217783 15.00000000
v 1.62435565 -6.06217783 15.00000000
v 2.20645228 -6.06217783 15.00000000
v 2.82683995 -6.06217783 15.00000000
v 3.50000000 -6.06217783 15.00000000
v 3.83658003 -5.47920412 15.00000000
v 4.14677386 -4.94193264 15.00000000
v 4.43782217 -4.43782217 15.00000000
v 4.71553724 -3.95680556 15.00000000
v 4.98481408 -3.49040440 15.00000000
v 5.25000000 -3.03108891 15.00000000
v 5.51518592 -2.57177343 15.00000000
v 5.78446276 -2.10537226 15.00000000
v 6.06217783 -1.62435565 15.00000000
v 6.35322614 -1.12024518 15.00000000
v 6.66341997 -0.58297371 15.00000000
v 3.25000000 0.00000000 15.00000000
v 3.25497394 0.28477332 15.00000000
v 3.23491110 0.57040211 15.00000000
v 3.18970173 0.85467800 15.00000000
v 3.11943147 1.13538020 15.00000000
v 3.02438265 1.41029279 15.00000000
v 2.90503411 1.67722222 15.00000000
v 2.76205934 1.93401477 15.00000000
v 2.59632322 2.17857386 15.00000000
v 2.40887710 2.40887710 15.00000000
v 2.20095239 2.62299292 15.00000000
v 1.97395269 2.81909659 15.00000000
v 1.72944445 2.99548565 15.00000000
v 1.46914630 3.15059441 15.00000000
v 1.19491704 3.28300759 15.00000000
v 0.90874243 3.39147290 15.00000000
v 0.61272081 3.47491240 15.00000000
v 0.30904781 3.53243261 15.00000000
v 0.00000000 3.56333334 15.00000000
v -0.31208212 3.56711494 15.00000000
v -0.62481187 3.54348420 15.00000000
v -0.93577464 3.49235849 15.00000000
v -1.24254651 3.41386849 15.00000000
v -1.54271318 3.30835910 15.00000000
v -1.83388889 3.17638873 15.00000000
v -2.11373539 3.01872698 15.00000000
v -2.37998065 2.83635048 15.00000000
v -2.63043723 2.63043723 15.00000000
v -2.86302018 2.40235918 15.00000000
v -3.07576424 2.15367330 15.00000000
v -3.26684028 1.88611111 15.00000000
v -3.43457085 1.60156669 15.00000000
v -3.57744462 1.30208336 15.00000000
v -3.69412967 0.98983906 15.00000000
v -3.78348550 0.66713057 15.00000000
v -3.84457362 0.33635661 15.00000000
v -3.87666667 0.00000000 15.00000000
v -3.84457362 -0.33635661 15.00000000
v -3.78348550 -0.66713057 15.00000000
v -3.69412967 -0.98983906 15.00000000
v -3.57744462 -1.30208336 15.00000000
v -3.43457085 -1.60156669 15.00000000
v -3.26684028 -1.88611111 15.00000000
v -3.07576424 -2.15367330 15.00000000
v -2.86302018 -2.40235918 15.00000000
v -2.63043723 -2.63043723 15.00000000
v -2.37998065 -2.83635048 15.00000000
v -2.11373539 -3.01872698 15.00000000
v -1.83388889 -3.17638873 15.00000000
v -1.54271318 -3.30835910 15.00000000
v -1.24254651 -3.41386849 15.00000000
v -0.93577464 -3.49235849 15.00000000
v -0.62481187 -3.54348420 15.00000000
v -0.31208212 -3.56711494 15.00000000
v -0.00000000 -3.56333334 15.00000000
v 0.30904781 -3.53243261 15.00000000
v 0.61272081 -3.47491240 15.00000000
v 0.90874243 -3.39147290 15.00000000
v 1.19491704 -3.28300759 15.00000000
v 1.46914630 -3.15059441 15.00000000
v 1.72944445 -2.99548565 15.00000000
v 1.97395269 -2.81909659 15.00000000
v 2.20095239 -2.62299292 15.00000000
v 2.40887710 -2.40887710 15.00000000
v 2.59632322 -2.17857386 15.00000000
v 2.76205934 -1.93401477 15.00000000
v 2.90503411 -1.67722222 15.00000000
v 3.02438265 -1.41029279 15.00000000
v 3.11943147 -1.13538020 15.00000000
v 3.18970173 -0.85467800 15.00000000
v 3.23491110 -0.57040211 15.00000000
v 3.25497394 -0.28477332 15.00000000
v 7.00000000 0.00000000 15.10416667
v 6.66341997 0.58297371 15.10416667
v 6.35322614 1.12024518 15.10416667
v 6.06217783 1.62435565 15.10416667
v 5.78446276 2.10537226 15.10416667
v 5.51518592 2.57177343 15.10416667
v 5.25000000 3.03108891 15.10416667
v 4.98481408 3.49040440 15.10416667
v 4.71553724 3.95680556 15.10416667
v 4.43782217 4.43782217 15.10416667
v 4.14677386 4.94193264 15.10416667
v 3.83658003 5.47920412 15.10416667
v 3.50000000 6.06217783 15.10416667
v 2.82683995 6.06217783 15.10416667
v 2.20645228 6.06217783 15.10416667
v 1.62435565 6.06217783 15.10416667
v 1.06892551 6.06217783 15.10416667
v 0.53037184 6.06217783 15.10416667
v 0.00000000 6.06217783 15.10416667
v -0.53037184 6.06217783 15.10416667
v -1.06892551 6.06217783 15.10416667
v -1.62435565 6.06217783 15.10416667
v -2.20645228 6.06217783 15.10416667
v -2.82683995 6.06217783 15.10416667
v -3.50000000 6.06217783 15.10416667
v -3.83658003 5.47920412 15.10416667
v -4.14677386 4.94193264 15.10416667
v -4.43782217 4.43782217 15.10416667
v -4.71553724 3.95680556 15.10416667
v -4.98481408 3.49040440 15.10416667
v -5.25000000 3.03108891 15.10416667
v -5.51518592 2.57177343 15.10416667
v -5.78446276 2.10537226 15.10416667
v -6.06217783 1.62435565 15.10416667
v -6.35322614 1.12024518 15.10416667
v -6.66341997 0.58297371 15.10416667
v -7.00000000 0.00000000 15.10416667
v -6.66341997 -0.58297371 15.10416667
v -6.35322614 -1.12024518 15.10416667
v -6.06217783 -1.62435565 15.10416667
v -5.78446276 -2.10537226 15.10416667
v -5.51518592 -2.57177343 15.10416667
v -5.25000000 -3.03108891 15.10416667
v -4.98481408 -3.49040440 15.10416667
v -4.71553724 -3.95680556 15.10416667
v -4.43782217 -4.43782217 15.10416667
v -4.14677386 -4.94193264 15.10416667
v -3.83658003 -5.47920412 15.10416667
v -3.50000000 -6.06217783 15.10416667
v -2.82683995 -6.06217783 15.10416667
v -2.20645228 -6.06217783 15.10416667
v -1.62435565 -6.06217783 15.10416667
v -1.06892551 -6.06217783 15.10416667
v -0.53037184 -6.06217783 15.10416667
v -0.00000000 -6.06217783 15.10416667
v 0.53037184 -6.06217783 15.10416667
v 1.06892551 -6.06217783 15.10416667
v 1.62435565 -6.06217783 15.10416667
v 2.20645228 -6.06217783 15.10416667
v 2.82683995 -6.06217783 15.10416667
v 3.50000000 -6.06217783 15.10416667
v 3.83658003 -5.47920412 15.10416667
v 4.14677386 -4.94193264 15.10416667
v 4.43782217 -4.43782217 15.10416667
v 4.71553724 -3.95680556 15.10416667
v 4.98481408 -3.49040440 15.10416667
v 5.25000000 -3.03108891 15.10416667
v 5.51518592 -2.57177343 15.10416667
v 5.78446276 -2.10537226 15.10416667
v 6.06217783 -1.62435565 15.10416667
v 6.35322614 -1.12024518 15.10416667
v 6.66341997 -0.58297371 15.10416667
v 3.35444445 0.00000000 15.10416667
v 3.32433860 0.29084194 15.10416667
v 3.26919700 0.57644764 15.10416667
v 3.18970173 0.85467800 15.10416667
v 3.08671624 1.12347283 15.10416667
v 2.96127678 1.38086604 15.10416667
v 2.81458256 1.62500000 15.10416667
v 2.67650346 1.87410790 15.10416667
v 2.51631414 2.11143826 15.10416667
v 2.33502373 2.33502373 15.10416667
v 2.13381680 2.54298383 15.10416667
v 1.91404581 2.73354071 15.10416667
v 1.67722222 2.90503411 15.10416667
v 1.42500617 3.05593559 15.10416667
v 1.15919494 3.18486192 15.10416667
v 0.88171021 3.29058732 15.10416667
v 0.59458422 3.37205470 15.10416667
v 0.29994487 3.42838561 15.10416667
v 0.00000000 3.45888889 15.10416667
v -0.30297919 3.46306794 15.10416667
v -0.60667528 3.44062650 15.10416667
v -0.90874243 3.39147290 15.10416667
v -1.20682441 3.31572282 15.10416667
v -1.49857305 3.21370028 15.10416667
v -1.78166667 3.08593719 15.10416667
v -2.05382852 2.93317110 15.10416667
v -2.31284505 2.75634140 15.10416667
v -2.55658385 2.55658385 15.10416667
v -2.78301109 2.33522358 15.10416667
v -2.99020835 2.09376643 15.10416667
v -3.17638873 1.83388889 15.10416667
v -3.33991203 1.55742656 15.10416667
v -3.47929894 1.26636125 15.10416667
v -3.59324408 0.96280685 15.10416667
v -3.68062780 0.64899399 15.10416667
v -3.74052662 0.32725367 15.10416667
v -3.77222223 0.00000000 15.10416667
v -3.77520895 -0.33028799 15.10416667
v -3.74919960 -0.66108504 15.10416667
v -3.69412967 -0.98983906 15.10416667
v -3.61015984 -1.31399072 15.10416667
v -3.49767672 -1.63099344 15.10416667
v -3.35729182 -1.93833334 15.10416667
v -3.16132012 -2.21358018 15.10416667
v -2.94302927 -2.46949477 15.10416667
v -2.70429061 -2.70429061 15.10416667
v -2.44711624 -2.91635957 15.10416667
v -2.17364226 -3.10428286 15.10416667
v -1.88611111 -3.26684028 15.10416667
v -1.58685331 -3.40301791 15.10416667
v -1.27826862 -3.51201417 15.10416667
v -0.96280685 -3.59324408 15.10416667
v -0.64294846 -3.64634190 15.10416667
v -0.32118505 -3.67116195 15.10416667
v -0.00000000 -3.66777778 15.10416667
v 0.31815074 -3.63647961 15.10416667
v 0.63085740 -3.57777010 15.10416667
v 0.93577464 -3.49235849 15.10416667
v 1.23063915 -3.38115327 15.10416667
v 1.51328643 -3.24525322 15.10416667
v 1.78166667 -3.08593719 15.10416667
v 2.03385956 -2.90465247 15.10416667
v 2.26808799 -2.70300201 15.10416667
v 2.48273048 -2.48273048 15.10416667
v 2.67633231 -2.24570945 15.10416667
v 2.84761522 -1.99392164 15.10416667
v 2.99548565 -1.72944445 15.10416667
v 3.11904147 -1.45443292 15.10416667
v 3.21757714 -1.17110231 15.10416667
v 3.29058732 -0.88171021 15.10416667
v 3.33776880 -0.58853869 15.10416667
v 3.35902094 -0.29387625 15.10416667
v 7.00000000 0.00000000 15.20833333
v 6.66341997 0.58297371 15.20833333
v 6.35322614 1.12024518 15.20833333
v 6.06217783 1.62435565 15.20833333
v 5.78446276 2.10537226 15.20833333
v 5.51518592 2.57177343 15.20833333
v 5.25000000 3.03108891 15.20833333
v 4.98481408 3.49040440 15.20833333
v 4.71553724 3.95680556 15.20833333
v 4.43782217 4.43782217 15.20833333
v 4.14677386 4.94193264 15.20833333
v 3.83658003 5.47920412 15.20833333
v 3.50000000 6.06217783 15.20833333
v 2.82683995 6.06217783 15.20833333
v 2.20645228 6.06217783 15.20833333
v 1.62435565 6.06217783 15.20833333
v 1.06892551 6.06217783 15.20833333
v 0.53037184 6.06217783 15.20833333
v 0.00000000 6.06217783 15.20833333
v -0.53037184 6.06217783 15.20833333
v -1.06892551 6.06217783 15.20833333
v -1.62435565 6.06217783 15.20833333
v -2.20645228 6.06217783 15.20833333
v -2.82683995 6.06217783 15.20833333
v -3.50000000 6.06217783 15.20833333
v -3.83658003 5.47920412 15.20833333
v -4.14677386 4.94193264 15.20833333
v -4.43782217 4.43782217 15.20833333
v -4.71553724 3.95680556 15.20833333
v -4.98481408 3.49040440 15.20833333
v -5.25000000 3.03108891 15.20833333
v -5.51518592 2.57177343 15.20833333
v -5.78446276 2.10537226 15.20833333
v -6.06217783 1.62435565 15.20833333
v -6.35322614 1.12024518 15.20833333
v -6.66341997 0.58297371 15.20833333
v -7.00000000 0.00000000 15.20833333
v -6.66341997 -0.58297371 15.20833333
v -6.35322614 -1.12024518 15.20833333
v -6.06217783 -1.62435565 15.20833333
v -5.78446276 -2.10537226 15.20833333
v -5.51518592 -2.57177343 15.20833333
v -5.25000000 -3.03108891 15.20833333
v -4.98481408 -3.49040440 15.20833333
v -4.71553724 -3.95680556 15.20833333
v -4.43782217 -4.43782217 15.20833333
v -4.14677386 -4.94193264 15.20833333
v -3.83658003 -5.47920412 15.20833333
v -3.50000000 -6.06217783 15.20833333
v -2.82683995 -6.06217783 15.20833333
v -2.20645228 -6.06217783 15.20833333
v -1.62435565 -6.06217783 15.20833333
v -1.06892551 -6.06217783 15.20833333
v -0.53037184 -6.06217783 15.20833333
v -0.00000000 -6.06217783 15.20833333
v 0.53037184 -6.06217783 15.20833333
v 1.06892551 -6.06217783 15.20833333
v 1.62435565 -6.06217783 15.20833333
v 2.20645228 -6.06217783 15.20833333
v 2.82683995 -6.06217783 15.20833333
v 3.50000000 -6.06217783 15.20833333
v 3.83658003 -5.47920412 15.20833333
v 4.14677386 -4.94193264 15.20833333
v 4.43782217 -4.43782217 15.20833333
v 4.71553724 -3.95680556 15.20833333
v 4.98481408 -3.49040440 15.20833333
v 5.25000000 -3.03108891 15.20833333
v 5.51518592 -2.57177343 15.20833333
v 5.78446276 -2.10537226 15.20833333
v 6.06217783 -1.62435565 15.20833333
v 6.35322614 -1.12024518 15.20833333
v 6.66341997 -0.58297371 15.20833333
v 3.45888889 0.00000000 15.20833333
v 3.42838561 0.29994487 15.20833333
v 3.37205470 0.59458422 15.20833333
v 3.29058732 0.88171021 15.20833333
v 3.18486192 1.15919494 15.20833333
v 3.05593559 1.42500617 15.20833333
v 2.90503411 1.67722222 15.20833333
v 2.73354071 1.91404581 15.20833333
v 2.54298383 2.13381680 15.20833333
v 2.33502373 2.33502373 15.20833333
v 2.11143826 2.51631414 15.20833333
v 1.87410790 2.67650346 15.20833333
v 1.62500000 2.81458256 15.20833333
v 1.38086604 2.96127678 15.20833333
v 1.12347283 3.08671624 15.20833333
v 0.85467800 3.18970173 15.20833333
v 0.57644764 3.26919700 15.20833333
v 0.29084194 3.32433860 15.20833333
v 0.00000000 3.35444445 15.20833333
v -0.29387625 3.35902094 15.20833333
v -0.58853869 3.33776880 15.20833333
v -0.88171021 3.29058732 15.20833333
v -1.17110231 3.21757714 15.20833333
v -1.45443292 3.11904147 15.20833333
v -1.72944445 2.99548565 15.20833333
v -1.99392164 2.84761522 15.20833333
v -2.24570945 2.67633231 15.20833333
v -2.48273048 2.48273048 15.20833333
v -2.70300201 2.26808799 15.20833333
v -2.90465247 2.03385956 15.20833333
v -3.08593719 1.78166667 15.20833333
v -3.24525322 1.51328643 15.20833333
v -3.38115327 1.23063915 15.20833333
v -3.49235849 0.93577464 15.20833333
v -3.57777010 0.63085740 15.20833333
v -3.63647961 0.31815074 15.20833333
v -3.66777778 0.00000000 15.20833333
v -3.67116195 -0.32118505 15.20833333
v -3.64634190 -0.64294846 15.20833333
v -3.59324408 -0.96280685 15.20833333
v -3.51201417 -1.27826862 15.20833333
v -3.40301791 -1.58685331 15.20833333
v -3.26684028 -1.88611111 15.20833333
v -3.10428286 -2.17364226 15.20833333
v -2.91635957 -2.44711624 15.20833333
v -2.70429061 -2.70429061 15.20833333
v -2.46949477 -2.94302927 15.20833333
v -2.21358018 -3.16132012 15.20833333
v -1.93833334 -3.35729182 15.20833333
v -1.63099344 -3.49767672 15.20833333
v -1.31399072 -3.61015984 15.20833333
v -0.98983906 -3.69412967 15.20833333
v -0.66108504 -3.74919960 15.20833333
v -0.33028799 -3.77520895 15.20833333
v -0.00000000 -3.77222223 15.20833333
v 0.32725367 -3.74052662 15.20833333
v 0.64899399 -3.68062780 15.20833333
v 0.96280685 -3.59324408 15.20833333
v 1.26636125 -3.47929894 15.20833333
v 1.55742656 -3.33991203 15.20833333
v 1.83388889 -3.17638873 15.20833333
v 2.09376643 -2.99020835 15.20833333
v 2.33522358 -2.78301109 15.20833333
v 2.55658385 -2.55658385 15.20833333
v 2.75634140 -2.31284505 15.20833333
v 2.93317110 -2.05382852 15.20833333
v 3.08593719 -1.78166667 15.20833333
v 3.21370028 -1.49857305 15.20833333
v 3.31572282 -1.20682441 15.20833333
v 3.39147290 -0.90874243 15.20833333
v 3.44062650 -0.60667528 15.20833333
v 3.46306794 -0.30297919 15.20833333
v 7.00000000 0.00000000 15.31250000
v 6.66341997 0.58297371 15.31250000
v 6.35322614 1.12024518 15.31250000
v 6.06217783 1.62435565 15.31250000
v 5.78446276 2.10537226 15.31250000
v 5.51518592 2.57177343 15.31250000
v 5.25000000 3.03108891 15.31250000
v 4.98481408 3.49040440 15.31250000
v 4.71553724 3.95680556 15.31250000
v 4.43782217 4.43782217 15.31250000
v 4.14677386 4.94193264 15.31250000
v 3.83658003 5.47920412 15.31250000
v 3.50000000 6.06217783 15.31250000
v 2.82683995 6.06217783 15.31250000
v 2.20645228 6.06217783 15.31250000
v 1.62435565 6.06217783 15.31250000
v 1.06892551 6.06217783 15.31250000
v 0.53037184 6.06217783 15.31250000
v 0.00000000 6.06217783 15.31250000
v -0.53037184 6.06217783 15.31250000
v -1.06892551 6.06217783 15.31250000
v -1.62435565 6.06217783 15.31250000
v -2.20645228 6.06217783 15.31250000
v -2.82683995 6.06217783 15.31250000
v -3.50000000 6.06217783 15.31250000
v -3.83658003 5.47920412 15.31250000
v -4.14677386 4.94193264 15.31250000
v -4.43782217 4.43782217 15.31250000
v -4.71553724 3.95680556 15.31250000
v -4.98481408 3.49040440 15.31250000
v -5.25000000 3.03108891 15.31250000
v -5.51518592 2.57177343 15.31250000
v -5.78446276 2.10537226 15.31250000
v -6.06217783 1.62435565 15.31250000
v -6.35322614 1.12024518 15.31250000
v -6.66341997 0.58297371 15.31250000
v -7.00000000 0.00000000 15.31250000
v -6.66341997 -0.58297371 15.31250000
v -6.35322614 -1.12024518 15.31250000
v -6.06217783 -1.62435565 15.31250000
v -5.78446276 -2.10537226 15.31250000
v -5.51518592 -2.57177343 15.31250000
v -5.25000000 -3.03108891 15.31250000
v -4.98481408 -3.49040440 15.31250000
v -4.71553724 -3.95680556 15.31250000
v -4.43782217 -4.43782217 15.31250000
v -4.14677386 -4.94193264 15.31250000
v -3.83658003 -5.47920412 15.31250000
v -3.50000000 -6.06217783 15.31250000
v -2.82683995 -6.06217783 15.31250000
v -2.20645228 -6.06217783 15.31250000
v -1.62435565 -6.06217783 15.31250000
v -1.06892551 -6.06217783 15.31250000
v -0.53037184 -6.06217783 15.31250000
v -0.00000000 -6.06217783 15.31250000
v 0.53037184 -6.06217783 15.31250000
v 1.06892551 -6.06217783 15.31250000
v 1.62435565 -6.06217783 15.31250000
v 2.20645228 -6.06217783 15.31250000
v 2.82683995 -6.06217783 15.31250000
v 3.50000000 -6.06217783 15.31250000
v 3.83658003 -5.47920412 15.31250000
v 4.14677386 -4.94193264 15.31250000
v 4.43782217 -4.43782217 15.31250000
v 4.71553724 -3.95680556 15.31250000
v 4.98481408 -3.49040440 15.31250000
v 5.25000000 -3.03108891 15.31250000
v 5.51518592 -2.57177343 15.31250000
v 5.78446276 -2.10537226 15.31250000
v 6.06217783 -1.62435565 15.31250000
v 6.35322614 -1.12024518 15.31250000
v 6.66341997 -0.58297371 15.31250000
v 3.56333334 0.00000000 15.31250000
v 3.53243261 0.30904781 15.31250000
v 3.47491240 0.61272081 15.31250000
v 3.39147290 0.90874243 15.31250000
v 3.28300759 1.19491704 15.31250000
v 3.15059441 1.46914630 15.31250000
v 2.99548565 1.72944445 15.31250000
v 2.81909659 1.97395269 15.31250000
v 2.62299292 2.20095239 15.31250000
v 2.40887710 2.40887710 15.31250000
v 2.17857386 2.59632322 15.31250000
v 1.93401477 2.76205934 15.31250000
v 1.67722222 2.90503411 15.31250000
v 1.41029279 3.02438265 15.31250000
v 1.13538020 3.11943147 15.31250000
v 0.85467800 3.18970173 15.31250000
v 0.57040211 3.23491110 15.31250000
v 0.28477332 3.25497394 15.31250000
v 0.00000000 3.25000000 15.31250000
v -0.28477332 3.25497394 15.31250000
v -0.57040211 3.23491110 15.31250000
v -0.85467800 3.18970173 15.31250000
v -1.13538020 3.11943147 15.31250000
v -1.41029279 3.02438265 15.31250000
v -1.67722222 2.90503411 15.31250000
v -1.93401477 2.76205934 15.31250000
v -2.17857386 2.59632322 15.31250000
v -2.40887710 2.40887710 15.31250000
v -2.62299292 2.20095239 15.31250000
v -2.81909659 1.97395269 15.31250000
v -2.99548565 1.72944445 15.31250000
v -3.15059441 1.46914630 15.31250000
v -3.28300759 1.19491704 15.31250000
v -3.39147290 0.90874243 15.31250000
v -3.47491240 0.61272081 15.31250000
v -3.53243261 0.30904781 15.31250000
v -3.56333334 0.00000000 15.31250000
v -3.56711494 -0.31208212 15.31250000
v -3.54348420 -0.62481187 15.31250000
v -3.49235849 -0.93577464 15.31250000
v -3.41386849 -1.24254651 15.31250000
v -3.30835910 -1.54271318 15.31250000
v -3.17638873 -1.83388889 15.31250000
v -3.01872698 -2.11373539 15.31250000
v -2.83635048 -2.37998065 15.31250000
v -2.63043723 -2.63043723 15.31250000
v -2.40235918 -2.86302018 15.31250000
v -2.15367330 -3.07576424 15.31250000
v -1.88611111 -3.26684028 15.31250000
v -1.60156669 -3.43457085 15.31250000
v -1.30208336 -3.57744462 15.31250000
v -0.98983906 -3.69412967 15.31250000
v -0.66713057 -3.78348550 15.31250000
v -0.33635661 -3.84457362 15.31250000
v -0.00000000 -3.87666667 15.31250000
v 0.33635661 -3.84457362 15.31250000
v 0.66713057 -3.78348550 15.31250000
v 0.98983906 -3.69412967 15.31250000
v 1.30208336 -3.57744462 15.31250000
v 1.60156669 -3.43457085 15.31250000
v 1.88611111 -3.26684028 15.31250000
v 2.15367330 -3.07576424 15.31250000
v 2.40235918 -2.86302018 15.31250000
v 2.63043723 -2.63043723 15.31250000
v 2.83635048 -2.37998065 15.31250000
v 3.01872698 -2.11373539 15.31250000
v 3.17638873 -1.83388889 15.31250000
v 3.30835910 -1.54271318 15.31250000
v 3.41386849 -1.24254651 15.31250000
v 3.49235849 -0.93577464 15.31250000
v 3.54348420 -0.62481187 15.31250000
v 3.56711494 -0.31208212 15.31250000
v 7.00000000 0.00000000 15.41666667
v 6.66341997 0.58297371 15.41666667
v 6.35322614 1.12024518 15.41666667
v 6.06217783 1.62435565 15.41666667
v 5.78446276 2.10537226 15.41666667
v 5.51518592 2.57177343 15.41666667
v 5.25000000 3.03108891 15.41666667
v 4.98481408 3.49040440 15.41666667
v 4.71553724 3.95680556 15.41666667
v 4.43782217 4.43782217 15.41666667
v 4.14677386 4.94193264 15.41666667
v 3.83658003 5.47920412 15.41666667
v 3.50000000 6.06217783 15.41666667
v 2.82683995 6.06217783 15.41666667
v 2.20645228 6.06217783 15.41666667
v 1.62435565 6.06217783 15.41666667
v 1.06892551 6.06217783 15.41666667
v 0.53037184 6.06217783 15.41666667
v 0.00000000 6.06217783 15.41666667
v -0.53037184 6.06217783 15.41666667
v -1.06892551 6.06217783 15.41666667
v -1.62435565 6.06217783 15.41666667
v -2.20645228 6.06217783 15.41666667
v -2.82683995 6.06217783 15.41666667
v -3.50000000 6.06217783 15.41666667
v -3.83658003 5.47920412 15.41666667
v -4.14677386 4.94193264 15.41666667
v -4.43782217 4.43782217 15.41666667
v -4.71553724 3.95680556 15.41666667
v -4.98481408 3.49040440 15.41666667
v -5.25000000 3.03108891 15.41666667
v -5.51518592 2.57177343 15.41666667
v -5.78446276 2.10537226 15.41666667
v -6.06217783 1.62435565 15.41666667
v -6.35322614 1.12024518 15.41666667
v -6.66341997 0.58297371 15.41666667
v -7.00000000 0.00000000 15.41666667
v -6.66341997 -0.58297371 15.41666667
v -6.35322614 -1.12024518 15.41666667
v -6.06217783 -1.62435565 15.41666667
v -5.78446276 -2.10537226 15.41666667
v -5.51518592 -2.57177343 15.41666667
v -5.25000000 -3.03108891 15.41666667
v -4.98481408 -3.49040440 15.41666667
v -4.71553724 -3.95680556 15.41666667
v -4.43782217 -4.43782217 15.41666667
v -4.14677386 -4.94193264 15.41666667
v -3.83658003 -5.47920412 15.41666667
v -3.50000000 -6.06217783 15.41666667
v -2.82683995 -6.06217783 15.41666667
v -2.20645228 -6.06217783 15.41666667
v -1.62435565 -6.06217783 15.41666667
v -1.06892551 -6.06217783 15.41666667
v -0.53037184 -6.06217783 15.41666667
v -0.00000000 -6.06217783 15.41666667
v 0.53037184 -6.06217783 15.41666667
v 1.06892551 -6.06217783 15.41666667
v 1.62435565 -6.06217783 15.41666667
v 2.20645228 -6.06217783 15.41666667
v 2.82683995 -6.06217783 15.41666667
v 3.50000000 -6.06217783 15.41666667
v 3.83658003 -5.47920412 15.41666667
v 4.14677386 -4.94193264 15.41666667
v 4.43782217 -4.43782217 15.41666667
v 4.71553724 -3.95680556 15.41666667
v 4.98481408 -3.49040440 15.41666667
v 5.25000000 -3.03108891 15.41666667
v 5.51518592 -2.57177343 15.41666667
v 5.78446276 -2.10537226 15.41666667
v 6.06217783 -1.62435565 15.41666667
v 6.35322614 -1.12024518 15.41666667
v 6.66341997 -0.58297371 15.41666667
v 3.66777778 0.00000000 15.41666667
v 3.63647961 0.31815074 15.41666667
v 3.57777010 0.63085740 15.41666667
v 3.49235849 0.93577464 15.41666667
v 3.38115327 1.23063915 15.41666667
v 3.24525322 1.51328643 15.41666667
v 3.08593719 1.78166667 15.41666667
v 2.90465247 2.03385956 15.41666667
v 2.70300201 2.26808799 15.41666667
v 2.48273048 2.48273048 15.41666667
v 2.24570945 2.67633231 15.41666667
v 1.99392164 2.84761522 15.41666667
v 1.72944445 2.99548565 15.41666667
v 1.45443292 3.11904147 15.41666667
v 1.17110231 3.21757714 15.41666667
v 0.88171021 3.29058732 15.41666667
v 0.58853869 3.33776880 15.41666667
v 0.29387625 3.35902094 15.41666667
v 0.00000000 3.35444445 15.41666667
v -0.29084194 3.32433860 15.41666667
v -0.57644764 3.26919700 15.41666667
v -0.85467800 3.18970173 15.41666667
v -1.12347283 3.08671624 15.41666667
v -1.38086604 2.96127678 15.41666667
v -1.62500000 2.81458256 15.41666667
v -1.87410790 2.67650346 15.41666667
v -2.11143826 2.51631414 15.41666667
v -2.33502373 2.33502373 15.41666667
v -2.54298383 2.13381680 15.41666667
v -2.73354071 1.91404581 15.41666667
v -2.90503411 1.67722222 15.41666667
v -3.05593559 1.42500617 15.41666667
v -3.18486192 1.15919494 15.41666667
v -3.29058732 0.88171021 15.41666667
v -3.37205470 0.59458422 15.41666667
v -3.42838561 0.29994487 15.41666667
v -3.45888889 0.00000000 15.41666667
v -3.46306794 -0.30297919 15.41666667
v -3.44062650 -0.60667528 15.41666667
v -3.39147290 -0.90874243 15.41666667
v -3.31572282 -1.20682441 15.41666667
v -3.21370028 -1.49857305 15.41666667
v -3.08593719 -1.78166667 15.41666667
v -2.93317110 -2.05382852 15.41666667
v -2.75634140 -2.31284505 15.41666667
v -2.55658385 -2.55658385 15.41666667
v -2.33522358 -2.78301109 15.41666667
v -2.09376643 -2.99020835 15.41666667
v -1.83388889 -3.17638873 15.41666667
v -1.55742656 -3.33991203 15.41666667
v -1.26636125 -3.47929894 15.41666667
v -0.96280685 -3.59324408 15.41666667
v -0.64899399 -3.68062780 15.41666667
v -0.32725367 -3.74052662 15.41666667
v -0.00000000 -3.77222223 15.41666667
v 0.33028799 -3.77520895 15.41666667
v 0.66108504 -3.74919960 15.41666667
v 0.98983906 -3.69412967 15.41666667
v 1.31399072 -3.61015984 15.41666667
v 1.63099344 -3.49767672 15.41666667
v 1.93833334 -3.35729182 15.41666667
v 2.21358018 -3.16132012 15.41666667
v 2.46949477 -2.94302927 15.41666667
v 2.70429061 -2.70429061 15.41666667
v 2.91635957 -2.44711624 15.41666667
v 3.10428286 -2.17364226 15.41666667
v 3.26684028 -1.88611111 15.41666667
v 3.40301791 -1.58685331 15.41666667
v 3.51201417 -1.27826862 15.41666667
v 3.59324408 -0.96280685 15.41666667
v 3.64634190 -0.64294846 15.41666667
v 3.67116195 -0.32118505 15.41666667
v 7.00000000 0.00000000 15.52083333
v 6.66341997 0.58297371 15.52083333
v 6.35322614 1.12024518 15.52083333
v 6.06217783 1.62435565 15.52083333
v 5.78446276 2.10537226 15.52083333
v 5.51518592 2.57177343 15.52083333
v 5.25000000 3.03108891 15.52083333
v 4.98481408 3.49040440 15.52083333
v 4.71553724 3.95680556 15.52083333
v 4.43782217 4.43782217 15.52083333
v 4.14677386 4.94193264 15.52083333
v 3.83658003 5.47920412 15.52083333
v 3.50000000 6.06217783 15.52083333
v 2.82683995 6.06217783 15.52083333
v 2.20645228 6.06217783 15.52083333
v 1.62435565 6.06217783 15.52083333
v 1.06892551 6.06217783 15.52083333
v 0.53037184 6.06217783 15.52083333
v 0.00000000 6.06217783 15.52083333
v -0.53037184 6.06217783 15.52083333
v -1.06892551 6.06217783 15.52083333
v -1.62435565 6.06217783 15.52083333
v -2.20645228 6.06217783 15.52083333
v -2.82683995 6.06217783 15.52083333
v -3.50000000 6.06217783 15.52083333
v -3.83658003 5.47920412 15.52083333
v -4.14677386 4.94193264 15.52083333
v -4.43782217 4.43782217 15.52083333
v -4.71553724 3.95680556 15.52083333
v -4.98481408 3.49040440 15.52083333
v -5.25000000 3.03108891 15.52083333
v -5.51518592 2.57177343 15.52083333
v -5.78446276 2.10537226 15.52083333
v -6.06217783 1.62435565 15.52083333
v -6.35322614 1.12024518 15.52083333
v -6.66341997 0.58297371 15.52083333
v -7.00000000 0.00000000 15.52083333
v -6.66341997 -0.58297371 15.52083333
v -6.35322614 -1.12024518 15.52083333
v -6.06217783 -1.62435565 15.52083333
v -5.78446276 -2.10537226 15.52083333
v -5.51518592 -2.57177343 15.52083333
v -5.25000000 -3.03108891 15.52083333
v -4.98481408 -3.49040440 15.52083333
v -4.71553724 -3.95680556 15.52083333
v -4.43782217 -4.43782217 15.52083333
v -4.14677386 -4.94193264 15.52083333
v -3.83658003 -5.47920412 15.52083333
v -3.50000000 -6.06217783 15.52083333
v -2.82683995 -6.06217783 15.52083333
v -2.20645228 -6.06217783 15.52083333
v -1.62435565 -6.06217783 15.52083333
v -1.06892551 -6.06217783 15.52083333
v -0.53037184 -6.06217783 15.52083333
v -0.00000000 -6.06217783 15.52083333
v 0.53037184 -6.06217783 15.52083333
v 1.06892551 -6.06217783 15.52083333
v 1.62435565 -6.06217783 15.52083333
v 2.20645228 -6.06217783 15.52083333
v 2.82683995 -6.06217783 15.52083333
v 3.50000000 -6.06217783 15.52083333
v 3.83658003 -5.47920412 15.52083333
v 4.14677386 -4.94193264 15.52083333
v 4.43782217 -4.43782217 15.52083333
v 4.71553724 -3.95680556 15.52083333
v 4.98481408 -3.49040440 15.52083333
v 5.25000000 -3.03108891 15.52083333
v 5.51518592 -2.57177343 15.52083333
v 5.78446276 -2.10537226 15.52083333
v 6.06217783 -1.62435565 15.52083333
v 6.35322614 -1.12024518 15.52083333
v 6.66341997 -0.58297371 15.52083333
v 3.77222223 0.00000000 15.52083333
v 3.74052662 0.32725367 15.52083333
v 3.68062780 0.64899399 15.52083333
v 3.59324408 0.96280685 15.52083333
v 3.47929894 1.26636125 15.52083333
v 3.33991203 1.55742656 15.52083333
v 3.17638873 1.83388889 15.52083333
v 2.99020835 2.09376643 15.52083333
v 2.78301109 2.33522358 15.52083333
v 2.55658385 2.55658385 15.52083333
v 2.31284505 2.75634140 15.52083333
v 2.05382852 2.93317110 15.52083333
v 1.78166667 3.08593719 15.52083333
v 1.49857305 3.21370028 15.52083333
v 1.20682441 3.31572282 15.52083333
v 0.90874243 3.39147290 15.52083333
v 0.60667528 3.44062650 15.52083333
v 0.30297919 3.46306794 15.52083333
v 0.00000000 3.45888889 15.52083333
v -0.29994487 3.42838561 15.52083333
v -0.59458422 3.37205470 15.52083333
v -0.88171021 3.29058732 15.52083333
v -1.15919494 3.18486192 15.52083333
v -1.42500617 3.05593559 15.52083333
v -1.67722222 2.90503411 15.52083333
v -1.91404581 2.73354071 15.52083333
v -2.13381680 2.54298383 15.52083333
v -2.33502373 2.33502373 15.52083333
v -2.51631414 2.11143826 15.52083333
v -2.67650346 1.87410790 15.52083333
v -2.81458256 1.62500000 15.52083333
v -2.96127678 1.38086604 15.52083333
v -3.08671624 1.12347283 15.52083333
v -3.18970173 0.85467800 15.52083333
v -3.26919700 0.57644764 15.52083333
v -3.32433860 0.29084194 15.52083333
v -3.35444445 0.00000000 15.52083333
v -3.35902094 -0.29387625 15.52083333
v -3.33776880 -0.58853869 15.52083333
v -3.29058732 -0.88171021 15.52083333
v -3.21757714 -1.17110231 15.52083333
v -3.11904147 -1.45443292 15.52083333
v -2.99548565 -1.72944445 15.52083333
v -2.84761522 -1.99392164 15.52083333
v -2.67633231 -2.24570945 15.52083333
v -2.48273048 -2.48273048 15.52083333
v -2.26808799 -2.70300201 15.52083333
v -2.03385956 -2.90465247 15.52083333
v -1.78166667 -3.08593719 15.52083333
v -1.51328643 -3.24525322 15.52083333
v -1.23063915 -3.38115327 15.52083333
v -0.93577464 -3.49235849 15.52083333
v -0.63085740 -3.57777010 15.52083333
v -0.31815074 -3.63647961 15.52083333
v -0.00000000 -3.66777778 15.52083333
v 0.32118505 -3.67116195 15.52083333
v 0.64294846 -3.64634190 15.52083333
v 0.96280685 -3.59324408 15.52083333
v 1.27826862 -3.51201417 15.52083333
v 1.58685331 -3.40301791 15.52083333
v 1.88611111 -3.26684028 15.52083333
v 2.17364226 -3.10428286 15.52083333
v 2.44711624 -2.91635957 15.52083333
v 2.70429061 -2.70429061 15.52083333
v 2.94302927 -2.46949477 15.52083333
v 3.16132012 -2.21358018 15.52083333
v 3.35729182 -1.93833334 15.52083333
v 3.49767672 -1.63099344 15.52083333
v 3.61015984 -1.31399072 15.52083333
v 3.69412967 -0.98983906 15.52083333
v 3.74919960 -0.66108504 15.52083333
v 3.77520895 -0.33028799 15.52083333
v 7.00000000 0.00000000 15.62500000
v 6.66341997 0.58297371 15.62500000
v 6.35322614 1.12024518 15.62500000
v 6.06217783 1.62435565 15.62500000
v 5.78446276 2.10537226 15.62500000
v 5.51518592 2.57177343 15.62500000
v 5.25000000 3.03108891 15.62500000
v 4.98481408 3.49040440 15.62500000
v 4.71553724 3.95680556 15.62500000
v 4.43782217 4.43782217 15.62500000
v 4.14677386 4.94193264 15.62500000
v 3.83658003 5.47920412 15.62500000
v 3.50000000 6.06217783 15.62500000
v 2.82683995 6.06217783 15.62500000
v 2.20645228 6.06217783 15.62500000
v 1.62435565 6.06217783 15.62500000
v 1.06892551 6.06217783 15.62500000
v 0.53037184 6.06217783 15.62500000
v 0.00000000 6.06217783 15.62500000
v -0.53037184 6.06217783 15.62500000
v -1.06892551 6.06217783 15.62500000
v -1.62435565 6.06217783 15.62500000
v -2.20645228 6.06217783 15.62500000
v -2.82683995 6.06217783 15.62500000
v -3.50000000 6.06217783 15.62500000
v -3.83658003 5.47920412 15.62500000
v -4.14677386 4.94193264 15.62500000
v -4.43782217 4.43782217 15.62500000
v -4.71553724 3.95680556 15.62500000
v -4.98481408 3.49040440 15.62500000
v -5.25000000 3.03108891 15.62500000
v -5.51518592 2.57177343 15.62500000
v -5.78446276 2.10537226 15.62500000
v -6.06217783 1.62435565 15.62500000
v -6.35322614 1.12024518 15.62500000
v -6.66341997 0.58297371 15.62500000
v -7.00000000 0.00000000 15.62500000
v -6.66341997 -0.58297371 15.62500000
v -6.35322614 -1.12024518 15.62500000
v -6.06217783 -1.62435565 15.62500000
v -5.78446276 -2.10537226 15.62500000
v -5.51518592 -2.57177343 15.62500000
v -5.25000000 -3.03108891 15.62500000
v -4.98481408 -3.49040440 15.62500000
v -4.71553724 -3.95680556 15.62500000
v -4.43782217 -4.43782217 15.62500000
v -4.14677386 -4.94193264 15.62500000
v -3.83658003 -5.47920412 15.62500000
v -3.50000000 -6.06217783 15.62500000
v -2.82683995 -6.06217783 15.62500000
v -2.20645228 -6.06217783 15.62500000
v -1.62435565 -6.06217783 15.62500000
v -1.06892551 -6.06217783 15.62500000
v -0.53037184 -6.06217783 15.62500000
v -0.00000000 -6.06217783 15.62500000
v 0.53037184 -6.06217783 15.62500000
v 1.06892551 -6.06217783 15.62500000
v 1.62435565 -6.06217783 15.62500000
v 2.20645228 -6.06217783 15.62500000
v 2.82683995 -6.06217783 15.62500000
v 3.50000000 -6.06217783 15.62500000
v 3.83658003 -5.47920412 15.62500000
v 4.14677386 -4.94193264 15.62500000
v 4.43782217 -4.43782217 15.62500000
v 4.71553724 -3.95680556 15.62500000
v 4.98481408 -3.49040440 15.62500000
v 5.25000000 -3.03108891 15.62500000
v 5.51518592 -2.57177343 15.62500000
v 5.78446276 -2.10537226 15.62500000
v 6.06217783 -1.62435565 15.62500000
v 6.35322614 -1.12024518 15.62500000
v 6.66341997 -0.58297371 15.62500000
v 3.87666667 0.00000000 15.62500000
v 3.84457362 0.33635661 15.62500000
v 3.78348550 0.66713057 15.62500000
v 3.69412967 0.98983906 15.62500000
v 3.57744462 1.30208336 15.62500000
v 3.43457085 1.60156669 15.62500000
v 3.26684028 1.88611111 15.62500000
v 3.07576424 2.15367330 15.62500000
v 2.86302018 2.40235918 15.62500000
v 2.63043723 2.63043723 15.62500000
v 2.37998065 2.83635048 15.62500000
v 2.11373539 3.01872698 15.62500000
v 1.83388889 3.17638873 15.62500000
v 1.54271318 3.30835910 15.62500000
v 1.24254651 3.41386849 15.62500000
v 0.93577464 3.49235849 15.62500000
v 0.62481187 3.54348420 15.62500000
v 0.31208212 3.56711494 15.62500000
v 0.00000000 3.56333334 15.62500000
v -0.30904781 3.53243261 15.62500000
v -0.61272081 3.47491240 15.62500000
v -0.90874243 3.39147290 15.62500000
v -1.19491704 3.28300759 15.62500000
v -1.46914630 3.15059441 15.62500000
v -1.72944445 2.99548565 15.62500000
v -1.97395269 2.81909659 15.62500000
v -2.20095239 2.62299292 15.62500000
v -2.40887710 2.40887710 15.62500000
v -2.59632322 2.17857386 15.62500000
v -2.76205934 1.93401477 15.62500000
v -2.90503411 1.67722222 15.62500000
v -3.02438265 1.41029279 15.62500000
v -3.11943147 1.13538020 15.62500000
v -3.18970173 0.85467800 15.62500000
v -3.23491110 0.57040211 15.62500000
v -3.25497394 0.28477332 15.62500000
v -3.25000000 0.00000000 15.62500000
v -3.25497394 -0.28477332 15.62500000
v -3.23491110 -0.57040211 15.62500000
v -3.18970173 -0.85467800 15.62500000
v -3.11943147 -1.13538020 15.62500000
v -3.02438265 -1.41029279 15.62500000
v -2.90503411 -1.67722222 15.62500000
v -2.76205934 -1.93401477 15.62500000
v -2.59632322 -2.17857386 15.62500000
v -2.40887710 -2.40887710 15.62500000
v -2.20095239 -2.62299292 15.62500000
v -1.97395269 -2.81909659 15.62500000
v -1.72944445 -2.99548565 15.62500000
v -1.46914630 -3.15059441 15.62500000
v -1.19491704 -3.28300759 15.62500000
v -0.90874243 -3.39147290 15.62500000
v -0.61272081 -3.47491240 15.62500000
v -0.30904781 -3.53243261 15.62500000
v -0.00000000 -3.56333334 15.62500000
v 0.31208212 -3.56711494 15.62500000
v 0.62481187 -3.54348420 15.62500000
v 0.93577464 -3.49235849 15.62500000
v 1.24254651 -3.41386849 15.62500000
v 1.54271318 -3.30835910 15.62500000
v 1.83388889 -3.17638873 15.62500000
v 2.11373539 -3.01872698 15.62500000
v 2.37998065 -2.83635048 15.62500000
v 2.63043723 -2.63043723 15.62500000
v 2.86302018 -2.40235918 15.62500000
v 3.07576424 -2.15367330 15.62500000
v 3.26684028 -1.88611111 15.62500000
v 3.43457085 -1.60156669 15.62500000
v 3.57744462 -1.30208336 15.62500000
v 3.69412967 -0.98983906 15.62500000
v 3.78348550 -0.66713057 15.62500000
v 3.84457362 -0.33635661 15.62500000
v 7.00000000 0.00000000 15.72916667
v 6.66341997 0.58297371 15.72916667
v 6.35322614 1.12024518 15.72916667
v 6.06217783 1.62435565 15.72916667
v 5.78446276 2.10537226 15.72916667
v 5.51518592 2.57177343 15.72916667
v 5.25000000 3.03108891 15.72916667
v 4.98481408 3.49040440 15.72916667
v 4.71553724 3.95680556 15.72916667
v 4.43782217 4.43782217 15.72916667
v 4.14677386 4.94193264 15.72916667
v 3.83658003 5.47920412 15.72916667
v 3.50000000 6.06217783 15.72916667
v 2.82683995 6.06217783 15.72916667
v 2.20645228 6.06217783 15.72916667
v 1.62435565 6.06217783 15.72916667
v 1.06892551 6.06217783 15.72916667
v 0.53037184 6.06217783 15.72916667
v 0.00000000 6.06217783 15.72916667
v -0.53037184 6.06217783 15.72916667
v -1.06892551 6.06217783 15.72916667
v -1.62435565 6.06217783 15.72916667
v -2.20645228 6.06217783 15.72916667
v -2.82683995 6.06217783 15.72916667
v -3.50000000 6.06217783 15.72916667
v -3.83658003 5.47920412 15.72916667
v -4.14677386 4.94193264 15.72916667
v -4.43782217 4.43782217 15.72916667
v -4.71553724 3.95680556 15.72916667
v -4.98481408 3.49040440 15.72916667
v -5.25000000 3.03108891 15.72916667
v -5.51518592 2.57177343 15.72916667
v -5.78446276 2.10537226 15.72916667
v -6.06217783 1.62435565 15.72916667
v -6.35322614 1.12024518 15.72916667
v -6.66341997 0.58297371 15.72916667
v -7.00000000 0.00000000 15.72916667
v -6.66341997 -0.58297371 15.72916667
v -6.35322614 -1.12024518 15.72916667
v -6.06217783 -1.62435565 15.72916667
v -5.78446276 -2.10537226 15.72916667
v -5.51518592 -2.57177343 15.72916667
v -5.25000000 -3.03108891 15.72916667
v -4.98481408 -3.49040440 15.72916667
v -4.71553724 -3.95680556 15.72916667
v -4.43782217 -4.43782217 15.72916667
v -4.14677386 -4.94193264 15.72916667
v -3.83658003 -5.47920412 15.72916667
v -3.50000000 -6.06217783 15.72916667
v -2.82683995 -6.06217783 15.72916667
v -2.20645228 -6.06217783 15.72916667
v -1.62435565 -6.06217783 15.72916667
v -1.06892551 -6.06217783 15.72916667
v -0.53037184 -6.06217783 15.72916667
v -0.00000000 -6.06217783 15.72916667
v 0.53037184 -6.06217783 15.72916667
v 1.06892551 -6.06217783 15.72916667
v 1.62435565 -6.06217783 15.72916667
v 2.20645228 -6.06217783 15.72916667
v 2.82683995 -6.06217783 15.72916667
v 3.50000000 -6.06217783 15.72916667
v 3.83658003 -5.47920412 15.72916667
v 4.14677386 -4.94193264 15.72916667
v 4.43782217 -4.43782217 15.72916667
v 4.71553724 -3.95680556 15.72916667
v 4.98481408 -3.49040440 15.72916667
v 5.25000000 -3.03108891 15.72916667
v 5.51518592 -2.57177343 15.72916667
v 5.78446276 -2.10537226 15.72916667
v 6.06217783 -1.62435565 15.72916667
v 6.35322614 -1.12024518 15.72916667
v 6.66341997 -0.58297371 15.72916667
v 3.77222223 0.00000000 15.72916667
v 3.77520895 0.33028799 15.72916667
v 3.74919960 0.66108504 15.72916667
v 3.69412967 0.98983906 15.72916667
v 3.61015984 1.31399072 15.72916667
v 3.49767672 1.63099344 15.72916667
v 3.35729182 1.93833334 15.72916667
v 3.16132012 2.21358018 15.72916667
v 2.94302927 2.46949477 15.72916667
v 2.70429061 2.70429061 15.72916667
v 2.44711624 2.91635957 15.72916667
v 2.17364226 3.10428286 15.72916667
v 1.88611111 3.26684028 15.72916667
v 1.58685331 3.40301791 15.72916667
v 1.27826862 3.51201417 15.72916667
v 0.96280685 3.59324408 15.72916667
v 0.64294846 3.64634190 15.72916667
v 0.32118505 3.67116195 15.72916667
v 0.00000000 3.66777778 15.72916667
v -0.31815074 3.63647961 15.72916667
v -0.63085740 3.57777010 15.72916667
v -0.93577464 3.49235849 15.72916667
v -1.23063915 3.38115327 15.72916667
v -1.51328643 3.24525322 15.72916667
v -1.78166667 3.08593719 15.72916667
v -2.03385956 2.90465247 15.72916667
v -2.26808799 2.70300201 15.72916667
v -2.48273048 2.48273048 15.72916667
v -2.67633231 2.24570945 15.72916667
v -2.84761522 1.99392164 15.72916667
v -2.99548565 1.72944445 15.72916667
v -3.11904147 1.45443292 15.72916667
v -3.21757714 1.17110231 15.72916667
v -3.29058732 0.88171021 15.72916667
v -3.33776880 0.58853869 15.72916667
v -3.35902094 0.29387625 15.72916667
v -3.35444445 0.00000000 15.72916667
v -3.32433860 -0.29084194 15.72916667
v -3.26919700 -0.57644764 15.72916667
v -3.18970173 -0.85467800 15.72916667
v -3.08671624 -1.12347283 15.72916667
v -2.96127678 -1.38086604 15.72916667
v -2.81458256 -1.62500000 15.72916667
v -2.67650346 -1.87410790 15.72916667
v -2.51631414 -2.11143826 15.72916667
v -2.33502373 -2.33502373 15.72916667
v -2.13381680 -2.54298383 15.72916667
v -1.91404581 -2.73354071 15.72916667
v -1.67722222 -2.90503411 15.72916667
v -1.42500617 -3.05593559 15.72916667
v -1.15919494 -3.18486192 15.72916667
v -0.88171021 -3.29058732 15.72916667
v -0.59458422 -3.37205470 15.72916667
v -0.29994487 -3.42838561 15.72916667
v -0.00000000 -3.45888889 15.72916667
v 0.30297919 -3.46306794 15.72916667
v 0.60667528 -3.44062650 15.72916667
v 0.90874243 -3.39147290 15.72916667
v 1.20682441 -3.31572282 15.72916667
v 1.49857305 -3.21370028 15.72916667
v 1.78166667 -3.08593719 15.72916667
v 2.05382852 -2.93317110 15.72916667
v 2.31284505 -2.75634140 15.72916667
v 2.55658385 -2.55658385 15.72916667
v 2.78301109 -2.33522358 15.72916667
v 2.99020835 -2.09376643 15.72916667
v 3.17638873 -1.83388889 15.72916667
v 3.33991203 -1.55742656 15.72916667
v 3.47929894 -1.26636125 15.72916667
v 3.59324408 -0.96280685 15.72916667
v 3.68062780 -0.64899399 15.72916667
v 3.74052662 -0.32725367 15.72916667
v 7.00000000 0.00000000 15.83333333
v 6.66341997 0.58297371 15.83333333
v 6.35322614 1.12024518 15.83333333
v 6.06217783 1.62435565 15.83333333
v 5.78446276 2.10537226 15.83333333
v 5.51518592 2.57177343 15.83333333
v 5.25000000 3.03108891 15.83333333
v 4.98481408 3.49040440 15.83333333
v 4.71553724 3.95680556 15.83333333
v 4.43782217 4.43782217 15.83333333
v 4.14677386 4.94193264 15.83333333
v 3.83658003 5.47920412 15.83333333
v 3.50000000 6.06217783 15.83333333
v 2.82683995 6.06217783 15.83333333
v 2.20645228 6.06217783 15.83333333
v 1.62435565 6.06217783 15.83333333
v 1.06892551 6.06217783 15.83333333
v 0.53037184 6.06217783 15.83333333
v 0.00000000 6.06217783 15.83333333
v -0.53037184 6.06217783 15.83333333
v -1.06892551 6.06217783 15.83333333
v -1.62435565 6.06217783 15.83333333
v -2.20645228 6.06217783 15.83333333
v -2.82683995 6.06217783 15.83333333
v -3.50000000 6.06217783 15.83333333
v -3.83658003 5.47920412 15.83333333
v -4.14677386 4.94193264 15.83333333
v -4.43782217 4.43782217 15.83333333
v -4.71553724 3.95680556 15.83333333
v -4.98481408 3.49040440 15.83333333
v -5.25000000 3.03108891 15.83333333
v -5.51518592 2.57177343 15.83333333
v -5.78446276 2.10537226 15.83333333
v -6.06217783 1.62435565 15.83333333
v -6.35322614 1.12024518 15.83333333
v -6.66341997 0.58297371 15.83333333
v -7.00000000 0.00000000 15.83333333
v -6.66341997 -0.58297371 15.83333333
v -6.35322614 -1.12024518 15.83333333
v -6.06217783 -1.62435565 15.83333333
v -5.78446276 -2.10537226 15.83333333
v -5.51518592 -2.57177343 15.83333333
v -5.25000000 -3.03108891 15.83333333
v -4.98481408 -3.49040440 15.83333333
v -4.71553724 -3.95680556 15.83333333
v -4.43782217 -4.43782217 15.83333333
v -4.14677386 -4.94193264 15.83333333
v -3.83658003 -5.47920412 15.83333333
v -3.50000000 -6.06217783 15.83333333
v -2.82683995 -6.06217783 15.83333333
v -2.20645228 -6.06217783 15.83333333
v -1.62435565 -6.06217783 15.83333333
v -1.06892551 -6.06217783 15.83333333
v -0.53037184 -6.06217783 15.83333333
v -0.00000000 -6.06217783 15.83333333
v 0.53037184 -6.06217783 15.83333333
v 1.06892551 -6.06217783 15.83333333
v 1.62435565 -6.06217783 15.83333333
v 2.20645228 -6.06217783 15.83333333
v 2.82683995 -6.06217783 15.83333333
v 3.50000000 -6.06217783 15.83333333
v 3.83658003 -5.47920412 15.83333333
v 4.14677386 -4.94193264 15.83333333
v 4.43782217 -4.43782217 15.83333333
v 4.71553724 -3.95680556 15.83333333
v 4.98481408 -3.49040440 15.83333333
v 5.25000000 -3.03108891 15.83333333
v 5.51518592 -2.57177343 15.83333333
v 5.78446276 -2.10537226 15.83333333
v 6.06217783 -1.62435565 15.83333333
v 6.35322614 -1.12024518 15.83333333
v 6.66341997 -0.58297371 15.83333333
v 3.66777778 0.00000000 15.83333333
v 3.67116195 0.32118505 15.83333333
v 3.64634190 0.64294846 15.83333333
v 3.59324408 0.96280685 15.83333333
v 3.51201417 1.27826862 15.83333333
v 3.40301791 1.58685331 15.83333333
v 3.26684028 1.88611111 15.83333333
v 3.10428286 2.17364226 15.83333333
v 2.91635957 2.44711624 15.83333333
v 2.70429061 2.70429061 15.83333333
v 2.46949477 2.94302927 15.83333333
v 2.21358018 3.16132012 15.83333333
v 1.93833334 3.35729182 15.83333333
v 1.63099344 3.49767672 15.83333333
v 1.31399072 3.61015984 15.83333333
v 0.98983906 3.69412967 15.83333333
v 0.66108504 3.74919960 15.83333333
v 0.33028799 3.77520895 15.83333333
v 0.00000000 3.77222223 15.83333333
v -0.32725367 3.74052662 15.83333333
v -0.64899399 3.68062780 15.83333333
v -0.96280685 3.59324408 15.83333333
v -1.26636125 3.47929894 15.83333333
v -1.55742656 3.33991203 15.83333333
v -1.83388889 3.17638873 15.83333333
v -2.09376643 2.99020835 15.83333333
v -2.33522358 2.78301109 15.83333333
v -2.55658385 2.55658385 15.83333333
v -2.75634140 2.31284505 15.83333333
v -2.93317110 2.05382852 15.83333333
v -3.08593719 1.78166667 15.83333333
v -3.21370028 1.49857305 15.83333333
v -3.31572282 1.20682441 15.83333333
v -3.39147290 0.90874243 15.83333333
v -3.44062650 0.60667528 15.83333333
v -3.46306794 0.30297919 15.83333333
v -3.45888889 0.00000000 15.83333333
v -3.42838561 -0.29994487 15.83333333
v -3.37205470 -0.59458422 15.83333333
v -3.29058732 -0.88171021 15.83333333
v -3.18486192 -1.15919494 15.83333333
v -3.05593559 -1.42500617 15.83333333
v -2.90503411 -1.67722222 15.83333333
v -2.73354071 -1.91404581 15.83333333
v -2.54298383 -2.13381680 15.83333333
v -2.33502373 -2.33502373 15.83333333
v -2.11143826 -2.51631414 15.83333333
v -1.87410790 -2.67650346 15.83333333
v -1.62500000 -2.81458256 15.83333333
v -1.38086604 -2.96127678 15.83333333
v -1.12347283 -3.08671624 15.83333333
v -0.85467800 -3.18970173 15.83333333
v -0.57644764 -3.26919700 15.83333333
v -0.29084194 -3.32433860 15.83333333
v -0.00000000 -3.35444445 15.83333333
v 0.29387625 -3.35902094 15.83333333
v 0.58853869 -3.33776880 15.83333333
v 0.88171021 -3.29058732 15.83333333
v 1.17110231 -3.21757714 15.83333333
v 1.45443292 -3.11904147 15.83333333
v 1.72944445 -2.99548565 15.83333333
v 1.99392164 -2.84761522 15.83333333
v 2.24570945 -2.67633231 15.83333333
v 2.48273048 -2.48273048 15.83333333
v 2.70300201 -2.26808799 15.83333333
v 2.90465247 -2.03385956 15.83333333
v 3.08593719 -1.78166667 15.83333333
v 3.24525322 -1.51328643 15.83333333
v 3.38115327 -1.23063915 15.83333333
v 3.49235849 -0.93577464 15.83333333
v 3.57777010 -0.63085740 15.83333333
v 3.63647961 -0.31815074 15.83333333
v 7.00000000 0.00000000 15.93750000
v 6.66341997 0.58297371 15.93750000
v 6.35322614 1.12024518 15.93750000
v 6.06217783 1.62435565 15.93750000
v 5.78446276 2.10537226 15.93750000
v 5.51518592 2.57177343 15.93750000
v 5.25000000 3.03108891 15.93750000
v 4.98481408 3.49040440 15.93750000
v 4.71553724 3.95680556 15.93750000
v 4.43782217 4.43782217 15.93750000
v 4.14677386 4.94193264 15.93750000
v 3.83658003 5.47920412 15.93750000
v 3.50000000 6.06217783 15.93750000
v 2.82683995 6.06217783 15.93750000
v 2.20645228 6.06217783 15.93750000
v 1.62435565 6.06217783 15.93750000
v 1.06892551 6.06217783 15.93750000
v 0.53037184 6.06217783 15.93750000
v 0.00000000 6.06217783 15.93750000
v -0.53037184 6.06217783 15.93750000
v -1.06892551 6.06217783 15.93750000
v -1.62435565 6.06217783 15.93750000
v -2.20645228 6.06217783 15.93750000
v -2.82683995 6.06217783 15.93750000
v -3.50000000 6.06217783 15.93750000
v -3.83658003 5.47920412 15.93750000
v -4.14677386 4.94193264 15.93750000
v -4.43782217 4.43782217 15.93750000
v -4.71553724 3.95680556 15.93750000
v -4.98481408 3.49040440 15.93750000
v -5.25000000 3.03108891 15.93750000
v -5.51518592 2.57177343 15.93750000
v -5.78446276 2.10537226 15.93750000
v -6.06217783 1.62435565 15.93750000
v -6.35322614 1.12024518 15.93750000
v -6.66341997 0.58297371 15.93750000
v -7.00000000 0.00000000 15.93750000
v -6.66341997 -0.58297371 15.93750000
v -6.35322614 -1.12024518 15.93750000
v -6.06217783 -1.62435565 15.93750000
v -5.78446276 -2.10537226 15.93750000
v -5.51518592 -2.57177343 15.93750000
v -5.25000000 -3.03108891 15.93750000
v -4.98481408 -3.49040440 15.93750000
v -4.71553724 -3.95680556 15.93750000
v -4.43782217 -4.43782217 15.93750000
v -4.14677386 -4.94193264 15.93750000
v -3.83658003 -5.47920412 15.93750000
v -3.50000000 -6.06217783 15.93750000
v -2.82683995 -6.06217783 15.93750000
v -2.20645228 -6.06217783 15.93750000
v -1.62435565 -6.06217783 15.93750000
v -1.06892551 -6.06217783 15.93750000
v -0.53037184 -6.06217783 15.93750000
v -0.00000000 -6.06217783 15.93750000
v 0.53037184 -6.06217783 15.93750000
v 1.06892551 -6.06217783 15.93750000
v 1.62435565 -6.06217783 15.93750000
v 2.20645228 -6.06217783 15.93750000
v 2.82683995 -6.06217783 15.93750000
v 3.50000000 -6.06217783 15.93750000
v 3.83658003 -5.47920412 15.93750000
v 4.14677386 -4.94193264 15.93750000
v 4.43782217 -4.43782217 15.93750000
v 4.71553724 -3.95680556 15.93750000
v 4.98481408 -3.49040440 15.93750000
v 5.25000000 -3.03108891 15.93750000
v 5.51518592 -2.57177343 15.93750000
v 5.78446276 -2.10537226 15.93750000
v 6.06217783 -1.62435565 15.93750000
v 6.35322614 -1.12024518 15.93750000
v 6.66341997 -0.58297371 15.93750000
v 3.56333334 0.00000000 15.93750000
v 3.56711494 0.31208212 15.93750000
v 3.54348420 0.62481187 15.93750000
v 3.49235849 0.93577464 15.93750000
v 3.41386849 1.24254651 15.93750000
v 3.30835910 1.54271318 15.93750000
v 3.17638873 1.83388889 15.93750000
v 3.01872698 2.11373539 15.93750000
v 2.83635048 2.37998065 15.93750000
v 2.63043723 2.63043723 15.93750000
v 2.40235918 2.86302018 15.93750000
v 2.15367330 3.07576424 15.93750000
v 1.88611111 3.26684028 15.93750000
v 1.60156669 3.43457085 15.93750000
v 1.30208336 3.57744462 15.93750000
v 0.98983906 3.69412967 15.93750000
v 0.66713057 3.78348550 15.93750000
v 0.33635661 3.84457362 15.93750000
v 0.00000000 3.87666667 15.93750000
v -0.33635661 3.84457362 15.93750000
v -0.66713057 3.78348550 15.93750000
v -0.98983906 3.69412967 15.93750000
v -1.30208336 3.57744462 15.93750000
v -1.60156669 3.43457085 15.93750000
v -1.88611111 3.26684028 15.93750000
v -2.15367330 3.07576424 15.93750000
v -2.40235918 2.86302018 15.93750000
v -2.63043723 2.63043723 15.93750000
v -2.83635048 2.37998065 15.93750000
v -3.01872698 2.11373539 15.93750000
v -3.17638873 1.83388889 15.93750000
v -3.30835910 1.54271318 15.93750000
v -3.41386849 1.24254651 15.93750000
v -3.49235849 0.93577464 15.93750000
v -3.54348420 0.62481187 15.93750000
v -3.56711494 0.31208212 15.93750000
v -3.56333334 0.00000000 15.93750000
v -3.53243261 -0.30904781 15.93750000
v -3.47491240 -0.61272081 15.93750000
v -3.39147290 -0.90874243 15.93750000
v -3.28300759 -1.19491704 15.93750000
v -3.15059441 -1.46914630 15.93750000
v -2.99548565 -1.72944445 15.93750000
v -2.81909659 -1.97395269 15.93750000
v -2.62299292 -2.20095239 15.93750000
v -2.40887710 -2.40887710 15.93750000
v -2.17857386 -2.59632322 15.93750000
v -1.93401477 -2.76205934 15.93750000
v -1.67722222 -2.90503411 15.93750000
v -1.41029279 -3.02438265 15.93750000
v -1.13538020 -3.11943147 15.93750000
v -0.85467800 -3.18970173 15.93750000
v -0.57040211 -3.23491110 15.93750000
v -0.28477332 -3.25497394 15.93750000
v -0.00000000 -3.25000000 15.93750000
v 0.28477332 -3.25497394 15.93750000
v 0.57040211 -3.23491110 15.93750000
v 0.85467800 -3.18970173 15.93750000
v 1.13538020 -3.11943147 15.93750000
v 1.41029279 -3.02438265 15.93750000
v 1.67722222 -2.90503411 15.93750000
v 1.93401477 -2.76205934 15.93750000
v 2.17857386 -2.59632322 15.93750000
v 2.40887710 -2.40887710 15.93750000
v 2.62299292 -2.20095239 15.93750000
v 2.81909659 -1.97395269 15.93750000
v 2.99548565 -1.72944445 15.93750000
v 3.15059441 -1.46914630 15.93750000
v 3.28300759 -1.19491704 15.93750000
v 3.39147290 -0.90874243 15.93750000
v 3.47491240 -0.61272081 15.93750000
v 3.53243261 -0.30904781 15.93750000
v 7.00000000 0.00000000 16.04166667
v 6.66341997 0.58297371 16.04166667
v 6.35322614 1.12024518 16.04166667
v 6.06217783 1.62435565 16.04166667
v 5.78446276 2.10537226 16.04166667
v 5.51518592 2.57177343 16.04166667
v 5.25000000 3.03108891 16.04166667
v 4.98481408 3.49040440 16.04166667
v 4.71553724 3.95680556 16.04166667
v 4.43782217 4.43782217 16.04166667
v 4.14677386 4.94193264 16.04166667
v 3.83658003 5.47920412 16.04166667
v 3.50000000 6.06217783 16.04166667
v 2.82683995 6.06217783 16.04166667
v 2.20645228 6.06217783 16.04166667
v 1.62435565 6.06217783 16.04166667
v 1.06892551 6.06217783 16.04166667
v 0.53037184 6.06217783 16.04166667
v 0.00000000 6.06217783 16.04166667
v -0.53037184 6.06217783 16.04166667
v -1.06892551 6.06217783 16.04166667
v -1.62435565 6.06217783 16.04166667
v -2.20645228 6.06217783 16.04166667
v -2.82683995 6.06217783 16.04166667
v -3.50000000 6.06217783 16.04166667
v -3.83658003 5.47920412 16.04166667
v -4.14677386 4.94193264 16.04166667
v -4.43782217 4.43782217 16.04166667
v -4.71553724 3.95680556 16.04166667
v -4.98481408 3.49040440 16.04166667
v -5.25000000 3.03108891 16.04166667
v -5.51518592 2.57177343 16.04166667
v -5.78446276 2.10537226 16.04166667
v -6.06217783 1.62435565 16.04166667
v -6.35322614 1.12024518 16.04166667
v -6.66341997 0.58297371 16.04166667
v -7.00000000 0.00000000 16.04166667
v -6.66341997 -0.58297371 16.04166667
v -6.35322614 -1.12024518 16.04166667
v -6.06217783 -1.62435565 16.04166667
v -5.78446276 -2.10537226 16.04166667
v -5.51518592 -2.57177343 16.04166667
v -5.25000000 -3.03108891 16.04166667
v -4.98481408 -3.49040440 16.04166667
v -4.71553724 -3.95680556 16.04166667
v -4.43782217 -4.43782217 16.04166667
v -4.14677386 -4.94193264 16.04166667
v -3.83658003 -5.47920412 16.04166667
v -3.50000000 -6.06217783 16.04166667
v -2.82683995 -6.06217783 16.04166667
v -2.20645228 -6.06217783 16.04166667
v -1.62435565 -6.06217783 16.04166667
v -1.06892551 -6.06217783 16.04166667
v -0.53037184 -6.06217783 16.04166667
v -0.00000000 -6.06217783 16.04166667
v 0.53037184 -6.06217783 16.04166667
v 1.06892551 -6.06217783 16.04166667
v 1.62435565 -6.06217783 16.04166667
v 2.20645228 -6.06217783 16.04166667
v 2.82683995 -6.06217783 16.04166667
v 3.50000000 -6.06217783 16.04166667
v 3.83658003 -5.47920412 16.04166667
v 4.14677386 -4.94193264 16.04166667
v 4.43782217 -4.43782217 16.04166667
v 4.71553724 -3.95680556 16.04166667
v 4.98481408 -3.49040440 16.04166667
v 5.25000000 -3.03108891 16.04166667
v 5.51518592 -2.57177343 16.04166667
v 5.78446276 -2.10537226 16.04166667
v 6.06217783 -1.62435565 16.04166667
v 6.35322614 -1.12024518 16.04166667
v 6.66341997 -0.58297371 16.04166667
v 3.45888889 0.00000000 16.04166667
v 3.46306794 0.30297919 16.04166667
v 3.44062650 0.60667528 16.04166667
v 3.39147290 0.90874243 16.04166667
v 3.31572282 1.20682441 16.04166667
v 3.21370028 1.49857305 16.04166667
v 3.08593719 1.78166667 16.04166667
v 2.93317110 2.05382852 16.04166667
v 2.75634140 2.31284505 16.04166667
v 2.55658385 2.55658385 16.04166667
v 2.33522358 2.78301109 16.04166667
v 2.09376643 2.99020835 16.04166667
v 1.83388889 3.17638873 16.04166667
v 1.55742656 3.33991203 16.04166667
v 1.26636125 3.47929894 16.04166667
v 0.96280685 3.59324408 16.04166667
v 0.64899399 3.68062780 16.04166667
v 0.32725367 3.74052662 16.04166667
v 0.00000000 3.77222223 16.04166667
v -0.33028799 3.77520895 16.04166667
v -0.66108504 3.74919960 16.04166667
v -0.98983906 3.69412967 16.04166667
v -1.31399072 3.61015984 16.04166667
v -1.63099344 3.49767672 16.04166667
v -1.93833334 3.35729182 16.04166667
v -2.21358018 3.16132012 16.04166667
v -2.46949477 2.94302927 16.04166667
v -2.70429061 2.70429061 16.04166667
v -2.91635957 2.44711624 16.04166667
v -3.10428286 2.17364226 16.04166667
v -3.26684028 1.88611111 16.04166667
v -3.40301791 1.58685331 16.04166667
v -3.51201417 1.27826862 16.04166667
v -3.59324408 0.96280685 16.04166667
v -3.64634190 0.64294846 16.04166667
v -3.67116195 0.32118505 16.04166667
v -3.66777778 0.00000000 16.04166667
v -3.63647961 -0.31815074 16.04166667
v -3.57777010 -0.63085740 16.04166667
v -3.49235849 -0.93577464 16.04166667
v -3.38115327 -1.23063915 16.04166667
v -3.24525322 -1.51328643 16.04166667
v -3.08593719 -1.78166667 16.04166667
v -2.90465247 -2.03385956 16.04166667
v -2.70300201 -2.26808799 16.04166667
v -2.48273048 -2.48273048 16.04166667
v -2.24570945 -2.67633231 16.04166667
v -1.99392164 -2.84761522 16.04166667
v -1.72944445 -2.99548565 16.04166667
v -1.45443292 -3.11904147 16.04166667
v -1.17110231 -3.21757714 16.04166667
v -0.88171021 -3.29058732 16.04166667
v -0.58853869 -3.33776880 16.04166667
v -0.29387625 -3.35902094 16.04166667
v -0.00000000 -3.35444445 16.04166667
v 0.29084194 -3.32433860 16.04166667
v 0.57644764 -3.26919700 16.04166667
v 0.85467800 -3.18970173 16.04166667
v 1.12347283 -3.08671624 16.04166667
v 1.38086604 -2.96127678 16.04166667
v 1.62500000 -2.81458256 16.04166667
v 1.87410790 -2.67650346 16.04166667
v 2.11143826 -2.51631414 16.04166667
v 2.33502373 -2.33502373 16.04166667
v 2.54298383 -2.13381680 16.04166667
v 2.73354071 -1.91404581 16.04166667
v 2.90503411 -1.67722222 16.04166667
v 3.05593559 -1.42500617 16.04166667
v 3.18486192 -1.15919494 16.04166667
v 3.29058732 -0.88171021 16.04166667
v 3.37205470 -0.59458422 16.04166667
v 3.42838561 -0.29994487 16.04166667
v 7.00000000 0.00000000 16.14583333
v 6.66341997 0.58297371 16.14583333
v 6.35322614 1.12024518 16.14583333
v 6.06217783 1.62435565 16.14583333
v 5.78446276 2.10537226 16.14583333
v 5.51518592 2.57177343 16.14583333
v 5.25000000 3.03108891 16.14583333
v 4.98481408 3.49040440 16.14583333
v 4.71553724 3.95680556 16.14583333
v 4.43782217 4.43782217 16.14583333
v 4.14677386 4.94193264 16.14583333
v 3.83658003 5.47920412 16.14583333
v 3.50000000 6.06217783 16.14583333
v 2.82683995 6.06217783 16.14583333
v 2.20645228 6.06217783 16.14583333
v 1.62435565 6.06217783 16.14583333
v 1.06892551 6.06217783 16.14583333
v 0.53037184 6.06217783 16.14583333
v 0.00000000 6.06217783 16.14583333
v -0.53037184 6.06217783 16.14583333
v -1.06892551 6.06217783 16.14583333
v -1.62435565 6.06217783 16.14583333
v -2.20645228 6.06217783 16.14583333
v -2.82683995 6.06217783 16.14583333
v -3.50000000 6.06217783 16.14583333
v -3.83658003 5.47920412 16.14583333
v -4.14677386 4.94193264 16.14583333
v -4.43782217 4.43782217 16.14583333
v -4.71553724 3.95680556 16.14583333
v -4.98481408 3.49040440 16.14583333
v -5.25000000 3.03108891 16.14583333
v -5.51518592 2.57177343 16.14583333
v -5.78446276 2.10537226 16.14583333
v -6.06217783 1.62435565 16.14583333
v -6.35322614 1.12024518 16.14583333
v -6.66341997 0.58297371 16.14583333
v -7.00000000 0.00000000 16.14583333
v -6.66341997 -0.58297371 16.14583333
v -6.35322614 -1.12024518 16.14583333
v -6.06217783 -1.62435565 16.14583333
v -5.78446276 -2.10537226 16.14583333
v -5.51518592 -2.57177343 16.14583333
v -5.25000000 -3.03108891 16.14583333
v -4.98481408 -3.49040440 16.14583333
v -4.71553724 -3.95680556 16.14583333
v -4.43782217 -4.43782217 16.14583333
v -4.14677386 -4.94193264 16.14583333
v -3.83658003 -5.47920412 16.14583333
v -3.50000000 -6.06217783 16.14583333
v -2.82683995 -6.06217783 16.14583333
v -2.20645228 -6.06217783 16.14583333
v -1.62435565 -6.06217783 16.14583333
v -1.06892551 -6.06217783 16.14583333
v -0.53037184 -6.06217783 16.14583333
v -0.00000000 -6.06217783 16.14583333
v 0.53037184 -6.06217783 16.14583333
v 1.06892551 -6.06217783 16.14583333
v 1.62435565 -6.06217783 16.14583333
v 2.20645228 -6.06217783 16.14583333
v 2.82683995 -6.06217783 16.14583333
v 3.50000000 -6.06217783 16.14583333
v 3.83658003 -5.47920412 16.14583333
v 4.14677386 -4.94193264 16.14583333
v 4.43782217 -4.43782217 16.14583333
v 4.71553724 -3.95680556 16.14583333
v 4.98481408 -3.49040440 16.14583333
v 5.25000000 -3.03108891 16.14583333
v 5.51518592 -2.57177343 16.14583333
v 5.78446276 -2.10537226 16.14583333
v 6.06217783 -1.62435565 16.14583333
v 6.35322614 -1.12024518 16.14583333
v 6.66341997 -0.58297371 16.14583333
v 3.35444445 0.00000000 16.14583333
v 3.35902094 0.29387625 16.14583333
v 3.33776880 0.58853869 16.14583333
v 3.29058732 0.88171021 16.14583333
v 3.21757714 1.17110231 16.14583333
v 3.11904147 1.45443292 16.14583333
v 2.99548565 1.72944445 16.14583333
v 2.84761522 1.99392164 16.14583333
v 2.67633231 2.24570945 16.14583333
v 2.48273048 2.48273048 16.14583333
v 2.26808799 2.70300201 16.14583333
v 2.03385956 2.90465247 16.14583333
v 1.78166667 3.08593719 16.14583333
v 1.51328643 3.24525322 16.14583333
v 1.23063915 3.38115327 16.14583333
v 0.93577464 3.49235849 16.14583333
v 0.63085740 3.57777010 16.14583333
v 0.31815074 3.63647961 16.14583333
v 0.00000000 3.66777778 16.14583333
v -0.32118505 3.67116195 16.14583333
v -0.64294846 3.64634190 16.14583333
v -0.96280685 3.59324408 16.14583333
v -1.27826862 3.51201417 16.14583333
v -1.58685331 3.40301791 16.14583333
v -1.88611111 3.26684028 16.14583333
v -2.17364226 3.10428286 16.14583333
v -2.44711624 2.91635957 16.14583333
v -2.70429061 2.70429061 16.14583333
v -2.94302927 2.46949477 16.14583333
v -3.16132012 2.21358018 16.14583333
v -3.35729182 1.93833334 16.14583333
v -3.49767672 1.63099344 16.14583333
v -3.61015984 1.31399072 16.14583333
v -3.69412967 0.98983906 16.14583333
v -3.74919960 0.66108504 16.14583333
v -3.77520895 0.33028799 16.14583333
v -3.77222223 0.00000000 16.14583333
v -3.74052662 -0.32725367 16.14583333
v -3.68062780 -0.64899399 16.14583333
v -3.59324408 -0.96280685 16.14583333
v -3.47929894 -1.26636125 16.14583333
v -3.33991203 -1.55742656 16.14583333
v -3.17638873 -1.83388889 16.14583333
v -2.99020835 -2.09376643 16.14583333
v -2.78301109 -2.33522358 16.14583333
v -2.55658385 -2.55658385 16.14583333
v -2.31284505 -2.75634140 16.14583333
v -2.05382852 -2.93317110 16.14583333
v -1.78166667 -3.08593719 16.14583333
v -1.49857305 -3.21370028 16.14583333
v -1.20682441 -3.31572282 16.14583333
v -0.90874243 -3.39147290 16.14583333
v -0.60667528 -3.44062650 16.14583333
v -0.30297919 -3.46306794 16.14583333
v -0.00000000 -3.45888889 16.14583333
v 0.29994487 -3.42838561 16.14583333
v 0.59458422 -3.37205470 16.14583333
v 0.88171021 -3.29058732 16.14583333
v 1.15919494 -3.18486192 16.14583333
v 1.42500617 -3.05593559 16.14583333
v 1.67722222 -2.90503411 16.14583333
v 1.91404581 -2.73354071 16.14583333
v 2.13381680 -2.54298383 16.14583333
v 2.33502373 -2.33502373 16.14583333
v 2.51631414 -2.11143826 16.14583333
v 2.67650346 -1.87410790 16.14583333
v 2.81458256 -1.62500000 16.14583333
v 2.96127678 -1.38086604 16.14583333
v 3.08671624 -1.12347283 16.14583333
v 3.18970173 -0.85467800 16.14583333
v 3.26919700 -0.57644764 16.14583333
v 3.32433860 -0.29084194 16.14583333
v 7.00000000 0.00000000 16.25000000
v 6.66341997 0.58297371 16.25000000
v 6.35322614 1.12024518 16.25000000
v 6.06217783 1.62435565 16.25000000
v 5.78446276 2.10537226 16.25000000
v 5.51518592 2.57177343 16.25000000
v 5.25000000 3.03108891 16.25000000
v 4.98481408 3.49040440 16.25000000
v 4.71553724 3.95680556 16.25000000
v 4.43782217 4.43782217 16.25000000
v 4.14677386 4.94193264 16.25000000
v 3.83658003 5.47920412 16.25000000
v 3.50000000 6.06217783 16.25000000
v 2.82683995 6.06217783 16.25000000
v 2.20645228 6.06217783 16.25000000
v 1.62435565 6.06217783 16.25000000
v 1.06892551 6.06217783 16.25000000
v 0.53037184 6.06217783 16.25000000
v 0.00000000 6.06217783 16.25000000
v -0.53037184 6.06217783 16.25000000
v -1.06892551 6.06217783 16.25000000
v -1.62435565 6.06217783 16.25000000
v -2.20645228 6.06217783 16.25000000
v -2.82683995 6.06217783 16.25000000
v -3.50000000 6.06217783 16.25000000
v -3.83658003 5.47920412 16.25000000
v -4.14677386 4.94193264 16.25000000
v -4.43782217 4.43782217 16.25000000
v -4.71553724 3.95680556 16.25000000
v -4.98481408 3.49040440 16.25000000
v -5.25000000 3.03108891 16.25000000
v -5.51518592 2.57177343 16.25000000
v -5.78446276 2.10537226 16.25000000
v -6.06217783 1.62435565 16.25000000
v -6.35322614 1.12024518 16.25000000
v -6.66341997 0.58297371 16.25000000
v -7.00000000 0.00000000 16.25000000
v -6.66341997 -0.58297371 16.25000000
v -6.35322614 -1.12024518 16.25000000
v -6.06217783 -1.62435565 16.25000000
v -5.78446276 -2.10537226 16.25000000
v -5.51518592 -2.57177343 16.25000000
v -5.25000000 -3.03108891 16.25000000
v -4.98481408 -3.49040440 16.25000000
v -4.71553724 -3.95680556 16.25000000
v -4.43782217 -4.43782217 16.25000000
v -4.14677386 -4.94193264 16.25000000
v -3.83658003 -5.47920412 16.25000000
v -3.50000000 -6.06217783 16.25000000
v -2.82683995 -6.06217783 16.25000000
v -2.20645228 -6.06217783 16.25000000
v -1.62435565 -6.06217783 16.25000000
v -1.06892551 -6.06217783 16.25000000
v -0.53037184 -6.06217783 16.25000000
v -0.00000000 -6.06217783 16.25000000
v 0.53037184 -6.06217783 16.25000000
v 1.06892551 -6.06217783 16.25000000
v 1.62435565 -6.06217783 16.25000000
v 2.20645228 -6.06217783 16.25000000
v 2.82683995 -6.06217783 16.25000000
v 3.50000000 -6.06217783 16.25000000
v 3.83658003 -5.47920412 16.25000000
v 4.14677386 -4.94193264 16.25000000
v 4.43782217 -4.43782217 16.25000000
v 4.71553724 -3.95680556 16.25000000
v 4.98481408 -3.49040440 16.25000000
v 5.25000000 -3.03108891 16.25000000
v 5.51518592 -2.57177343 16.25000000
v 5.78446276 -2.10537226 16.25000000
v 6.06217783 -1.62435565 16.25000000
v 6.35322614 -1.12024518 16.25000000
v 6.66341997 -0.58297371 16.25000000
v 3.25000000 0.00000000 16.25000000
v 3.25497394 0.28477332 16.25000000
v 3.23491110 0.57040211 16.25000000
v 3.18970173 0.85467800 16.25000000
v 3.11943147 1.13538020 16.25000000
v 3.02438265 1.41029279 16.25000000
v 2.90503411 1.67722222 16.25000000
v 2.76205934 1.93401477 16.25000000
v 2.59632322 2.17857386 16.25000000
v 2.40887710 2.40887710 16.25000000
v 2.20095239 2.62299292 16.25000000
v 1.97395269 2.81909659 16.25000000
v 1.72944445 2.99548565 16.25000000
v 1.46914630 3.15059441 16.25000000
v 1.19491704 3.28300759 16.25000000
v 0.90874243 3.39147290 16.25000000
v 0.61272081 3.47491240 16.25000000
v 0.30904781 3.53243261 16.25000000
v 0.00000000 3.56333334 16.25000000
v -0.31208212 3.56711494 16.25000000
v -0.62481187 3.54348420 16.25000000
v -0.93577464 3.49235849 16.25000000
v -1.24254651 3.41386849 16.25000000
v -1.54271318 3.30835910 16.25000000
v -1.83388889 3.17638873 16.25000000
v -2.11373539 3.01872698 16.25000000
v -2.37998065 2.83635048 16.25000000
v -2.63043723 2.63043723 16.25000000
v -2.86302018 2.40235918 16.25000000
v -3.07576424 2.15367330 16.25000000
v -3.26684028 1.88611111 16.25000000
v -3.43457085 1.60156669 16.25000000
v -3.57744462 1.30208336 16.25000000
v -3.69412967 0.98983906 16.25000000
v -3.78348550 0.66713057 16.25000000
v -3.84457362 0.33635661 16.25000000
v -3.87666667 0.00000000 16.25000000
v -3.84457362 -0.33635661 16.25000000
v -3.78348550 -0.66713057 16.25000000
v -3.69412967 -0.98983906 16.25000000
v -3.57744462 -1.30208336 16.25000000
v -3.43457085 -1.60156669 16.25000000
v -3.26684028 -1.88611111 16.25000000
v -3.07576424 -2.15367330 16.25000000
v -2.86302018 -2.40235918 16.25000000
v -2.63043723 -2.63043723 16.25000000
v -2.37998065 -2.83635048 16.25000000
v -2.11373539 -3.01872698 16.25000000
v -1.83388889 -3.17638873 16.25000000
v -1.54271318 -3.30835910 16.25000000
v -1.24254651 -3.41386849 16.25000000
v -0.93577464 -3.49235849 16.25000000
v -0.62481187 -3.54348420 16.25000000
v -0.31208212 -3.56711494 16.25000000
v -0.00000000 -3.56333334 16.25000000
v 0.30904781 -3.53243261 16.25000000
v 0.61272081 -3.47491240 16.25000000
v 0.90874243 -3.39147290 16.25000000
v 1.19491704 -3.28300759 16.25000000
v 1.46914630 -3.15059441 16.25000000
v 1.72944445 -2.99548565 16.25000000
v 1.97395269 -2.81909659 16.25000000
v 2.20095239 -2.62299292 16.25000000
v 2.40887710 -2.40887710 16.25000000
v 2.59632322 -2.17857386 16.25000000
v 2.76205934 -1.93401477 16.25000000
v 2.90503411 -1.67722222 16.25000000
v 3.02438265 -1.41029279 16.25000000
v 3.11943147 -1.13538020 16.25000000
v 3.18970173 -0.85467800 16.25000000
v 3.23491110 -0.57040211 16.25000000
v 3.25497394 -0.28477332 16.25000000
v 7.00000000 0.00000000 16.35416667
v 6.66341997 0.58297371 16.35416667
v 6.35322614 1.12024518 16.35416667
v 6.06217783 1.62435565 16.35416667
v 5.78446276 2.10537226 16.35416667
v 5.51518592 2.57177343 16.35416667
v 5.25000000 3.03108891 16.35416667
v 4.98481408 3.49040440 16.35416667
v 4.71553724 3.95680556 16.35416667
v 4.43782217 4.43782217 16.35416667
v 4.14677386 4.94193264 16.35416667
v 3.83658003 5.47920412 16.35416667
v 3.50000000 6.06217783 16.35416667
v 2.82683995 6.06217783 16.35416667
v 2.20645228 6.06217783 16.35416667
v 1.62435565 6.06217783 16.35416667
v 1.06892551 6.06217783 16.35416667
v 0.53037184 6.06217783 16.35416667
v 0.00000000 6.06217783 16.35416667
v -0.53037184 6.06217783 16.35416667
v -1.06892551 6.06217783 16.35416667
v -1.62435565 6.06217783 16.35416667
v -2.20645228 6.06217783 16.35416667
v -2.82683995 6.06217783 16.35416667
v -3.50000000 6.06217783 16.35416667
v -3.83658003 5.47920412 16.35416667
v -4.14677386 4.94193264 16.35416667
v -4.43782217 4.43782217 16.35416667
v -4.71553724 3.95680556 16.35416667
v -4.98481408 3.49040440 16.35416667
v -5.25000000 3.03108891 16.35416667
v -5.51518592 2.57177343 16.35416667
v -5.78446276 2.10537226 16.35416667
v -6.06217783 1.62435565 16.35416667
v -6.35322614 1.12024518 16.35416667
v -6.66341997 0.58297371 16.35416667
v -7.00000000 0.00000000 16.35416667
v -6.66341997 -0.58297371 16.35416667
v -6.35322614 -1.12024518 16.35416667
v -6.06217783 -1.62435565 16.35416667
v -5.78446276 -2.10537226 16.35416667
v -5.51518592 -2.57177343 16.35416667
v -5.25000000 -3.03108891 16.35416667
v -4.98481408 -3.49040440 16.35416667
v -4.71553724 -3.95680556 16.35416667
v -4.43782217 -4.43782217 16.35416667
v -4.14677386 -4.94193264 16.35416667
v -3.83658003 -5.47920412 16.35416667
v -3.50000000 -6.06217783 16.35416667
v -2.82683995 -6.06217783 16.35416667
v -2.20645228 -6.06217783 16.35416667
v -1.62435565 -6.06217783 16.35416667
v -1.06892551 -6.06217783 16.35416667
v -0.53037184 -6.06217783 16.35416667
v -0.00000000 -6.06217783 16.35416667
v 0.53037184 -6.06217783 16.35416667
v 1.06892551 -6.06217783 16.35416667
v 1.62435565 -6.06217783 16.35416667
v 2.20645228 -6.06217783 16.35416667
v 2.82683995 -6.06217783 16.35416667
v 3.50000000 -6.06217783 16.35416667
v 3.83658003 -5.47920412 16.35416667
v 4.14677386 -4.94193264 16.35416667
v 4.43782217 -4.43782217 16.35416667
v 4.71553724 -3.95680556 16.35416667
v 4.98481408 -3.49040440 16.35416667
v 5.25000000 -3.03108891 16.35416667
v 5.51518592 -2.57177343 16.35416667
v 5.78446276 -2.10537226 16.35416667
v 6.06217783 -1.62435565 16.35416667
v 6.35322614 -1.12024518 16.35416667
v 6.66341997 -0.58297371 16.35416667
v 3.35444445 0.00000000 16.35416667
v 3.32433860 0.29084194 16.35416667
v 3.26919700 0.57644764 16.35416667
v 3.18970173 0.85467800 16.35416667
v 3.08671624 1.12347283 16.35416667
v 2.96127678 1.38086604 16.35416667
v 2.81458256 1.62500000 16.35416667
v 2.67650346 1.87410790 16.35416667
v 2.51631414 2.11143826 16.35416667
v 2.33502373 2.33502373 16.35416667
v 2.13381680 2.54298383 16.35416667
v 1.91404581 2.73354071 16.35416667
v 1.67722222 2.90503411 16.35416667
v 1.42500617 3.05593559 16.35416667
v 1.15919494 3.18486192 16.35416667
v 0.88171021 3.29058732 16.35416667
v 0.59458422 3.37205470 16.35416667
v 0.29994487 3.42838561 16.35416667
v 0.00000000 3.45888889 16.35416667
v -0.30297919 3.46306794 16.35416667
v -0.60667528 3.44062650 16.35416667
v -0.90874243 3.39147290 16.35416667
v -1.20682441 3.31572282 16.35416667
v -1.49857305 3.21370028 16.35416667
v -1.78166667 3.08593719 16.35416667
v -2.05382852 2.93317110 16.35416667
v -2.31284505 2.75634140 16.35416667
v -2.55658385 2.55658385 16.35416667
v -2.78301109 2.33522358 16.35416667
v -2.99020835 2.09376643 16.35416667
v -3.17638873 1.83388889 16.35416667
v -3.33991203 1.55742656 16.35416667
v -3.47929894 1.26636125 16.35416667
v -3.59324408 0.96280685 16.35416667
v -3.68062780 0.64899399 16.35416667
v -3.74052662 0.32725367 16.35416667
v -3.77222223 0.00000000 16.35416667
v -3.77520895 -0.33028799 16.35416667
v -3.74919960 -0.66108504 16.35416667
v -3.69412967 -0.98983906 16.35416667
v -3.61015984 -1.31399072 16.35416667
v -3.49767672 -1.63099344 16.35416667
v -3.35729182 -1.93833334 16.35416667
v -3.16132012 -2.21358018 16.35416667
v -2.94302927 -2.46949477 16.35416667
v -2.70429061 -2.70429061 16.35416667
v -2.44711624 -2.91635957 16.35416667
v -2.17364226 -3.10428286 16.35416667
v -1.88611111 -3.26684028 16.35416667
v -1.58685331 -3.40301791 16.35416667
v -1.27826862 -3.51201417 16.35416667
v -0.96280685 -3.59324408 16.35416667
v -0.64294846 -3.64634190 16.35416667
v -0.32118505 -3.67116195 16.35416667
v -0.00000000 -3.66777778 16.35416667
v 0.31815074 -3.63647961 16.35416667
v 0.63085740 -3.57777010 16.35416667
v 0.93577464 -3.49235849 16.35416667
v 1.23063915 -3.38115327 16.35416667
v 1.51328643 -3.24525322 16.35416667
v 1.78166667 -3.08593719 16.35416667
v 2.03385956 -2.90465247 16.35416667
v 2.26808799 -2.70300201 16.35416667
v 2.48273048 -2.48273048 16.35416667
v 2.67633231 -2.24570945 16.35416667
v 2.84761522 -1.99392164 16.35416667
v 2.99548565 -1.72944445 16.35416667
v 3.11904147 -1.45443292 16.35416667
v 3.21757714 -1.17110231 16.35416667
v 3.29058732 -0.88171021 16.35416667
v 3.33776880 -0.58853869 16.35416667
v 3.35902094 -0.29387625 16.35416667
v 7.00000000 0.00000000 16.45833333
v 6.66341997 0.58297371 16.45833333
v 6.35322614 1.12024518 16.45833333
v 6.06217783 1.62435565 16.45833333
v 5.78446276 2.10537226 16.45833333
v 5.51518592 2.57177343 16.45833333
v 5.25000000 3.03108891 16.45833333
v 4.98481408 3.49040440 16.45833333
v 4.71553724 3.95680556 16.45833333
v 4.43782217 4.43782217 16.45833333
v 4.14677386 4.94193264 16.45833333
v 3.83658003 5.47920412 16.45833333
v 3.50000000 6.06217783 16.45833333
v 2.82683995 6.06217783 16.45833333
v 2.20645228 6.06217783 16.45833333
v 1.62435565 6.06217783 16.45833333
v 1.06892551 6.06217783 16.45833333
v 0.53037184 6.06217783 16.45833333
v 0.00000000 6.06217783 16.45833333
v -0.53037184 6.06217783 16.45833333
v -1.06892551 6.06217783 16.45833333
v -1.62435565 6.06217783 16.45833333
v -2.20645228 6.06217783 16.45833333
v -2.82683995 6.06217783 16.45833333
v -3.50000000 6.06217783 16.45833333
v -3.83658003 5.47920412 16.45833333
v -4.14677386 4.94193264 16.45833333
v -4.43782217 4.43782217 16.45833333
v -4.71553724 3.95680556 16.45833333
v -4.98481408 3.49040440 16.45833333
v -5.25000000 3.03108891 16.45833333
v -5.51518592 2.57177343 16.45833333
v -5.78446276 2.10537226 16.45833333
v -6.06217783 1.62435565 16.45833333
v -6.35322614 1.12024518 16.45833333
v -6.66341997 0.58297371 16.45833333
v -7.00000000 0.00000000 16.45833333
v -6.66341997 -0.58297371 16.45833333
v -6.35322614 -1.12024518 16.45833333
v -6.06217783 -1.62435565 16.45833333
v -5.78446276 -2.10537226 16.45833333
v -5.51518592 -2.57177343 16.45833333
v -5.25000000 -3.03108891 16.45833333
v -4.98481408 -3.49040440 16.45833333
v -4.71553724 -3.95680556 16.45833333
v -4.43782217 -4.43782217 16.45833333
v -4.14677386 -4.94193264 16.45833333
v -3.83658003 -5.47920412 16.45833333
v -3.50000000 -6.06217783 16.45833333
v -2.82683995 -6.06217783 16.45833333
v -2.20645228 -6.06217783 16.45833333
v -1.62435565 -6.06217783 16.45833333
v -1.06892551 -6.06217783 16.45833333
v -0.53037184 -6.06217783 16.45833333
v -0.00000000 -6.06217783 16.45833333
v 0.53037184 -6.06217783 16.45833333
v 1.06892551 -6.06217783 16.45833333
v 1.62435565 -6.06217783 16.45833333
v 2.20645228 -6.06217783 16.45833333
v 2.82683995 -6.06217783 16.45833333
v 3.50000000 -6.06217783 16.45833333
v 3.83658003 -5.47920412 16.45833333
v 4.14677386 -4.94193264 16.45833333
v 4.43782217 -4.43782217 16.45833333
v 4.71553724 -3.95680556 16.45833333
v 4.98481408 -3.49040440 16.45833333
v 5.25000000 -3.03108891 16.45833333
v 5.51518592 -2.57177343 16.45833333
v 5.78446276 -2.10537226 16.45833333
v 6.06217783 -1.62435565 16.45833333
v 6.35322614 -1.12024518 16.45833333
v 6.66341997 -0.58297371 16.45833333
v 3.45888889 0.00000000 16.45833333
v 3.42838561 0.29994487 16.45833333
v 3.37205470 0.59458422 16.45833333
v 3.29058732 0.88171021 16.45833333
v 3.18486192 1.15919494 16.45833333
v 3.05593559 1.42500617 16.45833333
v 2.90503411 1.67722222 16.45833333
v 2.73354071 1.91404581 16.45833333
v 2.54298383 2.13381680 16.45833333
v 2.33502373 2.33502373 16.45833333
v 2.11143826 2.51631414 16.45833333
v 1.87410790 2.67650346 16.45833333
v 1.62500000 2.81458256 16.45833333
v 1.38086604 2.96127678 16.45833333
v 1.12347283 3.08671624 16.45833333
v 0.85467800 3.18970173 16.45833333
v 0.57644764 3.26919700 16.45833333
v 0.29084194 3.32433860 16.45833333
v 0.00000000 3.35444445 16.45833333
v -0.29387625 3.35902094 16.45833333
v -0.58853869 3.33776880 16.45833333
v -0.88171021 3.29058732 16.45833333
v -1.17110231 3.21757714 16.45833333
v -1.45443292 3.11904147 16.45833333
v -1.72944445 2.99548565 16.45833333
v -1.99392164 2.84761522 16.45833333
v -2.24570945 2.67633231 16.45833333
v -2.48273048 2.48273048 16.45833333
v -2.70300201 2.26808799 16.45833333
v -2.90465247 2.03385956 16.45833333
v -3.08593719 1.78166667 16.45833333
v -3.24525322 1.51328643 16.45833333
v -3.38115327 1.23063915 16.45833333
v -3.49235849 0.93577464 16.45833333
v -3.57777010 0.63085740 16.45833333
v -3.63647961 0.31815074 16.45833333
v -3.66777778 0.00000000 16.45833333
v -3.67116195 -0.32118505 16.45833333
v -3.64634190 -0.64294846 16.45833333
v -3.59324408 -0.96280685 16.45833333
v -3.51201417 -1.27826862 16.45833333
v -3.40301791 -1.58685331 16.45833333
v -3.26684028 -1.88611111 16.45833333
v -3.10428286 -2.17364226 16.45833333
v -2.91635957 -2.44711624 16.45833333
v -2.70429061 -2.70429061 16.45833333
v -2.46949477 -2.94302927 16.45833333
v -2.21358018 -3.16132012 16.45833333
v -1.93833334 -3.35729182 16.45833333
v -1.63099344 -3.49767672 16.45833333
v -1.31399072 -3.61015984 16.45833333
v -0.98983906 -3.69412967 16.45833333
v -0.66108504 -3.74919960 16.45833333
v -0.33028799 -3.77520895 16.45833333
v -0.00000000 -3.77222223 16.45833333
v 0.32725367 -3.74052662 16.45833333
v 0.64899399 -3.68062780 16.45833333
v 0.96280685 -3.59324408 16.45833333
v 1.26636125 -3.47929894 16.45833333
v 1.55742656 -3.33991203 16.45833333
v 1.83388889 -3.17638873 16.45833333
v 2.09376643 -2.99020835 16.45833333
v 2.33522358 -2.78301109 16.45833333
v 2.55658385 -2.55658385 16.45833333
v 2.75634140 -2.31284505 16.45833333
v 2.93317110 -2.05382852 16.45833333
v 3.08593719 -1.78166667 16.45833333
v 3.21370028 -1.49857305 16.45833333
v 3.31572282 -1.20682441 16.45833333
v 3.39147290 -0.90874243 16.45833333
v 3.44062650 -0.60667528 16.45833333
v 3.46306794 -0.30297919 16.45833333
v 7.00000000 0.00000000 16.56250000
v 6.66341997 0.58297371 16.56250000
v 6.35322614 1.12024518 16.56250000
v 6.06217783 1.62435565 16.56250000
v 5.78446276 2.10537226 16.56250000
v 5.51518592 2.57177343 16.56250000
v 5.25000000 3.03108891 16.56250000
v 4.98481408 3.49040440 16.56250000
v 4.71553724 3.95680556 16.56250000
v 4.43782217 4.43782217 16.56250000
v 4.14677386 4.94193264 16.56250000
v 3.83658003 5.47920412 16.56250000
v 3.50000000 6.06217783 16.56250000
v 2.82683995 6.06217783 16.56250000
v 2.20645228 6.06217783 16.56250000
v 1.62435565 6.06217783 16.56250000
v 1.06892551 6.06217783 16.56250000
v 0.53037184 6.06217783 16.56250000
v 0.00000000 6.06217783 16.56250000
v -0.53037184 6.06217783 16.56250000
v -1.06892551 6.06217783 16.56250000
v -1.62435565 6.06217783 16.56250000
v -2.20645228 6.06217783 16.56250000
v -2.82683995 6.06217783 16.56250000
v -3.50000000 6.06217783 16.56250000
v -3.83658003 5.47920412 16.56250000
v -4.14677386 4.94193264 16.56250000
v -4.43782217 4.43782217 16.56250000
v -4.71553724 3.95680556 16.56250000
v -4.98481408 3.49040440 16.56250000
v -5.25000000 3.03108891 16.56250000
v -5.51518592 2.57177343 16.56250000
v -5.78446276 2.10537226 16.56250000
v -6.06217783 1.62435565 16.56250000
v -6.35322614 1.12024518 16.56250000
v -6.66341997 0.58297371 16.56250000
v -7.00000000 0.00000000 16.56250000
v -6.66341997 -0.58297371 16.56250000
v -6.35322614 -1.12024518 16.56250000
v -6.06217783 -1.62435565 16.56250000
v -5.78446276 -2.10537226 16.56250000
v -5.51518592 -2.57177343 16.56250000
v -5.25000000 -3.03108891 16.56250000
v -4.98481408 -3.49040440 16.56250000
v -4.71553724 -3.95680556 16.56250000
v -4.43782217 -4.43782217 16.56250000
v -4.14677386 -4.94193264 16.56250000
v -3.83658003 -5.47920412 16.56250000
v -3.50000000 -6.06217783 16.56250000
v -2.82683995 -6.06217783 16.56250000
v -2.20645228 -6.06217783 16.56250000
v -1.62435565 -6.06217783 16.56250000
v -1.06892551 -6.06217783 16.56250000
v -0.53037184 -6.06217783 16.56250000
v -0.00000000 -6.06217783 16.56250000
v 0.53037184 -6.06217783 16.56250000
v 1.06892551 -6.06217783 16.56250000
v 1.62435565 -6.06217783 16.56250000
v 2.20645228 -6.06217783 16.56250000
v 2.82683995 -6.06217783 16.56250000
v 3.50000000 -6.06217783 16.56250000
v 3.83658003 -5.47920412 16.56250000
v 4.14677386 -4.94193264 16.56250000
v 4.43782217 -4.43782217 16.56250000
v 4.71553724 -3.95680556 16.56250000
v 4.98481408 -3.49040440 16.56250000
v 5.25000000 -3.03108891 16.56250000
v 5.51518592 -2.57177343 16.56250000
v 5.78446276 -2.10537226 16.56250000
v 6.06217783 -1.62435565 16.56250000
v 6.35322614 -1.12024518 16.56250000
v 6.66341997 -0.58297371 16.56250000
v 3.56333334 0.00000000 16.56250000
v 3.53243261 0.30904781 16.56250000
v 3.47491240 0.61272081 16.56250000
v 3.39147290 0.90874243 16.56250000
v 3.28300759 1.19491704 16.56250000
v 3.15059441 1.46914630 16.56250000
v 2.99548565 1.72944445 16.56250000
v 2.81909659 1.97395269 16.56250000
v 2.62299292 2.20095239 16.56250000
v 2.40887710 2.40887710 16.56250000
v 2.17857386 2.59632322 16.56250000
v 1.93401477 2.76205934 16.56250000
v 1.67722222 2.90503411 16.56250000
v 1.41029279 3.02438265 16.56250000
v 1.13538020 3.11943147 16.56250000
v 0.85467800 3.18970173 16.56250000
v 0.57040211 3.23491110 16.56250000
v 0.28477332 3.25497394 16.56250000
v 0.00000000 3.25000000 16.56250000
v -0.28477332 3.25497394 16.56250000
v -0.57040211 3.23491110 16.56250000
v -0.85467800 3.18970173 16.56250000
v -1.13538020 3.11943147 16.56250000
v -1.41029279 3.02438265 16.56250000
v -1.67722222 2.90503411 16.56250000
v -1.93401477 2.76205934 16.56250000
v -2.17857386 2.59632322 16.56250000
v -2.40887710 2.40887710 16.56250000
v -2.62299292 2.20095239 16.56250000
v -2.81909659 1.97395269 16.56250000
v -2.99548565 1.72944445 16.56250000
v -3.15059441 1.46914630 16.56250000
v -3.28300759 1.19491704 16.56250000
v -3.39147290 0.90874243 16.56250000
v -3.47491240 0.61272081 16.56250000
v -3.53243261 0.30904781 16.56250000
v -3.56333334 0.00000000 16.56250000
v -3.56711494 -0.31208212 16.56250000
v -3.54348420 -0.62481187 16.56250000
v -3.49235849 -0.93577464 16.56250000
v -3.41386849 -1.24254651 16.56250000
v -3.30835910 -1.54271318 16.56250000
v -3.17638873 -1.83388889 16.56250000
v -3.01872698 -2.11373539 16.56250000
v -2.83635048 -2.37998065 16.56250000
v -2.63043723 -2.63043723 16.56250000
v -2.40235918 -2.86302018 16.56250000
v -2.15367330 -3.07576424 16.56250000
v -1.88611111 -3.26684028 16.56250000
v -1.60156669 -3.43457085 16.56250000
v -1.30208336 -3.57744462 16.56250000
v -0.98983906 -3.69412967 16.56250000
v -0.66713057 -3.78348550 16.56250000
v -0.33635661 -3.84457362 16.56250000
v -0.00000000 -3.87666667 16.56250000
v 0.33635661 -3.84457362 16.56250000
v 0.66713057 -3.78348550 16.56250000
v 0.98983906 -3.69412967 16.56250000
v 1.30208336 -3.57744462 16.56250000
v 1.60156669 -3.43457085 16.56250000
v 1.88611111 -3.26684028 16.56250000
v 2.15367330 -3.07576424 16.56250000
v 2.40235918 -2.86302018 16.56250000
v 2.63043723 -2.63043723 16.56250000
v 2.83635048 -2.37998065 16.56250000
v 3.01872698 -2.11373539 16.56250000
v 3.17638873 -1.83388889 16.56250000
v 3.30835910 -1.54271318 16.56250000
v 3.41386849 -1.24254651 16.56250000
v 3.49235849 -0.93577464 16.56250000
v 3.54348420 -0.62481187 16.56250000
v 3.56711494 -0.31208212 16.56250000
v 7.00000000 0.00000000 16.66666667
v 6.66341997 0.58297371 16.66666667
v 6.35322614 1.12024518 16.66666667
v 6.06217783 1.62435565 16.66666667
v 5.78446276 2.10537226 16.66666667
v 5.51518592 2.57177343 16.66666667
v 5.25000000 3.03108891 16.66666667
v 4.98481408 3.49040440 16.66666667
v 4.71553724 3.95680556 16.66666667
v 4.43782217 4.43782217 16.66666667
v 4.14677386 4.94193264 16.66666667
v 3.83658003 5.47920412 16.66666667
v 3.50000000 6.06217783 16.66666667
v 2.82683995 6.06217783 16.66666667
v 2.20645228 6.06217783 16.66666667
v 1.62435565 6.06217783 16.66666667
v 1.06892551 6.06217783 16.66666667
v 0.53037184 6.06217783 16.66666667
v 0.00000000 6.06217783 16.66666667
v -0.53037184 6.06217783 16.66666667
v -1.06892551 6.06217783 16.66666667
v -1.62435565 6.06217783 16.66666667
v -2.20645228 6.06217783 16.66666667
v -2.82683995 6.06217783 16.66666667
v -3.50000000 6.06217783 16.66666667
v -3.83658003 5.47920412 16.66666667
v -4.14677386 4.94193264 16.66666667
v -4.43782217 4.43782217 16.66666667
v -4.71553724 3.95680556 16.66666667
v -4.98481408 3.49040440 16.66666667
v -5.25000000 3.03108891 16.66666667
v -5.51518592 2.57177343 16.66666667
v -5.78446276 2.10537226 16.66666667
v -6.06217783 1.62435565 16.66666667
v -6.35322614 1.12024518 16.66666667
v -6.66341997 0.58297371 16.66666667
v -7.00000000 0.00000000 16.66666667
v -6.66341997 -0.58297371 16.66666667
v -6.35322614 -1.12024518 16.66666667
v -6.06217783 -1.62435565 16.66666667
v -5.78446276 -2.10537226 16.66666667
v -5.51518592 -2.57177343 16.66666667
v -5.25000000 -3.03108891 16.66666667
v -4.98481408 -3.49040440 16.66666667
v -4.71553724 -3.95680556 16.66666667
v -4.43782217 -4.43782217 16.66666667
v -4.14677386 -4.94193264 16.66666667
v -3.83658003 -5.47920412 16.66666667
v -3.50000000 -6.06217783 16.66666667
v -2.82683995 -6.06217783 16.66666667
v -2.20645228 -6.06217783 16.66666667
v -1.62435565 -6.06217783 16.66666667
v -1.06892551 -6.06217783 16.66666667
v -0.53037184 -6.06217783 16.66666667
v -0.00000000 -6.06217783 16.66666667
v 0.53037184 -6.06217783 16.66666667
v 1.06892551 -6.06217783 16.66666667
v 1.62435565 -6.06217783 16.66666667
v 2.20645228 -6.06217783 16.66666667
v 2.82683995 -6.06217783 16.66666667
v 3.50000000 -6.06217783 16.66666667
v 3.83658003 -5.47920412 16.66666667
v 4.14677386 -4.94193264 16.66666667
v 4.43782217 -4.43782217 16.66666667
v 4.71553724 -3.95680556 16.66666667
v 4.98481408 -3.49040440 16.66666667
v 5.25000000 -3.03108891 16.66666667
v 5.51518592 -2.57177343 16.66666667
v 5.78446276 -2.10537226 16.66666667
v 6.06217783 -1.62435565 16.66666667
v 6.35322614 -1.12024518 16.66666667
v 6.66341997 -0.58297371 16.66666667
v 3.66777778 0.00000000 16.66666667
v 3.63647961 0.31815074 16.66666667
v 3.57777010 0.63085740 16.66666667
v 3.49235849 0.93577464 16.66666667
v 3.38115327 1.23063915 16.66666667
v 3.24525322 1.51328643 16.66666667
v 3.08593719 1.78166667 16.66666667
v 2.90465247 2.03385956 16.66666667
v 2.70300201 2.26808799 16.66666667
v 2.48273048 2.48273048 16.66666667
v 2.24570945 2.67633231 16.66666667
v 1.99392164 2.84761522 16.66666667
v 1.72944445 2.99548565 16.66666667
v 1.45443292 3.11904147 16.66666667
v 1.17110231 3.21757714 16.66666667
v 0.88171021 3.29058732 16.66666667
v 0.58853869 3.33776880 16.66666667
v 0.29387625 3.35902094 16.66666667
v 0.00000000 3.35444445 16.66666667
v -0.29084194 3.32433860 16.66666667
v -0.57644764 3.26919700 16.66666667
v -0.85467800 3.18970173 16.66666667
v -1.12347283 3.08671624 16.66666667
v -1.38086604 2.96127678 16.66666667
v -1.62500000 2.81458256 16.66666667
v -1.87410790 2.67650346 16.66666667
v -2.11143826 2.51631414 16.66666667
v -2.33502373 2.33502373 16.66666667
v -2.54298383 2.13381680 16.66666667
v -2.73354071 1.91404581 16.66666667
v -2.90503411 1.67722222 16.66666667
v -3.05593559 1.42500617 16.66666667
v -3.18486192 1.15919494 16.66666667
v -3.29058732 0.88171021 16.66666667
v -3.37205470 0.59458422 16.66666667
v -3.42838561 0.29994487 16.66666667
v -3.45888889 0.00000000 16.66666667
v -3.46306794 -0.30297919 16.66666667
v -3.44062650 -0.60667528 16.66666667
v -3.39147290 -0.90874243 16.66666667
v -3.31572282 -1.20682441 16.66666667
v -3.21370028 -1.49857305 16.66666667
v -3.08593719 -1.78166667 16.66666667
v -2.93317110 -2.05382852 16.66666667
v -2.75634140 -2.31284505 16.66666667
v -2.55658385 -2.55658385 16.66666667
v -2.33522358 -2.78301109 16.66666667
v -2.09376643 -2.99020835 16.66666667
v -1.83388889 -3.17638873 16.66666667
v -1.55742656 -3.33991203 16.66666667
v -1.26636125 -3.47929894 16.66666667
v -0.96280685 -3.59324408 16.66666667
v -0.64899399 -3.68062780 16.66666667
v -0.32725367 -3.74052662 16.66666667
v -0.00000000 -3.77222223 16.66666667
v 0.33028799 -3.77520895 16.66666667
v 0.66108504 -3.74919960 16.66666667
v 0.98983906 -3.69412967 16.66666667
v 1.31399072 -3.61015984 16.66666667
v 1.63099344 -3.49767672 16.66666667
v 1.93833334 -3.35729182 16.66666667
v 2.21358018 -3.16132012 16.66666667
v 2.46949477 -2.94302927 16.66666667
v 2.70429061 -2.70429061 16.66666667
v 2.91635957 -2.44711624 16.66666667
v 3.10428286 -2.17364226 16.66666667
v 3.26684028 -1.88611111 16.66666667
v 3.40301791 -1.58685331 16.66666667
v 3.51201417 -1.27826862 16.66666667
v 3.59324408 -0.96280685 16.66666667
v 3.64634190 -0.64294846 16.66666667
v 3.67116195 -0.32118505 16.66666667
v 7.00000000 0.00000000 16.77083333
v 6.66341997 0.58297371 16.77083333
v 6.35322614 1.12024518 16.77083333
v 6.06217783 1.62435565 16.77083333
v 5.78446276 2.10537226 16.77083333
v 5.51518592 2.57177343 16.77083333
v 5.25000000 3.03108891 16.77083333
v 4.98481408 3.49040440 16.77083333
v 4.71553724 3.95680556 16.77083333
v 4.43782217 4.43782217 16.77083333
v 4.14677386 4.94193264 16.77083333
v 3.83658003 5.47920412 16.77083333
v 3.50000000 6.06217783 16.77083333
v 2.82683995 6.06217783 16.77083333
v 2.20645228 6.06217783 16.77083333
v 1.62435565 6.06217783 16.77083333
v 1.06892551 6.06217783 16.77083333
v 0.53037184 6.06217783 16.77083333
v 0.00000000 6.06217783 16.77083333
v -0.53037184 6.06217783 16.77083333
v -1.06892551 6.06217783 16.77083333
v -1.62435565 6.06217783 16.77083333
v -2.20645228 6.06217783 16.77083333
v -2.82683995 6.06217783 16.77083333
v -3.50000000 6.06217783 16.77083333
v -3.83658003 5.47920412 16.77083333
v -4.14677386 4.94193264 16.77083333
v -4.43782217 4.43782217 16.77083333
v -4.71553724 3.95680556 16.77083333
v -4.98481408 3.49040440 16.77083333
v -5.25000000 3.03108891 16.77083333
v -5.51518592 2.57177343 16.77083333
v -5.78446276 2.10537226 16.77083333
v -6.06217783 1.62435565 16.77083333
v -6.35322614 1.12024518 16.77083333
v -6.66341997 0.58297371 16.77083333
v -7.00000000 0.00000000 16.77083333
v -6.66341997 -0.58297371 16.77083333
v -6.35322614 -1.12024518 16.77083333
v -6.06217783 -1.62435565 16.77083333
v -5.78446276 -2.10537226 16.77083333
v -5.51518592 -2.57177343 16.77083333
v -5.25000000 -3.03108891 16.77083333
v -4.98481408 -3.49040440 16.77083333
v -4.71553724 -3.95680556 16.77083333
v -4.43782217 -4.43782217 16.77083333
v -4.14677386 -4.94193264 16.77083333
v -3.83658003 -5.47920412 16.77083333
v -3.50000000 -6.06217783 16.77083333
v -2.82683995 -6.06217783 16.77083333
v -2.20645228 -6.06217783 16.77083333
v -1.62435565 -6.06217783 16.77083333
v -1.06892551 -6.06217783 16.77083333
v -0.53037184 -6.06217783 16.77083333
v -0.00000000 -6.06217783 16.77083333
v 0.53037184 -6.06217783 16.77083333
v 1.06892551 -6.06217783 16.77083333
v 1.62435565 -6.06217783 16.77083333
v 2.20645228 -6.06217783 16.77083333
v 2.82683995 -6.06217783 16.77083333
v 3.50000000 -6.06217783 16.77083333
v 3.83658003 -5.47920412 16.77083333
v 4.14677386 -4.94193264 16.77083333
v 4.43782217 -4.43782217 16.77083333
v 4.71553724 -3.95680556 16.77083333
v 4.98481408 -3.49040440 16.77083333
v 5.25000000 -3.03108891 16.77083333
v 5.51518592 -2.57177343 16.77083333
v 5.78446276 -2.10537226 16.77083333
v 6.06217783 -1.62435565 16.77083333
v 6.35322614 -1.12024518 16.77083333
v 6.66341997 -0.58297371 16.77083333
v 3.77222223 0.00000000 16.77083333
v 3.74052662 0.32725367 16.77083333
v 3.68062780 0.64899399 16.77083333
v 3.59324408 0.96280685 16.77083333
v 3.47929894 1.26636125 16.77083333
v 3.33991203 1.55742656 16.77083333
v 3.17638873 1.83388889 16.77083333
v 2.99020835 2.09376643 16.77083333
v 2.78301109 2.33522358 16.77083333
v 2.55658385 2.55658385 16.77083333
v 2.31284505 2.75634140 16.77083333
v 2.05382852 2.93317110 16.77083333
v 1.78166667 3.08593719 16.77083333
v 1.49857305 3.21370028 16.77083333
v 1.20682441 3.31572282 16.77083333
v 0.90874243 3.39147290 16.77083333
v 0.60667528 3.44062650 16.77083333
v 0.30297919 3.46306794 16.77083333
v 0.00000000 3.45888889 16.77083333
v -0.29994487 3.42838561 16.77083333
v -0.59458422 3.37205470 16.77083333
v -0.88171021 3.29058732 16.77083333
v -1.15919494 3.18486192 16.77083333
v -1.42500617 3.05593559 16.77083333
v -1.67722222 2.90503411 16.77083333
v -1.91404581 2.73354071 16.77083333
v -2.13381680 2.54298383 16.77083333
v -2.33502373 2.33502373 16.77083333
v -2.51631414 2.11143826 16.77083333
v -2.67650346 1.87410790 16.77083333
v -2.81458256 1.62500000 16.77083333
v -2.96127678 1.38086604 16.77083333
v -3.08671624 1.12347283 16.77083333
v -3.18970173 0.85467800 16.77083333
v -3.26919700 0.57644764 16.77083333
v -3.32433860 0.29084194 16.77083333
v -3.35444445 0.00000000 16.77083333
v -3.35902094 -0.29387625 16.77083333
v -3.33776880 -0.58853869 16.77083333
v -3.29058732 -0.88171021 16.77083333
v -3.21757714 -1.17110231 16.77083333
v -3.11904147 -1.45443292 16.77083333
v -2.99548565 -1.72944445 16.77083333
v -2.84761522 -1.99392164 16.77083333
v -2.67633231 -2.24570945 16.77083333
v -2.48273048 -2.48273048 16.77083333
v -2.26808799 -2.70300201 16.77083333
v -2.03385956 -2.90465247 16.77083333
v -1.78166667 -3.08593719 16.77083333
v -1.51328643 -3.24525322 16.77083333
v -1.23063915 -3.38115327 16.77083333
v -0.93577464 -3.49235849 16.77083333
v -0.63085740 -3.57777010 16.77083333
v -0.31815074 -3.63647961 16.77083333
v -0.00000000 -3.66777778 16.77083333
v 0.32118505 -3.67116195 16.77083333
v 0.64294846 -3.64634190 16.77083333
v 0.96280685 -3.59324408 16.77083333
v 1.27826862 -3.51201417 16.77083333
v 1.58685331 -3.40301791 16.77083333
v 1.88611111 -3.26684028 16.77083333
v 2.17364226 -3.10428286 16.77083333
v 2.44711624 -2.91635957 16.77083333
v 2.70429061 -2.70429061 16.77083333
v 2.94302927 -2.46949477 16.77083333
v 3.16132012 -2.21358018 16.77083333
v 3.35729182 -1.93833334 16.77083333
v 3.49767672 -1.63099344 16.77083333
v 3.61015984 -1.31399072 16.77083333
v 3.69412967 -0.98983906 16.77083333
v 3.74919960 -0.66108504 16.77083333
v 3.77520895 -0.33028799 16.77083333
v 7.00000000 0.00000000 16.87500000
v 6.66341997 0.58297371 16.87500000
v 6.35322614 1.12024518 16.87500000
v 6.06217783 1.62435565 16.87500000
v 5.78446276 2.10537226 16.87500000
v 5.51518592 2.57177343 16.87500000
v 5.25000000 3.03108891 16.87500000
v 4.98481408 3.49040440 16.87500000
v 4.71553724 3.95680556 16.87500000
v 4.43782217 4.43782217 16.87500000
v 4.14677386 4.94193264 16.87500000
v 3.83658003 5.47920412 16.87500000
v 3.50000000 6.06217783 16.87500000
v 2.82683995 6.06217783 16.87500000
v 2.20645228 6.06217783 16.87500000
v 1.62435565 6.06217783 16.87500000
v 1.06892551 6.06217783 16.87500000
v 0.53037184 6.06217783 16.87500000
v 0.00000000 6.06217783 16.87500000
v -0.53037184 6.06217783 16.87500000
v -1.06892551 6.06217783 16.87500000
v -1.62435565 6.06217783 16.87500000
v -2.20645228 6.06217783 16.87500000
v -2.82683995 6.06217783 16.87500000
v -3.50000000 6.06217783 16.87500000
v -3.83658003 5.47920412 16.87500000
v -4.14677386 4.94193264 16.87500000
v -4.43782217 4.43782217 16.87500000
v -4.71553724 3.95680556 16.87500000
v -4.98481408 3.49040440 16.87500000
v -5.25000000 3.03108891 16.87500000
v -5.51518592 2.57177343 16.87500000
v -5.78446276 2.10537226 16.87500000
v -6.06217783 1.62435565 16.87500000
v -6.35322614 1.12024518 16.87500000
v -6.66341997 0.58297371 16.87500000
v -7.00000000 0.00000000 16.87500000
v -6.66341997 -0.58297371 16.87500000
v -6.35322614 -1.12024518 16.87500000
v -6.06217783 -1.62435565 16.87500000
v -5.78446276 -2.10537226 16.87500000
v -5.51518592 -2.57177343 16.87500000
v -5.25000000 -3.03108891 16.87500000
v -4.98481408 -3.49040440 16.87500000
v -4.71553724 -3.95680556 16.87500000
v -4.43782217 -4.43782217 16.87500000
v -4.14677386 -4.94193264 16.87500000
v -3.83658003 -5.47920412 16.87500000
v -3.50000000 -6.06217783 16.87500000
v -2.82683995 -6.06217783 16.87500000
v -2.20645228 -6.06217783 16.87500000
v -1.62435565 -6.06217783 16.87500000
v -1.06892551 -6.06217783 16.87500000
v -0.53037184 -6.06217783 16.87500000
v -0.00000000 -6.06217783 16.87500000
v 0.53037184 -6.06217783 16.87500000
v 1.06892551 -6.06217783 16.87500000
v 1.62435565 -6.06217783 16.87500000
v 2.20645228 -6.06217783 16.87500000
v 2.82683995 -6.06217783 16.87500000
v 3.50000000 -6.06217783 16.87500000
v 3.83658003 -5.47920412 16.87500000
v 4.14677386 -4.94193264 16.87500000
v 4.43782217 -4.43782217 16.87500000
v 4.71553724 -3.95680556 16.87500000
v 4.98481408 -3.49040440 16.87500000
v 5.25000000 -3.03108891 16.87500000
v 5.51518592 -2.57177343 16.87500000
v 5.78446276 -2.10537226 16.87500000
v 6.06217783 -1.62435565 16.87500000
v 6.35322614 -1.12024518 16.87500000
v 6.66341997 -0.58297371 16.87500000
v 3.87666667 0.00000000 16.87500000
v 3.84457362 0.33635661 16.87500000
v 3.78348550 0.66713057 16.87500000
v 3.69412967 0.98983906 16.87500000
v 3.57744462 1.30208336 16.87500000
v 3.43457085 1.60156669 16.87500000
v 3.26684028 1.88611111 16.87500000
v 3.07576424 2.15367330 16.87500000
v 2.86302018 2.40235918 16.87500000
v 2.63043723 2.63043723 16.87500000
v 2.37998065 2.83635048 16.87500000
v 2.11373539 3.01872698 16.87500000
v 1.83388889 3.17638873 16.87500000
v 1.54271318 3.30835910 16.87500000
v 1.24254651 3.41386849 16.87500000
v 0.93577464 3.49235849 16.87500000
v 0.62481187 3.54348420 16.87500000
v 0.31208212 3.56711494 16.87500000
v 0.00000000 3.56333334 16.87500000
v -0.30904781 3.53243261 16.87500000
v -0.61272081 3.47491240 16.87500000
v -0.90874243 3.39147290 16.87500000
v -1.19491704 3.28300759 16.87500000
v -1.46914630 3.15059441 16.87500000
v -1.72944445 2.99548565 16.87500000
v -1.97395269 2.81909659 16.87500000
v -2.20095239 2.62299292 16.87500000
v -2.40887710 2.40887710 16.87500000
v -2.59632322 2.17857386 16.87500000
v -2.76205934 1.93401477 16.87500000
v -2.90503411 1.67722222 16.87500000
v -3.02438265 1.41029279 16.87500000
v -3.11943147 1.13538020 16.87500000
v -3.18970173 0.85467800 16.87500000
v -3.23491110 0.57040211 16.87500000
v -3.25497394 0.28477332 16.87500000
v -3.25000000 0.00000000 16.87500000
v -3.25497394 -0.28477332 16.87500000
v -3.23491110 -0.57040211 16.87500000
v -3.18970173 -0.85467800 16.87500000
v -3.11943147 -1.13538020 16.87500000
v -3.02438265 -1.41029279 16.87500000
v -2.90503411 -1.67722222 16.87500000
v -2.76205934 -1.93401477 16.87500000
v -2.59632322 -2.17857386 16.87500000
v -2.40887710 -2.40887710 16.87500000
v -2.20095239 -2.62299292 16.87500000
v -1.97395269 -2.81909659 16.87500000
v -1.72944445 -2.99548565 16.87500000
v -1.46914630 -3.15059441 16.87500000
v -1.19491704 -3.28300759 16.87500000
v -0.90874243 -3.39147290 16.87500000
v -0.61272081 -3.47491240 16.87500000
v -0.30904781 -3.53243261 16.87500000
v -0.00000000 -3.56333334 16.87500000
v 0.31208212 -3.56711494 16.87500000
v 0.62481187 -3.54348420 16.87500000
v 0.93577464 -3.49235849 16.87500000
v 1.24254651 -3.41386849 16.87500000
v 1.54271318 -3.30835910 16.87500000
v 1.83388889 -3.17638873 16.87500000
v 2.11373539 -3.01872698 16.87500000
v 2.37998065 -2.83635048 16.87500000
v 2.63043723 -2.63043723 16.87500000
v 2.86302018 -2.40235918 16.87500000
v 3.07576424 -2.15367330 16.87500000
v 3.26684028 -1.88611111 16.87500000
v 3.43457085 -1.60156669 16.87500000
v 3.57744462 -1.30208336 16.87500000
v 3.69412967 -0.98983906 16.87500000
v 3.78348550 -0.66713057 16.87500000
v 3.84457362 -0.33635661 16.87500000
v 7.00000000 0.00000000 16.97916667
v 6.66341997 0.58297371 16.97916667
v 6.35322614 1.12024518 16.97916667
v 6.06217783 1.62435565 16.97916667
v 5.78446276 2.10537226 16.97916667
v 5.51518592 2.57177343 16.97916667
v 5.25000000 3.03108891 16.97916667
v 4.98481408 3.49040440 16.97916667
v 4.71553724 3.95680556 16.97916667
v 4.43782217 4.43782217 16.97916667
v 4.14677386 4.94193264 16.97916667
v 3.83658003 5.47920412 16.97916667
v 3.50000000 6.06217783 16.97916667
v 2.82683995 6.06217783 16.97916667
v 2.20645228 6.06217783 16.97916667
v 1.62435565 6.06217783 16.97916667
v 1.06892551 6.06217783 16.97916667
v 0.53037184 6.06217783 16.97916667
v 0.00000000 6.06217783 16.97916667
v -0.53037184 6.06217783 16.97916667
v -1.06892551 6.06217783 16.97916667
v -1.62435565 6.06217783 16.97916667
v -2.20645228 6.06217783 16.97916667
v -2.82683995 6.06217783 16.97916667
v -3.50000000 6.06217783 16.97916667
v -3.83658003 5.47920412 16.97916667
v -4.14677386 4.94193264 16.97916667
v -4.43782217 4.43782217 16.97916667
v -4.71553724 3.95680556 16.97916667
v -4.98481408 3.49040440 16.97916667
v -5.25000000 3.03108891 16.97916667
v -5.51518592 2.57177343 16.97916667
v -5.78446276 2.10537226 16.97916667
v -6.06217783 1.62435565 16.97916667
v -6.35322614 1.12024518 16.97916667
v -6.66341997 0.58297371 16.97916667
v -7.00000000 0.00000000 16.97916667
v -6.66341997 -0.58297371 16.97916667
v -6.35322614 -1.12024518 16.97916667
v -6.06217783 -1.62435565 16.97916667
v -5.78446276 -2.10537226 16.97916667
v -5.51518592 -2.57177343 16.97916667
v -5.25000000 -3.03108891 16.97916667
v -4.98481408 -3.49040440 16.97916667
v -4.71553724 -3.95680556 16.97916667
v -4.43782217 -4.43782217 16.97916667
v -4.14677386 -4.94193264 16.97916667
v -3.83658003 -5.47920412 16.97916667
v -3.50000000 -6.06217783 16.97916667
v -2.82683995 -6.06217783 16.97916667
v -2.20645228 -6.06217783 16.97916667
v -1.62435565 -6.06217783 16.97916667
v -1.06892551 -6.06217783 16.97916667
v -0.53037184 -6.06217783 16.97916667
v -0.00000000 -6.06217783 16.97916667
v 0.53037184 -6.06217783 16.97916667
v 1.06892551 -6.06217783 16.97916667
v 1.62435565 -6.06217783 16.97916667
v 2.20645228 -6.06217783 16.97916667
v 2.82683995 -6.06217783 16.97916667
v 3.50000000 -6.06217783 16.97916667
v 3.83658003 -5.47920412 16.97916667
v 4.14677386 -4.94193264 16.97916667
v 4.43782217 -4.43782217 16.97916667
v 4.71553724 -3.95680556 16.97916667
v 4.98481408 -3.49040440 16.97916667
v 5.25000000 -3.03108891 16.97916667
v 5.51518592 -2.57177343 16.97916667
v 5.78446276 -2.10537226 16.97916667
v 6.06217783 -1.62435565 16.97916667
v 6.35322614 -1.12024518 16.97916667
v 6.66341997 -0.58297371 16.97916667
v 3.77222223 0.00000000 16.97916667
v 3.77520895 0.33028799 16.97916667
v 3.74919960 0.66108504 16.97916667
v 3.69412967 0.98983906 16.97916667
v 3.61015984 1.31399072 16.97916667
v 3.49767672 1.63099344 16.97916667
v 3.35729182 1.93833334 16.97916667
v 3.16132012 2.21358018 16.97916667
v 2.94302927 2.46949477 16.97916667
v 2.70429061 2.70429061 16.97916667
v 2.44711624 2.91635957 16.97916667
v 2.17364226 3.10428286 16.97916667
v 1.88611111 3.26684028 16.97916667
v 1.58685331 3.40301791 16.97916667
v 1.27826862 3.51201417 16.97916667
v 0.96280685 3.59324408 16.97916667
v 0.64294846 3.64634190 16.97916667
v 0.32118505 3.67116195 16.97916667
v 0.00000000 3.66777778 16.97916667
v -0.31815074 3.63647961 16.97916667
v -0.63085740 3.57777010 16.97916667
v -0.93577464 3.49235849 16.97916667
v -1.23063915 3.38115327 16.97916667
v -1.51328643 3.24525322 16.97916667
v -1.78166667 3.08593719 16.97916667
v -2.03385956 2.90465247 16.97916667
v -2.26808799 2.70300201 16.97916667
v -2.48273048 2.48273048 16.97916667
v -2.67633231 2.24570945 16.97916667
v -2.84761522 1.99392164 16.97916667
v -2.99548565 1.72944445 16.97916667
v -3.11904147 1.45443292 16.97916667
v -3.21757714 1.17110231 16.97916667
v -3.29058732 0.88171021 16.97916667
v -3.33776880 0.58853869 16.97916667
v -3.35902094 0.29387625 16.97916667
v -3.35444445 0.00000000 16.97916667
v -3.32433860 -0.29084194 16.97916667
v -3.26919700 -0.57644764 16.97916667
v -3.18970173 -0.85467800 16.97916667
v -3.08671624 -1.12347283 16.97916667
v -2.96127678 -1.38086604 16.97916667
v -2.81458256 -1.62500000 16.97916667
v -2.67650346 -1.87410790 16.97916667
v -2.51631414 -2.11143826 16.97916667
v -2.33502373 -2.33502373 16.97916667
v -2.13381680 -2.54298383 16.97916667
v -1.91404581 -2.73354071 16.97916667
v -1.67722222 -2.90503411 16.97916667
v -1.42500617 -3.05593559 16.97916667
v -1.15919494 -3.18486192 16.97916667
v -0.88171021 -3.29058732 16.97916667
v -0.59458422 -3.37205470 16.97916667
v -0.29994487 -3.42838561 16.97916667
v -0.00000000 -3.45888889 16.97916667
v 0.30297919 -3.46306794 16.97916667
v 0.60667528 -3.44062650 16.97916667
v 0.90874243 -3.39147290 16.97916667
v 1.20682441 -3.31572282 16.97916667
v 1.49857305 -3.21370028 16.97916667
v 1.78166667 -3.08593719 16.97916667
v 2.05382852 -2.93317110 16.97916667
v 2.31284505 -2.75634140 16.97916667
v 2.55658385 -2.55658385 16.97916667
v 2.78301109 -2.33522358 16.97916667
v 2.99020835 -2.09376643 16.97916667
v 3.17638873 -1.83388889 16.97916667
v 3.33991203 -1.55742656 16.97916667
v 3.47929894 -1.26636125 16.97916667
v 3.59324408 -0.96280685 16.97916667
v 3.68062780 -0.64899399 16.97916667
v 3.74052662 -0.32725367 16.97916667
v 7.00000000 0.00000000 17.08333333
v 6.66341997 0.58297371 17.08333333
v 6.35322614 1.12024518 17.08333333
v 6.06217783 1.62435565 17.08333333
v 5.78446276 2.10537226 17.08333333
v 5.51518592 2.57177343 17.08333333
v 5.25000000 3.03108891 17.08333333
v 4.98481408 3.49040440 17.08333333
v 4.71553724 3.95680556 17.08333333
v 4.43782217 4.43782217 17.08333333
v 4.14677386 4.94193264 17.08333333
v 3.83658003 5.47920412 17.08333333
v 3.50000000 6.06217783 17.08333333
v 2.82683995 6.06217783 17.08333333
v 2.20645228 6.06217783 17.08333333
v 1.62435565 6.06217783 17.08333333
v 1.06892551 6.06217783 17.08333333
v 0.53037184 6.06217783 17.08333333
v 0.00000000 6.06217783 17.08333333
v -0.53037184 6.06217783 17.08333333
v -1.06892551 6.06217783 17.08333333
v -1.62435565 6.06217783 17.08333333
v -2.20645228 6.06217783 17.08333333
v -2.82683995 6.06217783 17.08333333
v -3.50000000 6.06217783 17.08333333
v -3.83658003 5.47920412 17.08333333
v -4.14677386 4.94193264 17.08333333
v -4.43782217 4.43782217 17.08333333
v -4.71553724 3.95680556 17.08333333
v -4.98481408 3.49040440 17.08333333
v -5.25000000 3.03108891 17.08333333
v -5.51518592 2.57177343 17.08333333
v -5.78446276 2.10537226 17.08333333
v -6.06217783 1.62435565 17.08333333
v -6.35322614 1.12024518 17.08333333
v -6.66341997 0.58297371 17.08333333
v -7.00000000 0.00000000 17.08333333
v -6.66341997 -0.58297371 17.08333333
v -6.35322614 -1.12024518 17.08333333
v -6.06217783 -1.62435565 17.08333333
v -5.78446276 -2.10537226 17.08333333
v -5.51518592 -2.57177343 17.08333333
v -5.25000000 -3.03108891 17.08333333
v -4.98481408 -3.49040440 17.08333333
v -4.71553724 -3.95680556 17.08333333
v -4.43782217 -4.43782217 17.08333333
v -4.14677386 -4.94193264 17.08333333
v -3.83658003 -5.47920412 17.08333333
v -3.50000000 -6.06217783 17.08333333
v -2.82683995 -6.06217783 17.08333333
v -2.20645228 -6.06217783 17.08333333
v -1.62435565 -6.06217783 17.08333333
v -1.06892551 -6.06217783 17.08333333
v -0.53037184 -6.06217783 17.08333333
v -0.00000000 -6.06217783 17.08333333
v 0.53037184 -6.06217783 17.08333333
v 1.06892551 -6.06217783 17.08333333
v 1.62435565 -6.06217783 17.08333333
v 2.20645228 -6.06217783 17.08333333
v 2.82683995 -6.06217783 17.08333333
v 3.50000000 -6.06217783 17.08333333
v 3.83658003 -5.47920412 17.08333333
v 4.14677386 -4.94193264 17.08333333
v 4.43782217 -4.43782217 17.08333333
v 4.71553724 -3.95680556 17.08333333
v 4.98481408 -3.49040440 17.08333333
v 5.25000000 -3.03108891 17.08333333
v 5.51518592 -2.57177343 17.08333333
v 5.78446276 -2.10537226 17.08333333
v 6.06217783 -1.62435565 17.08333333
v 6.35322614 -1.12024518 17.08333333
v 6.66341997 -0.58297371 17.08333333
v 3.66777778 0.00000000 17.08333333
v 3.67116195 0.32118505 17.08333333
v 3.64634190 0.64294846 17.08333333
v 3.59324408 0.96280685 17.08333333
v 3.51201417 1.27826862 17.08333333
v 3.40301791 1.58685331 17.08333333
v 3.26684028 1.88611111 17.08333333
v 3.10428286 2.17364226 17.08333333
v 2.91635957 2.44711624 17.08333333
v 2.70429061 2.70429061 17.08333333
v 2.46949477 2.94302927 17.08333333
v 2.21358018 3.16132012 17.08333333
v 1.93833334 3.35729182 17.08333333
v 1.63099344 3.49767672 17.08333333
v 1.31399072 3.61015984 17.08333333
v 0.98983906 3.69412967 17.08333333
v 0.66108504 3.74919960 17.08333333
v 0.33028799 3.77520895 17.08333333
v 0.00000000 3.77222223 17.08333333
v -0.32725367 3.74052662 17.08333333
v -0.64899399 3.68062780 17.08333333
v -0.96280685 3.59324408 17.08333333
v -1.26636125 3.47929894 17.08333333
v -1.55742656 3.33991203 17.08333333
v -1.83388889 3.17638873 17.08333333
v -2.09376643 2.99020835 17.08333333
v -2.33522358 2.78301109 17.08333333
v -2.55658385 2.55658385 17.08333333
v -2.75634140 2.31284505 17.08333333
v -2.93317110 2.05382852 17.08333333
v -3.08593719 1.78166667 17.08333333
v -3.21370028 1.49857305 17.08333333
v -3.31572282 1.20682441 17.08333333
v -3.39147290 0.90874243 17.08333333
v -3.44062650 0.60667528 17.08333333
v -3.46306794 0.30297919 17.08333333
v -3.45888889 0.00000000 17.08333333
v -3.42838561 -0.29994487 17.08333333
v -3.37205470 -0.59458422 17.08333333
v -3.29058732 -0.88171021 17.08333333
v -3.18486192 -1.15919494 17.08333333
v -3.05593559 -1.42500617 17.08333333
v -2.90503411 -1.67722222 17.08333333
v -2.73354071 -1.91404581 17.08333333
v -2.54298383 -2.13381680 17.08333333
v -2.33502373 -2.33502373 17.08333333
v -2.11143826 -2.51631414 17.08333333
v -1.87410790 -2.67650346 17.08333333
v -1.62500000 -2.81458256 17.08333333
v -1.38086604 -2.96127678 17.08333333
v -1.12347283 -3.08671624 17.08333333
v -0.85467800 -3.18970173 17.08333333
v -0.57644764 -3.26919700 17.08333333
v -0.29084194 -3.32433860 17.08333333
v -0.00000000 -3.35444445 17.08333333
v 0.29387625 -3.35902094 17.08333333
v 0.58853869 -3.33776880 17.08333333
v 0.88171021 -3.29058732 17.08333333
v 1.17110231 -3.21757714 17.08333333
v 1.45443292 -3.11904147 17.08333333
v 1.72944445 -2.99548565 17.08333333
v 1.99392164 -2.84761522 17.08333333
v 2.24570945 -2.67633231 17.08333333
v 2.48273048 -2.48273048 17.08333333
v 2.70300201 -2.26808799 17.08333333
v 2.90465247 -2.03385956 17.08333333
v 3.08593719 -1.78166667 17.08333333
v 3.24525322 -1.51328643 17.08333333
v 3.38115327 -1.23063915 17.08333333
v 3.49235849 -0.93577464 17.08333333
v 3.57777010 -0.63085740 17.08333333
v 3.63647961 -0.31815074 17.08333333
v 7.00000000 0.00000000 17.18750000
v 6.66341997 0.58297371 17.18750000
v 6.35322614 1.12024518 17.18750000
v 6.06217783 1.62435565 17.18750000
v 5.78446276 2.10537226 17.18750000
v 5.51518592 2.57177343 17.18750000
v 5.25000000 3.03108891 17.18750000
v 4.98481408 3.49040440 17.18750000
v 4.71553724 3.95680556 17.18750000
v 4.43782217 4.43782217 17.18750000
v 4.14677386 4.94193264 17.18750000
v 3.83658003 5.47920412 17.18750000
v 3.50000000 6.06217783 17.18750000
v 2.82683995 6.06217783 17.18750000
v 2.20645228 6.06217783 17.18750000
v 1.62435565 6.06217783 17.18750000
v 1.06892551 6.06217783 17.18750000
v 0.53037184 6.06217783 17.18750000
v 0.00000000 6.06217783 17.18750000
v -0.53037184 6.06217783 17.18750000
v -1.06892551 6.06217783 17.18750000
v -1.62435565 6.06217783 17.18750000
v -2.20645228 6.06217783 17.18750000
v -2.82683995 6.06217783 17.18750000
v -3.50000000 6.06217783 17.18750000
v -3.83658003 5.47920412 17.18750000
v -4.14677386 4.94193264 17.18750000
v -4.43782217 4.43782217 17.18750000
v -4.71553724 3.95680556 17.18750000
v -4.98481408 3.49040440 17.18750000
v -5.25000000 3.03108891 17.18750000
v -5.51518592 2.57177343 17.18750000
v -5.78446276 2.10537226 17.18750000
v -6.06217783 1.62435565 17.18750000
v -6.35322614 1.12024518 17.18750000
v -6.66341997 0.58297371 17.18750000
v -7.00000000 0.00000000 17.18750000
v -6.66341997 -0.58297371 17.18750000
v -6.35322614 -1.12024518 17.18750000
v -6.06217783 -1.62435565 17.18750000
v -5.78446276 -2.10537226 17.18750000
v -5.51518592 -2.57177343 17.18750000
v -5.25000000 -3.03108891 17.18750000
v -4.98481408 -3.49040440 17.18750000
v -4.71553724 -3.95680556 17.18750000
v -4.43782217 -4.43782217 17.18750000
v -4.14677386 -4.94193264 17.18750000
v -3.83658003 -5.47920412 17.18750000
v -3.50000000 -6.06217783 17.18750000
v -2.82683995 -6.06217783 17.18750000
v -2.20645228 -6.06217783 17.18750000
v -1.62435565 -6.06217783 17.18750000
v -1.06892551 -6.06217783 17.18750000
v -0.53037184 -6.06217783 17.18750000
v -0.00000000 -6.06217783 17.18750000
v 0.53037184 -6.06217783 17.18750000
v 1.06892551 -6.06217783 17.18750000
v 1.62435565 -6.06217783 17.18750000
v 2.20645228 -6.06217783 17.18750000
v 2.82683995 -6.06217783 17.18750000
v 3.50000000 -6.06217783 17.18750000
v 3.83658003 -5.47920412 17.18750000
v 4.14677386 -4.94193264 17.18750000
v 4.43782217 -4.43782217 17.18750000
v 4.71553724 -3.95680556 17.18750000
v 4.98481408 -3.49040440 17.18750000
v 5.25000000 -3.03108891 17.18750000
v 5.51518592 -2.57177343 17.18750000
v 5.78446276 -2.10537226 17.18750000
v 6.06217783 -1.62435565 17.18750000
v 6.35322614 -1.12024518 17.18750000
v 6.66341997 -0.58297371 17.18750000
v 3.56333334 0.00000000 17.18750000
v 3.56711494 0.31208212 17.18750000
v 3.54348420 0.62481187 17.18750000
v 3.49235849 0.93577464 17.18750000
v 3.41386849 1.24254651 17.18750000
v 3.30835910 1.54271318 17.18750000
v 3.17638873 1.83388889 17.18750000
v 3.01872698 2.11373539 17.18750000
v 2.83635048 2.37998065 17.18750000
v 2.63043723 2.63043723 17.18750000
v 2.40235918 2.86302018 17.18750000
v 2.15367330 3.07576424 17.18750000
v 1.88611111 3.26684028 17.18750000
v 1.60156669 3.43457085 17.18750000
v 1.30208336 3.57744462 17.18750000
v 0.98983906 3.69412967 17.18750000
v 0.66713057 3.78348550 17.18750000
v 0.33635661 3.84457362 17.18750000
v 0.00000000 3.87666667 17.18750000
v -0.33635661 3.84457362 17.18750000
v -0.66713057 3.78348550 17.18750000
v -0.98983906 3.69412967 17.18750000
v -1.30208336 3.57744462 17.18750000
v -1.60156669 3.43457085 17.18750000
v -1.88611111 3.26684028 17.18750000
v -2.15367330 3.07576424 17.18750000
v -2.40235918 2.86302018 17.18750000
v -2.63043723 2.63043723 17.18750000
v -2.83635048 2.37998065 17.18750000
v -3.01872698 2.11373539 17.18750000
v -3.17638873 1.83388889 17.18750000
v -3.30835910 1.54271318 17.18750000
v -3.41386849 1.24254651 17.18750000
v -3.49235849 0.93577464 17.18750000
v -3.54348420 0.62481187 17.18750000
v -3.56711494 0.31208212 17.18750000
v -3.56333334 0.00000000 17.18750000
v -3.53243261 -0.30904781 17.18750000
v -3.47491240 -0.61272081 17.18750000
v -3.39147290 -0.90874243 17.18750000
v -3.28300759 -1.19491704 17.18750000
v -3.15059441 -1.46914630 17.18750000
v -2.99548565 -1.72944445 17.18750000
v -2.81909659 -1.97395269 17.18750000
v -2.62299292 -2.20095239 17.18750000
v -2.40887710 -2.40887710 17.18750000
v -2.17857386 -2.59632322 17.18750000
v -1.93401477 -2.76205934 17.18750000
v -1.67722222 -2.90503411 17.18750000
v -1.41029279 -3.02438265 17.18750000
v -1.13538020 -3.11943147 17.18750000
v -0.85467800 -3.18970173 17.18750000
v -0.57040211 -3.23491110 17.18750000
v -0.28477332 -3.25497394 17.18750000
v -0.00000000 -3.25000000 17.18750000
v 0.28477332 -3.25497394 17.18750000
v 0.57040211 -3.23491110 17.18750000
v 0.85467800 -3.18970173 17.18750000
v 1.13538020 -3.11943147 17.18750000
v 1.41029279 -3.02438265 17.18750000
v 1.67722222 -2.90503411 17.18750000
v 1.93401477 -2.76205934 17.18750000
v 2.17857386 -2.59632322 17.18750000
v 2.40887710 -2.40887710 17.18750000
v 2.62299292 -2.20095239 17.18750000
v 2.81909659 -1.97395269 17.18750000
v 2.99548565 -1.72944445 17.18750000
v 3.15059441 -1.46914630 17.18750000
v 3.28300759 -1.19491704 17.18750000
v 3.39147290 -0.90874243 17.18750000
v 3.47491240 -0.61272081 17.18750000
v 3.53243261 -0.30904781 17.18750000
v 7.00000000 0.00000000 17.29166667
v 6.66341997 0.58297371 17.29166667
v 6.35322614 1.12024518 17.29166667
v 6.06217783 1.62435565 17.29166667
v 5.78446276 2.10537226 17.29166667
v 5.51518592 2.57177343 17.29166667
v 5.25000000 3.03108891 17.29166667
v 4.98481408 3.49040440 17.29166667
v 4.71553724 3.95680556 17.29166667
v 4.43782217 4.43782217 17.29166667
v 4.14677386 4.94193264 17.29166667
v 3.83658003 5.47920412 17.29166667
v 3.50000000 6.06217783 17.29166667
v 2.82683995 6.06217783 17.29166667
v 2.20645228 6.06217783 17.29166667
v 1.62435565 6.06217783 17.29166667
v 1.06892551 6.06217783 17.29166667
v 0.53037184 6.06217783 17.29166667
v 0.00000000 6.06217783 17.29166667
v -0.53037184 6.06217783 17.29166667
v -1.06892551 6.06217783 17.29166667
v -1.62435565 6.06217783 17.29166667
v -2.20645228 6.06217783 17.29166667
v -2.82683995 6.06217783 17.29166667
v -3.50000000 6.06217783 17.29166667
v -3.83658003 5.47920412 17.29166667
v -4.14677386 4.94193264 17.29166667
v -4.43782217 4.43782217 17.29166667
v -4.71553724 3.95680556 17.29166667
v -4.98481408 3.49040440 17.29166667
v -5.25000000 3.03108891 17.29166667
v -5.51518592 2.57177343 17.29166667
v -5.78446276 2.10537226 17.29166667
v -6.06217783 1.62435565 17.29166667
v -6.35322614 1.12024518 17.29166667
v -6.66341997 0.58297371 17.29166667
v -7.00000000 0.00000000 17.29166667
v -6.66341997 -0.58297371 17.29166667
v -6.35322614 -1.12024518 17.29166667
v -6.06217783 -1.62435565 17.29166667
v -5.78446276 -2.10537226 17.29166667
v -5.51518592 -2.57177343 17.29166667
v -5.25000000 -3.03108891 17.29166667
v -4.98481408 -3.49040440 17.29166667
v -4.71553724 -3.95680556 17.29166667
v -4.43782217 -4.43782217 17.29166667
v -4.14677386 -4.94193264 17.29166667
v -3.83658003 -5.47920412 17.29166667
v -3.50000000 -6.06217783 17.29166667
v -2.82683995 -6.06217783 17.29166667
v -2.20645228 -6.06217783 17.29166667
v -1.62435565 -6.06217783 17.29166667
v -1.06892551 -6.06217783 17.29166667
v -0.53037184 -6.06217783 17.29166667
v -0.00000000 -6.06217783 17.29166667
v 0.53037184 -6.06217783 17.29166667
v 1.06892551 -6.06217783 17.29166667
v 1.62435565 -6.06217783 17.29166667
v 2.20645228 -6.06217783 17.29166667
v 2.82683995 -6.06217783 17.29166667
v 3.50000000 -6.06217783 17.29166667
v 3.83658003 -5.47920412 17.29166667
v 4.14677386 -4.94193264 17.29166667
v 4.43782217 -4.43782217 17.29166667
v 4.71553724 -3.95680556 17.29166667
v 4.98481408 -3.49040440 17.29166667
v 5.25000000 -3.03108891 17.29166667
v 5.51518592 -2.57177343 17.29166667
v 5.78446276 -2.10537226 17.29166667
v 6.06217783 -1.62435565 17.29166667
v 6.35322614 -1.12024518 17.29166667
v 6.66341997 -0.58297371 17.29166667
v 3.45888889 0.00000000 17.29166667
v 3.46306794 0.30297919 17.29166667
v 3.44062650 0.60667528 17.29166667
v 3.39147290 0.90874243 17.29166667
v 3.31572282 1.20682441 17.29166667
v 3.21370028 1.49857305 17.29166667
v 3.08593719 1.78166667 17.29166667
v 2.93317110 2.05382852 17.29166667
v 2.75634140 2.31284505 17.29166667
v 2.55658385 2.55658385 17.29166667
v 2.33522358 2.78301109 17.29166667
v 2.09376643 2.99020835 17.29166667
v 1.83388889 3.17638873 17.29166667
v 1.55742656 3.33991203 17.29166667
v 1.26636125 3.47929894 17.29166667
v 0.96280685 3.59324408 17.29166667
v 0.64899399 3.68062780 17.29166667
v 0.32725367 3.74052662 17.29166667
v 0.00000000 3.77222223 17.29166667
v -0.33028799 3.77520895 17.29166667
v -0.66108504 3.74919960 17.29166667
v -0.98983906 3.69412967 17.29166667
v -1.31399072 3.61015984 17.29166667
v -1.63099344 3.49767672 17.29166667
v -1.93833334 3.35729182 17.29166667
v -2.21358018 3.16132012 17.29166667
v -2.46949477 2.94302927 17.29166667
v -2.70429061 2.70429061 17.29166667
v -2.91635957 2.44711624 17.29166667
v -3.10428286 2.17364226 17.29166667
v -3.26684028 1.88611111 17.29166667
v -3.40301791 1.58685331 17.29166667
v -3.51201417 1.27826862 17.29166667
v -3.59324408 0.96280685 17.29166667
v -3.64634190 0.64294846 17.29166667
v -3.67116195 0.32118505 17.29166667
v -3.66777778 0.00000000 17.29166667
v -3.63647961 -0.31815074 17.29166667
v -3.57777010 -0.63085740 17.29166667
v -3.49235849 -0.93577464 17.29166667
v -3.38115327 -1.23063915 17.29166667
v -3.24525322 -1.51328643 17.29166667
v -3.08593719 -1.78166667 17.29166667
v -2.90465247 -2.03385956 17.29166667
v -2.70300201 -2.26808799 17.29166667
v -2.48273048 -2.48273048 17.29166667
v -2.24570945 -2.67633231 17.29166667
v -1.99392164 -2.84761522 17.29166667
v -1.72944445 -2.99548565 17.29166667
v -1.45443292 -3.11904147 17.29166667
v -1.17110231 -3.21757714 17.29166667
v -0.88171021 -3.29058732 17.29166667
v -0.58853869 -3.33776880 17.29166667
v -0.29387625 -3.35902094 17.29166667
v -0.00000000 -3.35444445 17.29166667
v 0.29084194 -3.32433860 17.29166667
v 0.57644764 -3.26919700 17.29166667
v 0.85467800 -3.18970173 17.29166667
v 1.12347283 -3.08671624 17.29166667
v 1.38086604 -2.96127678 17.29166667
v 1.62500000 -2.81458256 17.29166667
v 1.87410790 -2.67650346 17.29166667
v 2.11143826 -2.51631414 17.29166667
v 2.33502373 -2.33502373 17.29166667
v 2.54298383 -2.13381680 17.29166667
v 2.73354071 -1.91404581 17.29166667
v 2.90503411 -1.67722222 17.29166667
v 3.05593559 -1.42500617 17.29166667
v 3.18486192 -1.15919494 17.29166667
v 3.29058732 -0.88171021 17.29166667
v 3.37205470 -0.59458422 17.29166667
v 3.42838561 -0.29994487 17.29166667
v 7.00000000 0.00000000 17.39583333
v 6.66341997 0.58297371 17.39583333
v 6.35322614 1.12024518 17.39583333
v 6.06217783 1.62435565 17.39583333
v 5.78446276 2.10537226 17.39583333
v 5.51518592 2.57177343 17.39583333
v 5.25000000 3.03108891 17.39583333
v 4.98481408 3.49040440 17.39583333
v 4.71553724 3.95680556 17.39583333
v 4.43782217 4.43782217 17.39583333
v 4.14677386 4.94193264 17.39583333
v 3.83658003 5.47920412 17.39583333
v 3.50000000 6.06217783 17.39583333
v 2.82683995 6.06217783 17.39583333
v 2.20645228 6.06217783 17.39583333
v 1.62435565 6.06217783 17.39583333
v 1.06892551 6.06217783 17.39583333
v 0.53037184 6.06217783 17.39583333
v 0.00000000 6.06217783 17.39583333
v -0.53037184 6.06217783 17.39583333
v -1.06892551 6.06217783 17.39583333
v -1.62435565 6.06217783 17.39583333
v -2.20645228 6.06217783 17.39583333
v -2.82683995 6.06217783 17.39583333
v -3.50000000 6.06217783 17.39583333
v -3.83658003 5.47920412 17.39583333
v -4.14677386 4.94193264 17.39583333
v -4.43782217 4.43782217 17.39583333
v -4.71553724 3.95680556 17.39583333
v -4.98481408 3.49040440 17.39583333
v -5.25000000 3.03108891 17.39583333
v -5.51518592 2.57177343 17.39583333
v -5.78446276 2.10537226 17.39583333
v -6.06217783 1.62435565 17.39583333
v -6.35322614 1.12024518 17.39583333
v -6.66341997 0.58297371 17.39583333
v -7.00000000 0.00000000 17.39583333
v -6.66341997 -0.58297371 17.39583333
v -6.35322614 -1.12024518 17.39583333
v -6.06217783 -1.62435565 17.39583333
v -5.78446276 -2.10537226 17.39583333
v -5.51518592 -2.57177343 17.39583333
v -5.25000000 -3.03108891 17.39583333
v -4.98481408 -3.49040440 17.39583333
v -4.71553724 -3.95680556 17.39583333
v -4.43782217 -4.43782217 17.39583333
v -4.14677386 -4.94193264 17.39583333
v -3.83658003 -5.47920412 17.39583333
v -3.50000000 -6.06217783 17.39583333
v -2.82683995 -6.06217783 17.39583333
v -2.20645228 -6.06217783 17.39583333
v -1.62435565 -6.06217783 17.39583333
v -1.06892551 -6.06217783 17.39583333
v -0.53037184 -6.06217783 17.39583333
v -0.00000000 -6.06217783 17.39583333
v 0.53037184 -6.06217783 17.39583333
v 1.06892551 -6.06217783 17.39583333
v 1.62435565 -6.06217783 17.39583333
v 2.20645228 -6.06217783 17.39583333
v 2.82683995 -6.06217783 17.39583333
v 3.50000000 -6.06217783 17.39583333
v 3.83658003 -5.47920412 17.39583333
v 4.14677386 -4.94193264 17.39583333
v 4.43782217 -4.43782217 17.39583333
v 4.71553724 -3.95680556 17.39583333
v 4.98481408 -3.49040440 17.39583333
v 5.25000000 -3.03108891 17.39583333
v 5.51518592 -2.57177343 17.39583333
v 5.78446276 -2.10537226 17.39583333
v 6.06217783 -1.62435565 17.39583333
v 6.35322614 -1.12024518 17.39583333
v 6.66341997 -0.58297371 17.39583333
v 3.35444445 0.00000000 17.39583333
v 3.35902094 0.29387625 17.39583333
v 3.33776880 0.58853869 17.39583333
v 3.29058732 0.88171021 17.39583333
v 3.21757714 1.17110231 17.39583333
v 3.11904147 1.45443292 17.39583333
v 2.99548565 1.72944445 17.39583333
v 2.84761522 1.99392164 17.39583333
v 2.67633231 2.24570945 17.39583333
v 2.48273048 2.48273048 17.39583333
v 2.26808799 2.70300201 17.39583333
v 2.03385956 2.90465247 17.39583333
v 1.78166667 3.08593719 17.39583333
v 1.51328643 3.24525322 17.39583333
v 1.23063915 3.38115327 17.39583333
v 0.93577464 3.49235849 17.39583333
v 0.63085740 3.57777010 17.39583333
v 0.31815074 3.63647961 17.39583333
v 0.00000000 3.66777778 17.39583333
v -0.32118505 3.67116195 17.39583333
v -0.64294846 3.64634190 17.39583333
v -0.96280685 3.59324408 17.39583333
v -1.27826862 3.51201417 17.39583333
v -1.58685331 3.40301791 17.39583333
v -1.88611111 3.26684028 17.39583333
v -2.17364226 3.10428286 17.39583333
v -2.44711624 2.91635957 17.39583333
v -2.70429061 2.70429061 17.39583333
v -2.94302927 2.46949477 17.39583333
v -3.16132012 2.21358018 17.39583333
v -3.35729182 1.93833334 17.39583333
v -3.49767672 1.63099344 17.39583333
v -3.61015984 1.31399072 17.39583333
v -3.69412967 0.98983906 17.39583333
v -3.74919960 0.66108504 17.39583333
v -3.77520895 0.33028799 17.39583333
v -3.77222223 0.00000000 17.39583333
v -3.74052662 -0.32725367 17.39583333
v -3.68062780 -0.64899399 17.39583333
v -3.59324408 -0.96280685 17.39583333
v -3.47929894 -1.26636125 17.39583333
v -3.33991203 -1.55742656 17.39583333
v -3.17638873 -1.83388889 17.39583333
v -2.99020835 -2.09376643 17.39583333
v -2.78301109 -2.33522358 17.39583333
v -2.55658385 -2.55658385 17.39583333
v -2.31284505 -2.75634140 17.39583333
v -2.05382852 -2.93317110 17.39583333
v -1.78166667 -3.08593719 17.39583333
v -1.49857305 -3.21370028 17.39583333
v -1.20682441 -3.31572282 17.39583333
v -0.90874243 -3.39147290 17.39583333
v -0.60667528 -3.44062650 17.39583333
v -0.30297919 -3.46306794 17.39583333
v -0.00000000 -3.45888889 17.39583333
v 0.29994487 -3.42838561 17.39583333
v 0.59458422 -3.37205470 17.39583333
v 0.88171021 -3.29058732 17.39583333
v 1.15919494 -3.18486192 17.39583333
v 1.42500617 -3.05593559 17.39583333
v 1.67722222 -2.90503411 17.39583333
v 1.91404581 -2.73354071 17.39583333
v 2.13381680 -2.54298383 17.39583333
v 2.33502373 -2.33502373 17.39583333
v 2.51631414 -2.11143826 17.39583333
v 2.67650346 -1.87410790 17.39583333
v 2.81458256 -1.62500000 17.39583333
v 2.96127678 -1.38086604 17.39583333
v 3.08671624 -1.12347283 17.39583333
v 3.18970173 -0.85467800 17.39583333
v 3.26919700 -0.57644764 17.39583333
v 3.32433860 -0.29084194 17.39583333
v 7.00000000 0.00000000 17.50000000
v 6.66341997 0.58297371 17.50000000
v 6.35322614 1.12024518 17.50000000
v 6.06217783 1.62435565 17.50000000
v 5.78446276 2.10537226 17.50000000
v 5.51518592 2.57177343 17.50000000
v 5.25000000 3.03108891 17.50000000
v 4.98481408 3.49040440 17.50000000
v 4.71553724 3.95680556 17.50000000
v 4.43782217 4.43782217 17.50000000
v 4.14677386 4.94193264 17.50000000
v 3.83658003 5.47920412 17.50000000
v 3.50000000 6.06217783 17.50000000
v 2.82683995 6.06217783 17.50000000
v 2.20645228 6.06217783 17.50000000
v 1.62435565 6.06217783 17.50000000
v 1.06892551 6.06217783 17.50000000
v 0.53037184 6.06217783 17.50000000
v 0.00000000 6.06217783 17.50000000
v -0.53037184 6.06217783 17.50000000
v -1.06892551 6.06217783 17.50000000
v -1.62435565 6.06217783 17.50000000
v -2.20645228 6.06217783 17.50000000
v -2.82683995 6.06217783 17.50000000
v -3.50000000 6.06217783 17.50000000
v -3.83658003 5.47920412 17.50000000
v -4.14677386 4.94193264 17.50000000
v -4.43782217 4.43782217 17.50000000
v -4.71553724 3.95680556 17.50000000
v -4.98481408 3.49040440 17.50000000
v -5.25000000 3.03108891 17.50000000
v -5.51518592 2.57177343 17.50000000
v -5.78446276 2.10537226 17.50000000
v -6.06217783 1.62435565 17.50000000
v -6.35322614 1.12024518 17.50000000
v -6.66341997 0.58297371 17.50000000
v -7.00000000 0.00000000 17.50000000
v -6.66341997 -0.58297371 17.50000000
v -6.35322614 -1.12024518 17.50000000
v -6.06217783 -1.62435565 17.50000000
v -5.78446276 -2.10537226 17.50000000
v -5.51518592 -2.57177343 17.50000000
v -5.25000000 -3.03108891 17.50000000
v -4.98481408 -3.49040440 17.50000000
v -4.71553724 -3.95680556 17.50000000
v -4.43782217 -4.43782217 17.50000000
v -4.14677386 -4.94193264 17.50000000
v -3.83658003 -5.47920412 17.50000000
v -3.50000000 -6.06217783 17.50000000
v -2.82683995 -6.06217783 17.50000000
v -2.20645228 -6.06217783 17.50000000
v -1.62435565 -6.06217783 17.50000000
v -1.06892551 -6.06217783 17.50000000
v -0.53037184 -6.06217783 17.50000000
v -0.00000000 -6.06217783 17.50000000
v 0.53037184 -6.06217783 17.50000000
v 1.06892551 -6.06217783 17.50000000
v 1.62435565 -6.06217783 17.50000000
v 2.20645228 -6.06217783 17.50000000
v 2.82683995 -6.06217783 17.50000000
v 3.50000000 -6.06217783 17.50000000
v 3.83658003 -5.47920412 17.50000000
v 4.14677386 -4.94193264 17.50000000
v 4.43782217 -4.43782217 17.50000000
v 4.71553724 -3.95680556 17.50000000
v 4.98481408 -3.49040440 17.50000000
v 5.25000000 -3.03108891 17.50000000
v 5.51518592 -2.57177343 17.50000000
v 5.78446276 -2.10537226 17.50000000
v 6.06217783 -1.62435565 17.50000000
v 6.35322614 -1.12024518 17.50000000
v 6.66341997 -0.58297371 17.50000000
v 3.25000000 0.00000000 17.50000000
v 3.25497394 0.28477332 17.50000000
v 3.23491110 0.57040211 17.50000000
v 3.18970173 0.85467800 17.50000000
v 3.11943147 1.13538020 17.50000000
v 3.02438265 1.41029279 17.50000000
v 2.90503411 1.67722222 17.50000000
v 2.76205934 1.93401477 17.50000000
v 2.59632322 2.17857386 17.50000000
v 2.40887710 2.40887710 17.50000000
v 2.20095239 2.62299292 17.50000000
v 1.97395269 2.81909659 17.50000000
v 1.72944445 2.99548565 17.50000000
v 1.46914630 3.15059441 17.50000000
v 1.19491704 3.28300759 17.50000000
v 0.90874243 3.39147290 17.50000000
v 0.61272081 3.47491240 17.50000000
v 0.30904781 3.53243261 17.50000000
v 0.00000000 3.56333334 17.50000000
v -0.31208212 3.56711494 17.50000000
v -0.62481187 3.54348420 17.50000000
v -0.93577464 3.49235849 17.50000000
v -1.24254651 3.41386849 17.50000000
v -1.54271318 3.30835910 17.50000000
v -1.83388889 3.17638873 17.50000000
v -2.11373539 3.01872698 17.50000000
v -2.37998065 2.83635048 17.50000000
v -2.63043723 2.63043723 17.50000000
v -2.86302018 2.40235918 17.50000000
v -3.07576424 2.15367330 17.50000000
v -3.26684028 1.88611111 17.50000000
v -3.43457085 1.60156669 17.50000000
v -3.57744462 1.30208336 17.50000000
v -3.69412967 0.98983906 17.50000000
v -3.78348550 0.66713057 17.50000000
v -3.84457362 0.33635661 17.50000000
v -3.87666667 0.00000000 17.50000000
v -3.84457362 -0.33635661 17.50000000
v -3.78348550 -0.66713057 17.50000000
v -3.69412967 -0.98983906 17.50000000
v -3.57744462 -1.30208336 17.50000000
v -3.43457085 -1.60156669 17.50000000
v -3.26684028 -1.88611111 17.50000000
v -3.07576424 -2.15367330 17.50000000
v -2.86302018 -2.40235918 17.50000000
v -2.63043723 -2.63043723 17.50000000
v -2.37998065 -2.83635048 17.50000000
v -2.11373539 -3.01872698 17.50000000
v -1.83388889 -3.17638873 17.50000000
v -1.54271318 -3.30835910 17.50000000
v -1.24254651 -3.41386849 17.50000000
v -0.93577464 -3.49235849 17.50000000
v -0.62481187 -3.54348420 17.50000000
v -0.31208212 -3.56711494 17.50000000
v -0.00000000 -3.56333334 17.50000000
v 0.30904781 -3.53243261 17.50000000
v 0.61272081 -3.47491240 17.50000000
v 0.90874243 -3.39147290 17.50000000
v 1.19491704 -3.28300759 17.50000000
v 1.46914630 -3.15059441 17.50000000
v 1.72944445 -2.99548565 17.50000000
v 1.97395269 -2.81909659 17.50000000
v 2.20095239 -2.62299292 17.50000000
v 2.40887710 -2.40887710 17.50000000
v 2.59632322 -2.17857386 17.50000000
v 2.76205934 -1.93401477 17.50000000
v 2.90503411 -1.67722222 17.50000000
v 3.02438265 -1.41029279 17.50000000
v 3.11943147 -1.13538020 17.50000000
v 3.18970173 -0.85467800 17.50000000
v 3.23491110 -0.57040211 17.50000000
v 3.25497394 -0.28477332 17.50000000
v 7.00000000 0.00000000 17.50000000
v 6.66341997 0.58297371 17.50000000
v 6.35322614 1.12024518 17.50000000
v 6.06217783 1.62435565 17.50000000
v 5.78446276 2.10537226 17.50000000
v 5.51518592 2.57177343 17.50000000
v 5.25000000 3.03108891 17.50000000
v 4.98481408 3.49040440 17.50000000
v 4.71553724 3.95680556 17.50000000
v 4.43782217 4.43782217 17.50000000
v 4.14677386 4.94193264 17.50000000
v 3.83658003 5.47920412 17.50000000
v 3.50000000 6.06217783 17.50000000
v 2.82683995 6.06217783 17.50000000
v 2.20645228 6.06217783 17.50000000
v 1.62435565 6.06217783 17.50000000
v 1.06892551 6.06217783 17.50000000
v 0.53037184 6.06217783 17.50000000
v 0.00000000 6.06217783 17.50000000
v -0.53037184 6.06217783 17.50000000
v -1.06892551 6.06217783 17.50000000
v -1.62435565 6.06217783 17.50000000
v -2.20645228 6.06217783 17.50000000
v -2.82683995 6.06217783 17.50000000
v -3.50000000 6.06217783 17.50000000
v -3.83658003 5.47920412 17.50000000
v -4.14677386 4.94193264 17.50000000
v -4.43782217 4.43782217 17.50000000
v -4.71553724 3.95680556 17.50000000
v -4.98481408 3.49040440 17.50000000
v -5.25000000 3.03108891 17.50000000
v -5.51518592 2.57177343 17.50000000
v -5.78446276 2.10537226 17.50000000
v -6.06217783 1.62435565 17.50000000
v -6.35322614 1.12024518 17.50000000
v -6.66341997 0.58297371 17.50000000
v -7.00000000 0.00000000 17.50000000
v -6.66341997 -0.58297371 17.50000000
v -6.35322614 -1.12024518 17.50000000
v -6.06217783 -1.62435565 17.50000000
v -5.78446276 -2.10537226 17.50000000
v -5.51518592 -2.57177343 17.50000000
v -5.25000000 -3.03108891 17.50000000
v -4.98481408 -3.49040440 17.50000000
v -4.71553724 -3.95680556 17.50000000
v -4.43782217 -4.43782217 17.50000000
v -4.14677386 -4.94193264 17.50000000
v -3.83658003 -5.47920412 17.50000000
v -3.50000000 -6.06217783 17.50000000
v -2.82683995 -6.06217783 17.50000000
v -2.20645228 -6.06217783 17.50000000
v -1.62435565 -6.06217783 17.50000000
v -1.06892551 -6.06217783 17.50000000
v -0.53037184 -6.06217783 17.50000000
v -0.00000000 -6.06217783 17.50000000
v 0.53037184 -6.06217783 17.50000000
v 1.06892551 -6.06217783 17.50000000
v 1.62435565 -6.06217783 17.50000000
v 2.20645228 -6.06217783 17.50000000
v 2.82683995 -6.06217783 17.50000000
v 3.50000000 -6.06217783 17.50000000
v 3.83658003 -5.47920412 17.50000000
v 4.14677386 -4.94193264 17.50000000
v 4.43782217 -4.43782217 17.50000000
v 4.71553724 -3.95680556 17.50000000
v 4.98481408 -3.49040440 17.50000000
v 5.25000000 -3.03108891 17.50000000
v 5.51518592 -2.57177343 17.50000000
v 5.78446276 -2.10537226 17.50000000
v 6.06217783 -1.62435565 17.50000000
v 6.35322614 -1.12024518 17.50000000
v 6.66341997 -0.58297371 17.50000000
v 3.25000000 0.00000000 17.50000000
v 3.25497394 0.28477332 17.50000000
v 3.23491110 0.57040211 17.50000000
v 3.18970173 0.85467800 17.50000000
v 3.11943147 1.13538020 17.50000000
v 3.02438265 1.41029279 17.50000000
v 2.90503411 1.67722222 17.50000000
v 2.76205934 1.93401477 17.50000000
v 2.59632322 2.17857386 17.50000000
v 2.40887710 2.40887710 17.50000000
v 2.20095239 2.62299292 17.50000000
v 1.97395269 2.81909659 17.50000000
v 1.72944445 2.99548565 17.50000000
v 1.46914630 3.15059441 17.50000000
v 1.19491704 3.28300759 17.50000000
v 0.90874243 3.39147290 17.50000000
v 0.61272081 3.47491240 17.50000000
v 0.30904781 3.53243261 17.50000000
v 0.00000000 3.56333334 17.50000000
v -0.31208212 3.56711494 17.50000000
v -0.62481187 3.54348420 17.50000000
v -0.93577464 3.49235849 17.50000000
v -1.24254651 3.41386849 17.50000000
v -1.54271318 3.30835910 17.50000000
v -1.83388889 3.17638873 17.50000000
v -2.11373539 3.01872698 17.50000000
v -2.37998065 2.83635048 17.50000000
v -2.63043723 2.63043723 17.50000000
v -2.86302018 2.40235918 17.50000000
v -3.07576424 2.15367330 17.50000000
v -3.26684028 1.88611111 17.50000000
v -3.43457085 1.60156669 17.50000000
v -3.57744462 1.30208336 17.50000000
v -3.69412967 0.98983906 17.50000000
v -3.78348550 0.66713057 17.50000000
v -3.84457362 0.33635661 17.50000000
v -3.87666667 0.00000000 17.50000000
v -3.84457362 -0.33635661 17.50000000
v -3.78348550 -0.66713057 17.50000000
v -3.69412967 -0.98983906 17.50000000
v -3.57744462 -1.30208336 17.50000000
v -3.43457085 -1.60156669 17.50000000
v -3.26684028 -1.88611111 17.50000000
v -3.07576424 -2.15367330 17.50000000
v -2.86302018 -2.40235918 17.50000000
v -2.63043723 -2.63043723 17.50000000
v -2.37998065 -2.83635048 17.50000000
v -2.11373539 -3.01872698 17.50000000
v -1.83388889 -3.17638873 17.50000000
v -1.54271318 -3.30835910 17.50000000
v -1.24254651 -3.41386849 17.50000000
v -0.93577464 -3.49235849 17.50000000
v -0.62481187 -3.54348420 17.50000000
v -0.31208212 -3.56711494 17.50000000
v -0.00000000 -3.56333334 17.50000000
v 0.30904781 -3.53243261 17.50000000
v 0.61272081 -3.47491240 17.50000000
v 0.90874243 -3.39147290 17.50000000
v 1.19491704 -3.28300759 17.50000000
v 1.46914630 -3.15059441 17.50000000
v 1.72944445 -2.99548565 17.50000000
v 1.97395269 -2.81909659 17.50000000
v 2.20095239 -2.62299292 17.50000000
v 2.40887710 -2.40887710 17.50000000
v 2.59632322 -2.17857386 17.50000000
v 2.76205934 -1.93401477 17.50000000
v 2.90503411 -1.67722222 17.50000000
v 3.02438265 -1.41029279 17.50000000
v 3.11943147 -1.13538020 17.50000000
v 3.18970173 -0.85467800 17.50000000
v 3.23491110 -0.57040211 17.50000000
v 3.25497394 -0.28477332 17.50000000
f 1 2 146
f 1 146 145
f 2 3 147
f 2 147 146
f 3 4 148
f 3 148 147
f 4 5 149
f 4 149 148
f 5 6 150
f 5 150 149
f 6 7 151
f 6 151 150
f 7 8 152
f 7 152 151
f 8 9 153
f 8 153 152
f 9 10 154
f 9 154 153
f 10 11 155
f 10 155 154
f 11 12 156
f 11 156 155
f 12 13 157
f 12 157 156
f 13 14 158
f 13 158 157
f 14 15 159
f 14 159 158
f 15 16 160
f 15 160 159
f 16 17 161
f 16 161 160
f 17 18 162
f 17 162 161
f 18 19 163
f 18 163 162
f 19 20 164
f 19 164 163
f 20 21 165
f 20 165 164
f 21 22 166
f 21 166 165
f 22 23 167
f 22 167 166
f 23 24 168
f 23 168 167
f 24 25 169
f 24 169 168
f 25 26 170
f 25 170 169
f 26 27 171
f 26 171 170
f 27 28 172
f 27 172 171
f 28 29 173
f 28 173 172
f 29 30 174
f 29 174 173
f 30 31 175
f 30 175 174
f 31 32 176
f 31 176 175
f 32 33 177
f 32 177 176
f 33 34 178
f 33 178 177
f 34 35 179
f 34 179 178
f 35 36 180
f 35 180 179
f 36 37 181
f 36 181 180
f 37 38 182
f 37 182 181
f 38 39 183
f 38 183 182
f 39 40 184
f 39 184 183
f 40 41 185
f 40 185 184
f 41 42 186
f 41 186 185
f 42 43 187
f 42 187 186
f 43 44 188
f 43 188 187
f 44 45 189
f 44 189 188
f 45 46 190
f 45 190 189
f 46 47 191
f 46 191 190
f 47 48 192
f 47 192 191
f 48 49 193
f 48 193 192
f 49 50 194
f 49 194 193
f 50 51 195
f 50 195 194
f 51 52 196
f 51 196 195
f 52 53 197
f 52 197 196
f 53 54 198
f 53 198 197
f 54 55 199
f 54 199 198
f 55 56 200
f 55 200 199
f 56 57 201
f 56 201 200
f 57 58 202
f 57 202 201
f 58 59 203
f 58 203 202
f 59 60 204
f 59 204 203
f 60 61 205
f 60 205 204
f 61 62 206
f 61 206 205
f 62 63 207
f 62 207 206
f 63 64 208
f 63 208 207
f 64 65 209
f 64 209 208
f 65 66 210
f 65 210 209
f 66 67 211
f 66 211 210
f 67 68 212
f 67 212 211
f 68 69 213
f 68 213 212
f 69 70 214
f 69 214 213
f 70 71 215
f 70 215 214
f 71 72 216
f 71 216 215
f 72 1 145
f 72 145 216
f 145 146 290
f 145 290 289
f 146 147 291
f 146 291 290
f 147 148 292
f 147 292 291
f 148 149 293
f 148 293 292
f 149 150 294
f 149 294 293
f 150 151 295
f 150 295 294
f 151 152 296
f 151 296 295
f 152 153 297
f 152 297 296
f 153 154 298
f 153 298 297
f 154 155 299
f 154 299 298
f 155 156 300
f 155 300 299
f 156 157 301
f 156 301 300
f 157 158 302
f 157 302 301
f 158 159 303
f 158 303 302
f 159 160 304
f 159 304 303
f 160 161 305
f 160 305 304
f 161 162 306
f 161 306 305
f 162 163 307
f 162 307 306
f 163 164 308
f 163 308 307
f 164 165 309
f 164 309 308
f 165 166 310
f 165 310 309
f 166 167 311
f 166 311 310
f 167 168 312
f 167 312 311
f 168 169 313
f 168 313 312
f 169 170 314
f 169 314 313
f 170 171 315
f 170 315 314
f 171 172 316
f 171 316 315
f 172 173 317
f 172 317 316
f 173 174 318
f 173 318 317
f 174 175 319
f 174 319 318
f 175 176 320
f 175 320 319
f 176 177 321
f 176 321 320
f 177 178 322
f 177 322 321
f 178 179 323
f 178 323 322
f 179 180 324
f 179 324 323
f 180 181 325
f 180 325 324
f 181 182 326
f 181 326 325
f 182 183 327
f 182 327 326
f 183 184 328
f 183 328 327
f 184 185 329
f 184 329 328
f 185 186 330
f 185 330 329
f 186 187 331
f 186 331 330
f 187 188 332
f 187 332 331
f 188 189 333
f 188 333 332
f 189 190 334
f 189 334 333
f 190 191 335
f 190 335 334
f 191 192 336
f 191 336 335
f 192 193 337
f 192 337 336
f 193 194 338
f 193 338 337
f 194 195 339
f 194 339 338
f 195 196 340
f 195 340 339
f 196 197 341
f 196 341 340
f 197 198 342
f 197 342 341
f 198 199 343
f 198 343 342
f 199 200 344
f 199 344 343
f 200 201 345
f 200 345 344
f 201 202 346
f 201 346 345
f 202 203 347
f 202 347 346
f 203 204 348
f 203 348 347
f 204 205 349
f 204 349 348
f 205 206 350
f 205 350 349
f 206 207 351
f 206 351 350
f 207 208 352
f 207 352 351
f 208 209 353
f 208 353 352
f 209 210 354
f 209 354 353
f 210 211 355
f 210 355 354
f 211 212 356
f 211 356 355
f 212 213 357
f 212 357 356
f 213 214 358
f 213 358 357
f 214 215 359
f 214 359 358
f 215 216 360
f 215 360 359
f 216 145 289
f 216 289 360
f 289 290 434
f 289 434 433
f 290 291 435
f 290 435 434
f 291 292 436
f 291 436 435
f 292 293 437
f 292 437 436
f 293 294 438
f 293 438 437
f 294 295 439
f 294 439 438
f 295 296 440
f 295 440 439
f 296 297 441
f 296 441 440
f 297 298 442
f 297 442 441
f 298 299 443
f 298 443 442
f 299 300 444
f 299 444 443
f 300 301 445
f 300 445 444
f 301 302 446
f 301 446 445
f 302 303 447
f 302 447 446
f 303 304 448
f 303 448 447
f 304 305 449
f 304 449 448
f 305 306 450
f 305 450 449
f 306 307 451
f 306 451 450
f 307 308 452
f 307 452 451
f 308 309 453
f 308 453 452
f 309 310 454
f 309 454 453
f 310 311 455
f 310 455 454
f 311 312 456
f 311 456 455
f 312 313 457
f 312 457 456
f 313 314 458
f 313 458 457
f 314 315 459
f 314 459 458
f 315 316 460
f 315 460 459
f 316 317 461
f 316 461 460
f 317 318 462
f 317 462 461
f 318 319 463
f 318 463 462
f 319 320 464
f 319 464 463
f 320 321 465
f 320 465 464
f 321 322 466
f 321 466 465
f 322 323 467
f 322 467 466
f 323 324 468
f 323 468 467
f 324 325 469
f 324 469 468
f 325 326 470
f 325 470 469
f 326 327 471
f 326 471 470
f 327 328 472
f 327 472 471
f 328 329 473
f 328 473 472
f 329 330 474
f 329 474 473
f 330 331 475
f 330 475 474
f 331 332 476
f 331 476 475
f 332 333 477
f 332 477 476
f 333 334 478
f 333 478 477
f 334 335 479
f 334 479 478
f 335 336 480
f 335 480 479
f 336 337 481
f 336 481 480
f 337 338 482
f 337 482 481
f 338 339 483
f 338 483 482
f 339 340 484
f 339 484 483
f 340 341 485
f 340 485 484
f 341 342 486
f 341 486 485
f 342 343 487
f 342 487 486
f 343 344 488
f 343 488 487
f 344 345 489
f 344 489 488
f 345 346 490
f 345 490 489
f 346 347 491
f 346 491 490
f 347 348 492
f 347 492 491
f 348 349 493
f 348 493 492
f 349 350 494
f 349 494 493
f 350 351 495
f 350 495 494
f 351 352 496
f 351 496 495
f 352 353 497
f 352 497 496
f 353 354 498
f 353 498 497
f 354 355 499
f 354 499 498
f 355 356 500
f 355 500 499
f 356 357 501
f 356 501 500
f 357 358 502
f 357 502 501
f 358 359 503
f 358 503 502
f 359 360 504
f 359 504 503
f 360 289 433
f 360 433 504
f 433 434 578
f 433 578 577
f 434 435 579
f 434 579 578
f 435 436 580
f 435 580 579
f 436 437 581
f 436 581 580
f 437 438 582
f 437 582 581
f 438 439 583
f 438 583 582
f 439 440 584
f 439 584 583
f 440 441 585
f 440 585 584
f 441 442 586
f 441 586 585
f 442 443 587
f 442 587 586
f 443 444 588
f 443 588 587
f 444 445 589
f 444 589 588
f 445 446 590
f 445 590 589
f 446 447 591
f 446 591 590
f 447 448 592
f 447 592 591
f 448 449 593
f 448 593 592
f 449 450 594
f 449 594 593
f 450 451 595
f 450 595 594
f 451 452 596
f 451 596 595
f 452 453 597
f 452 597 596
f 453 454 598
f 453 598 597
f 454 455 599
f 454 599 598
f 455 456 600
f 455 600 599
f 456 457 601
f 456 601 600
f 457 458 602
f 457 602 601
f 458 459 603
f 458 603 602
f 459 460 604
f 459 604 603
f 460 461 605
f 460 605 604
f 461 462 606
f 461 606 605
f 462 463 607
f 462 607 606
f 463 464 608
f 463 608 607
f 464 465 609
f 464 609 608
f 465 466 610
f 465 610 609
f 466 467 611
f 466 611 610
f 467 468 612
f 467 612 611
f 468 469 613
f 468 613 612
f 469 470 614
f 469 614 613
f 470 471 615
f 470 615 614
f 471 472 616
f 471 616 615
f 472 473 617
f 472 617 616
f 473 474 618
f 473 618 617
f 474 475 619
f 474 619 618
f 475 476 620
f 475 620 619
f 476 477 621
f 476 621 620
f 477 478 622
f 477 622 621
f 478 479 623
f 478 623 622
f 479 480 624
f 479 624 623
f 480 481 625
f 480 625 624
f 481 482 626
f 481 626 625
f 482 483 627
f 482 627 626
f 483 484 628
f 483 628 627
f 484 485 629
f 484 629 628
f 485 486 630
f 485 630 629
f 486 487 631
f 486 631 630
f 487 488 632
f 487 632 631
f 488 489 633
f 488 633 632
f 489 490 634
f 489 634 633
f 490 491 635
f 490 635 634
f 491 492 636
f 491 636 635
f 492 493 637
f 492 637 636
f 493 494 638
f 493 638 637
f 494 495 639
f 494 639 638
f 495 496 640
f 495 640 639
f 496 497 641
f 496 641 640
f 497 498 642
f 497 642 641
f 498 499 643
f 498 643 642
f 499 500 644
f 499 644 643
f 500 501 645
f 500 645 644
f 501 502 646
f 501 646 645
f 502 503 647
f 502 647 646
f 503 504 648
f 503 648 647
f 504 433 577
f 504 577 648
f 577 578 722
f 577 722 721
f 578 579 723
f 578 723 722
f 579 580 724
f 579 724 723
f 580 581 725
f 580 725 724
f 581 582 726
f 581 726 725
f 582 583 727
f 582 727 726
f 583 584 728
f 583 728 727
f 584 585 729
f 584 729 728
f 585 586 730
f 585 730 729
f 586 587 731
f 586 731 730
f 587 588 732
f 587 732 731
f 588 589 733
f 588 733 732
f 589 590 734
f 589 734 733
f 590 591 735
f 590 735 734
f 591 592 736
f 591 736 735
f 592 593 737
f 592 737 736
f 593 594 738
f 593 738 737
f 594 595 739
f 594 739 738
f 595 596 740
f 595 740 739
f 596 597 741
f 596 741 740
f 597 598 742
f 597 742 741
f 598 599 743
f 598 743 742
f 599 600 744
f 599 744 743
f 600 601 745
f 600 745 744
f 601 602 746
f 601 746 745
f 602 603 747
f 602 747 746
f 603 604 748
f 603 748 747
f 604 605 749
f 604 749 748
f 605 606 750
f 605 750 749
f 606 607 751
f 606 751 750
f 607 608 752
f 607 752 751
f 608 609 753
f 608 753 752
f 609 610 754
f 609 754 753
f 610 611 755
f 610 755 754
f 611 612 756
f 611 756 755
f 612 613 757
f 612 757 756
f 613 614 758
f 613 758 757
f 614 615 759
f 614 759 758
f 615 616 760
f 615 760 759
f 616 617 761
f 616 761 760
f 617 618 762
f 617 762 761
f 618 619 763
f 618 763 762
f 619 620 764
f 619 764 763
f 620 621 765
f 620 765 764
f 621 622 766
f 621 766 765
f 622 623 767
f 622 767 766
f 623 624 768
f 623 768 767
f 624 625 769
f 624 769 768
f 625 626 770
f 625 770 769
f 626 627 771
f 626 771 770
f 627 628 772
f 627 772 771
f 628 629 773
f 628 773 772
f 629 630 774
f 629 774 773
f 630 631 775
f 630 775 774
f 631 632 776
f 631 776 775
f 632 633 777
f 632 777 776
f 633 634 778
f 633 778 777
f 634 635 779
f 634 779 778
f 635 636 780
f 635 780 779
f 636 637 781
f 636 781 780
f 637 638 782
f 637 782 781
f 638 639 783
f 638 783 782
f 639 640 784
f 639 784 783
f 640 641 785
f 640 785 784
f 641 642 786
f 641 786 785
f 642 643 787
f 642 787 786
f 643 644 788
f 643 788 787
f 644 645 789
f 644 789 788
f 645 646 790
f 645 790 789
f 646 647 791
f 646 791 790
f 647 648 792
f 647 792 791
f 648 577 721
f 648 721 792
f 721 722 866
f 721 866 865
f 722 723 867
f 722 867 866
f 723 724 868
f 723 868 867
f 724 725 869
f 724 869 868
f 725 726 870
f 725 870 869
f 726 727 871
f 726 871 870
f 727 728 872
f 727 872 871
f 728 729 873
f 728 873 872
f 729 730 874
f 729 874 873
f 730 731 875
f 730 875 874
f 731 732 876
f 731 876 875
f 732 733 877
f 732 877 876
f 733 734 878
f 733 878 877
f 734 735 879
f 734 879 878
f 735 736 880
f 735 880 879
f 736 737 881
f 736 881 880
f 737 738 882
f 737 882 881
f 738 739 883
f 738 883 882
f 739 740 884
f 739 884 883
f 740 741 885
f 740 885 884
f 741 742 886
f 741 886 885
f 742 743 887
f 742 887 886
f 743 744 888
f 743 888 887
f 744 745 889
f 744 889 888
f 745 746 890
f 745 890 889
f 746 747 891
f 746 891 890
f 747 748 892
f 747 892 891
f 748 749 893
f 748 893 892
f 749 750 894
f 749 894 893
f 750 751 895
f 750 895 894
f 751 752 896
f 751 896 895
f 752 753 897
f 752 897 896
f 753 754 898
f 753 898 897
f 754 755 899
f 754 899 898
f 755 756 900
f 755 900 899
f 756 757 901
f 756 901 900
f 757 758 902
f 757 902 901
f 758 759 903
f 758 903 902
f 759 760 904
f 759 904 903
f 760 761 905
f 760 905 904
f 761 762 906
f 761 906 905
f 762 763 907
f 762 907 906
f 763 764 908
f 763 908 907
f 764 765 909
f 764 909 908
f 765 766 910
f 765 910 909
f 766 767 911
f 766 911 910
f 767 768 912
f 767 912 911
f 768 769 913
f 768 913 912
f 769 770 914
f 769 914 913
f 770 771 915
f 770 915 914
f 771 772 916
f 771 916 915
f 772 773 917
f 772 917 916
f 773 774 918
f 773 918 917
f 774 775 919
f 774 919 918
f 775 776 920
f 775 920 919
f 776 777 921
f 776 921 920
f 777 778 922
f 777 922 921
f 778 779 923
f 778 923 922
f 779 780 924
f 779 924 923
f 780 781 925
f 780 925 924
f 781 782 926
f 781 926 925
f 782 783 927
f 782 927 926
f 783 784 928
f 783 928 927
f 784 785 929
f 784 929 928
f 785 786 930
f 785 930 929
f 786 787 931
f 786 931 930
f 787 788 932
f 787 932 931
f 788 789 933
f 788 933 932
f 789 790 934
f 789 934 933
f 790 791 935
f 790 935 934
f 791 792 936
f 791 936 935
f 792 721 865
f 792 865 936
f 865 866 1010
f 865 1010 1009
f 866 867 1011
f 866 1011 1010
f 867 868 1012
f 867 1012 1011
f 868 869 1013
f 868 1013 1012
f 869 870 1014
f 869 1014 1013
f 870 871 1015
f 870 1015 1014
f 871 872 1016
f 871 1016 1015
f 872 873 1017
f 872 1017 1016
f 873 874 1018
f 873 1018 1017
f 874 875 1019
f 874 1019 1018
f 875 876 1020
f 875 1020 1019
f 876 877 1021
f 876 1021 1020
f 877 878 1022
f 877 1022 1021
f 878 879 1023
f 878 1023 1022
f 879 880 1024
f 879 1024 1023
f 880 881 1025
f 880 1025 1024
f 881 882 1026
f 881 1026 1025
f 882 883 1027
f 882 1027 1026
f 883 884 1028
f 883 1028 1027
f 884 885 1029
f 884 1029 1028
f 885 886 1030
f 885 1030 1029
f 886 887 1031
f 886 1031 1030
f 887 888 1032
f 887 1032 1031
f 888 889 1033
f 888 1033 1032
f 889 890 1034
f 889 1034 1033
f 890 891 1035
f 890 1035 1034
f 891 892 1036
f 891 1036 1035
f 892 893 1037
f 892 1037 1036
f 893 894 1038
f 893 1038 1037
f 894 895 1039
f 894 1039 1038
f 895 896 1040
f 895 1040 1039
f 896 897 1041
f 896 1041 1040
f 897 898 1042
f 897 1042 1041
f 898 899 1043
f 898 1043 1042
f 899 900 1044
f 899 1044 1043
f 900 901 1045
f 900 1045 1044
f 901 902 1046
f 901 1046 1045
f 902 903 1047
f 902 1047 1046
f 903 904 1048
f 903 1048 1047
f 904 905 1049
f 904 1049 1048
f 905 906 1050
f 905 1050 1049
f 906 907 1051
f 906 1051 1050
f 907 908 1052
f 907 1052 1051
f 908 909 1053
f 908 1053 1052
f 909 910 1054
f 909 1054 1053
f 910 911 1055
f 910 1055 1054
f 911 912 1056
f 911 1056 1055
f 912 913 1057
f 912 1057 1056
f 913 914 1058
f 913 1058 1057
f 914 915 1059
f 914 1059 1058
f 915 916 1060
f 915 1060 1059
f 916 917 1061
f 916 1061 1060
f 917 918 1062
f 917 1062 1061
f 918 919 1063
f 918 1063 1062
f 919 920 1064
f 919 1064 1063
f 920 921 1065
f 920 1065 1064
f 921 922 1066
f 921 1066 1065
f 922 923 1067
f 922 1067 1066
f 923 924 1068
f 923 1068 1067
f 924 925 1069
f 924 1069 1068
f 925 926 1070
f 925 1070 1069
f 926 927 1071
f 926 1071 1070
f 927 928 1072
f 927 1072 1071
f 928 929 1073
f 928 1073 1072
f 929 930 1074
f 929 1074 1073
f 930 931 1075
f 930 1075 1074
f 931 932 1076
f 931 1076 1075
f 932 933 1077
f 932 1077 1076
f 933 934 1078
f 933 1078 1077
f 934 935 1079
f 934 1079 1078
f 935 936 1080
f 935 1080 1079
f 936 865 1009
f 936 1009 1080
f 1009 1010 1154
f 1009 1154 1153
f 1010 1011 1155
f 1010 1155 1154
f 1011 1012 1156
f 1011 1156 1155
f 1012 1013 1157
f 1012 1157 1156
f 1013 1014 1158
f 1013 1158 1157
f 1014 1015 1159
f 1014 1159 1158
f 1015 1016 1160
f 1015 1160 1159
f 1016 1017 1161
f 1016 1161 1160
f 1017 1018 1162
f 1017 1162 1161
f 1018 1019 1163
f 1018 1163 1162
f 1019 1020 1164
f 1019 1164 1163
f 1020 1021 1165
f 1020 1165 1164
f 1021 1022 1166
f 1021 1166 1165
f 1022 1023 1167
f 1022 1167 1166
f 1023 1024 1168
f 1023 1168 1167
f 1024 1025 1169
f 1024 1169 1168
f 1025 1026 1170
f 1025 1170 1169
f 1026 1027 1171
f 1026 1171 1170
f 1027 1028 1172
f 1027 1172 1171
f 1028 1029 1173
f 1028 1173 1172
f 1029 1030 1174
f 1029 1174 1173
f 1030 1031 1175
f 1030 1175 1174
f 1031 1032 1176
f 1031 1176 1175
f 1032 1033 1177
f 1032 1177 1176
f 1033 1034 1178
f 1033 1178 1177
f 1034 1035 1179
f 1034 1179 1178
f 1035 1036 1180
f 1035 1180 1179
f 1036 1037 1181
f 1036 1181 1180
f 1037 1038 1182
f 1037 1182 1181
f 1038 1039 1183
f 1038 1183 1182
f 1039 1040 1184
f 1039 1184 1183
f 1040 1041 1185
f 1040 1185 1184
f 1041 1042 1186
f 1041 1186 1185
f 1042 1043 1187
f 1042 1187 1186
f 1043 1044 1188
f 1043 1188 1187
f 1044 1045 1189
f 1044 1189 1188
f 1045 1046 1190
f 1045 1190 1189
f 1046 1047 1191
f 1046 1191 1190
f 1047 1048 1192
f 1047 1192 1191
f 1048 1049 1193
f 1048 1193 1192
f 1049 1050 1194
f 1049 1194 1193
f 1050 1051 1195
f 1050 1195 1194
f 1051 1052 1196
f 1051 1196 1195
f 1052 1053 1197
f 1052 1197 1196
f 1053 1054 1198
f 1053 1198 1197
f 1054 1055 1199
f 1054 1199 1198
f 1055 1056 1200
f 1055 1200 1199
f 1056 1057 1201
f 1056 1201 1200
f 1057 1058 1202
f 1057 1202 1201
f 1058 1059 1203
f 1058 1203 1202
f 1059 1060 1204
f 1059 1204 1203
f 1060 1061 1205
f 1060 1205 1204
f 1061 1062 1206
f 1061 1206 1205
f 1062 1063 1207
f 1062 1207 1206
f 1063 1064 1208
f 1063 1208 1207
f 1064 1065 1209
f 1064 1209 1208
f 1065 1066 1210
f 1065 1210 1209
f 1066 1067 1211
f 1066 1211 1210
f 1067 1068 1212
f 1067 1212 1211
f 1068 1069 1213
f 1068 1213 1212
f 1069 1070 1214
f 1069 1214 1213
f 1070 1071 1215
f 1070 1215 1214
f 1071 1072 1216
f 1071 1216 1215
f 1072 1073 1217
f 1072 1217 1216
f 1073 1074 1218
f 1073 1218 1217
f 1074 1075 1219
f 1074 1219 1218
f 1075 1076 1220
f 1075 1220 1219
f 1076 1077 1221
f 1076 1221 1220
f 1077 1078 1222
f 1077 1222 1221
f 1078 1079 1223
f 1078 1223 1222
f 1079 1080 1224
f 1079 1224 1223
f 1080 1009 1153
f 1080 1153 1224
f 1153 1154 1298
f 1153 1298 1297
f 1154 1155 1299
f 1154 1299 1298
f 1155 1156 1300
f 1155 1300 1299
f 1156 1157 1301
f 1156 1301 1300
f 1157 1158 1302
f 1157 1302 1301
f 1158 1159 1303
f 1158 1303 1302
f 1159 1160 1304
f 1159 1304 1303
f 1160 1161 1305
f 1160 1305 1304
f 1161 1162 1306
f 1161 1306 1305
f 1162 1163 1307
f 1162 1307 1306
f 1163 1164 1308
f 1163 1308 1307
f 1164 1165 1309
f 1164 1309 1308
f 1165 1166 1310
f 1165 1310 1309
f 1166 1167 1311
f 1166 1311 1310
f 1167 1168 1312
f 1167 1312 1311
f 1168 1169 1313
f 1168 1313 1312
f 1169 1170 1314
f 1169 1314 1313
f 1170 1171 1315
f 1170 1315 1314
f 1171 1172 1316
f 1171 1316 1315
f 1172 1173 1317
f 1172 1317 1316
f 1173 1174 1318
f 1173 1318 1317
f 1174 1175 1319
f 1174 1319 1318
f 1175 1176 1320
f 1175 1320 1319
f 1176 1177 1321
f 1176 1321 1320
f 1177 1178 1322
f 1177 1322 1321
f 1178 1179 1323
f 1178 1323 1322
f 1179 1180 1324
f 1179 1324 1323
f 1180 1181 1325
f 1180 1325 1324
f 1181 1182 1326
f 1181 1326 1325
f 1182 1183 1327
f 1182 1327 1326
f 1183 1184 1328
f 1183 1328 1327
f 1184 1185 1329
f 1184 1329 1328
f 1185 1186 1330
f 1185 1330 1329
f 1186 1187 1331
f 1186 1331 1330
f 1187 1188 1332
f 1187 1332 1331
f 1188 1189 1333
f 1188 1333 1332
f 1189 1190 1334
f 1189 1334 1333
f 1190 1191 1335
f 1190 1335 1334
f 1191 1192 1336
f 1191 1336 1335
f 1192 1193 1337
f 1192 1337 1336
f 1193 1194 1338
f 1193 1338 1337
f 1194 1195 1339
f 1194 1339 1338
f 1195 1196 1340
f 1195 1340 1339
f 1196 1197 1341
f 1196 1341 1340
f 1197 1198 1342
f 1197 1342 1341
f 1198 1199 1343
f 1198 1343 1342
f 1199 1200 1344
f 1199 1344 1343
f 1200 1201 1345
f 1200 1345 1344
f 1201 1202 1346
f 1201 1346 1345
f 1202 1203 1347
f 1202 1347 1346
f 1203 1204 1348
f 1203 1348 1347
f 1204 1205 1349
f 1204 1349 1348
f 1205 1206 1350
f 1205 1350 1349
f 1206 1207 1351
f 1206 1351 1350
f 1207 1208 1352
f 1207 1352 1351
f 1208 1209 1353
f 1208 1353 1352
f 1209 1210 1354
f 1209 1354 1353
f 1210 1211 1355
f 1210 1355 1354
f 1211 1212 1356
f 1211 1356 1355
f 1212 1213 1357
f 1212 1357 1356
f 1213 1214 1358
f 1213 1358 1357
f 1214 1215 1359
f 1214 1359 1358
f 1215 1216 1360
f 1215 1360 1359
f 1216 1217 1361
f 1216 1361 1360
f 1217 1218 1362
f 1217 1362 1361
f 1218 1219 1363
f 1218 1363 1362
f 1219 1220 1364
f 1219 1364 1363
f 1220 1221 1365
f 1220 1365 1364
f 1221 1222 1366
f 1221 1366 1365
f 1222 1223 1367
f 1222 1367 1366
f 1223 1224 1368
f 1223 1368 1367
f 1224 1153 1297
f 1224 1297 1368
f 1297 1298 1442
f 1297 1442 1441
f 1298 1299 1443
f 1298 1443 1442
f 1299 1300 1444
f 1299 1444 1443
f 1300 1301 1445
f 1300 1445 1444
f 1301 1302 1446
f 1301 1446 1445
f 1302 1303 1447
f 1302 1447 1446
f 1303 1304 1448
f 1303 1448 1447
f 1304 1305 1449
f 1304 1449 1448
f 1305 1306 1450
f 1305 1450 1449
f 1306 1307 1451
f 1306 1451 1450
f 1307 1308 1452
f 1307 1452 1451
f 1308 1309 1453
f 1308 1453 1452
f 1309 1310 1454
f 1309 1454 1453
f 1310 1311 1455
f 1310 1455 1454
f 1311 1312 1456
f 1311 1456 1455
f 1312 1313 1457
f 1312 1457 1456
f 1313 1314 1458
f 1313 1458 1457
f 1314 1315 1459
f 1314 1459 1458
f 1315 1316 1460
f 1315 1460 1459
f 1316 1317 1461
f 1316 1461 1460
f 1317 1318 1462
f 1317 1462 1461
f 1318 1319 1463
f 1318 1463 1462
f 1319 1320 1464
f 1319 1464 1463
f 1320 1321 1465
f 1320 1465 1464
f 1321 1322 1466
f 1321 1466 1465
f 1322 1323 1467
f 1322 1467 1466
f 1323 1324 1468
f 1323 1468 1467
f 1324 1325 1469
f 1324 1469 1468
f 1325 1326 1470
f 1325 1470 1469
f 1326 1327 1471
f 1326 1471 1470
f 1327 1328 1472
f 1327 1472 1471
f 1328 1329 1473
f 1328 1473 1472
f 1329 1330 1474
f 1329 1474 1473
f 1330 1331 1475
f 1330 1475 1474
f 1331 1332 1476
f 1331 1476 1475
f 1332 1333 1477
f 1332 1477 1476
f 1333 1334 1478
f 1333 1478 1477
f 1334 1335 1479
f 1334 1479 1478
f 1335 1336 1480
f 1335 1480 1479
f 1336 1337 1481
f 1336 1481 1480
f 1337 1338 1482
f 1337 1482 1481
f 1338 1339 1483
f 1338 1483 1482
f 1339 1340 1484
f 1339 1484 1483
f 1340 1341 1485
f 1340 1485 1484
f 1341 1342 1486
f 1341 1486 1485
f 1342 1343 1487
f 1342 1487 1486
f 1343 1344 1488
f 1343 1488 1487
f 1344 1345 1489
f 1344 1489 1488
f 1345 1346 1490
f 1345 1490 1489
f 1346 1347 1491
f 1346 1491 1490
f 1347 1348 1492
f 1347 1492 1491
f 1348 1349 1493
f 1348 1493 1492
f 1349 1350 1494
f 1349 1494 1493
f 1350 1351 1495
f 1350 1495 1494
f 1351 1352 1496
f 1351 1496 1495
f 1352 1353 1497
f 1352 1497 1496
f 1353 1354 1498
f 1353 1498 1497
f 1354 1355 1499
f 1354 1499 1498
f 1355 1356 1500
f 1355 1500 1499
f 1356 1357 1501
f 1356 1501 1500
f 1357 1358 1502
f 1357 1502 1501
f 1358 1359 1503
f 1358 1503 1502
f 1359 1360 1504
f 1359 1504 1503
f 1360 1361 1505
f 1360 1505 1504
f 1361 1362 1506
f 1361 1506 1505
f 1362 1363 1507
f 1362 1507 1506
f 1363 1364 1508
f 1363 1508 1507
f 1364 1365 1509
f 1364 1509 1508
f 1365 1366 1510
f 1365 1510 1509
f 1366 1367 1511
f 1366 1511 1510
f 1367 1368 1512
f 1367 1512 1511
f 1368 1297 1441
f 1368 1441 1512
f 1441 1442 1586
f 1441 1586 1585
f 1442 1443 1587
f 1442 1587 1586
f 1443 1444 1588
f 1443 1588 1587
f 1444 1445 1589
f 1444 1589 1588
f 1445 1446 1590
f 1445 1590 1589
f 1446 1447 1591
f 1446 1591 1590
f 1447 1448 1592
f 1447 1592 1591
f 1448 1449 1593
f 1448 1593 1592
f 1449 1450 1594
f 1449 1594 1593
f 1450 1451 1595
f 1450 1595 1594
f 1451 1452 1596
f 1451 1596 1595
f 1452 1453 1597
f 1452 1597 1596
f 1453 1454 1598
f 1453 1598 1597
f 1454 1455 1599
f 1454 1599 1598
f 1455 1456 1600
f 1455 1600 1599
f 1456 1457 1601
f 1456 1601 1600
f 1457 1458 1602
f 1457 1602 1601
f 1458 1459 1603
f 1458 1603 1602
f 1459 1460 1604
f 1459 1604 1603
f 1460 1461 1605
f 1460 1605 1604
f 1461 1462 1606
f 1461 1606 1605
f 1462 1463 1607
f 1462 1607 1606
f 1463 1464 1608
f 1463 1608 1607
f 1464 1465 1609
f 1464 1609 1608
f 1465 1466 1610
f 1465 1610 1609
f 1466 1467 1611
f 1466 1611 1610
f 1467 1468 1612
f 1467 1612 1611
f 1468 1469 1613
f 1468 1613 1612
f 1469 1470 1614
f 1469 1614 1613
f 1470 1471 1615
f 1470 1615 1614
f 1471 1472 1616
f 1471 1616 1615
f 1472 1473 1617
f 1472 1617 1616
f 1473 1474 1618
f 1473 1618 1617
f 1474 1475 1619
f 1474 1619 1618
f 1475 1476 1620
f 1475 1620 1619
f 1476 1477 1621
f 1476 1621 1620
f 1477 1478 1622
f 1477 1622 1621
f 1478 1479 1623
f 1478 1623 1622
f 1479 1480 1624
f 1479 1624 1623
f 1480 1481 1625
f 1480 1625 1624
f 1481 1482 1626
f 1481 1626 1625
f 1482 1483 1627
f 1482 1627 1626
f 1483 1484 1628
f 1483 1628 1627
f 1484 1485 1629
f 1484 1629 1628
f 1485 1486 1630
f 1485 1630 1629
f 1486 1487 1631
f 1486 1631 1630
f 1487 1488 1632
f 1487 1632 1631
f 1488 1489 1633
f 1488 1633 1632
f 1489 1490 1634
f 1489 1634 1633
f 1490 1491 1635
f 1490 1635 1634
f 1491 1492 1636
f 1491 1636 1635
f 1492 1493 1637
f 1492 1637 1636
f 1493 1494 1638
f 1493 1638 1637
f 1494 1495 1639
f 1494 1639 1638
f 1495 1496 1640
f 1495 1640 1639
f 1496 1497 1641
f 1496 1641 1640
f 1497 1498 1642
f 1497 1642 1641
f 1498 1499 1643
f 1498 1643 1642
f 1499 1500 1644
f 1499 1644 1643
f 1500 1501 1645
f 1500 1645 1644
f 1501 1502 1646
f 1501 1646 1645
f 1502 1503 1647
f 1502 1647 1646
f 1503 1504 1648
f 1503 1648 1647
f 1504 1505 1649
f 1504 1649 1648
f 1505 1506 1650
f 1505 1650 1649
f 1506 1507 1651
f 1506 1651 1650
f 1507 1508 1652
f 1507 1652 1651
f 1508 1509 1653
f 1508 1653 1652
f 1509 1510 1654
f 1509 1654 1653
f 1510 1511 1655
f 1510 1655 1654
f 1511 1512 1656
f 1511 1656 1655
f 1512 1441 1585
f 1512 1585 1656
f 1585 1586 1730
f 1585 1730 1729
f 1586 1587 1731
f 1586 1731 1730
f 1587 1588 1732
f 1587 1732 1731
f 1588 1589 1733
f 1588 1733 1732
f 1589 1590 1734
f 1589 1734 1733
f 1590 1591 1735
f 1590 1735 1734
f 1591 1592 1736
f 1591 1736 1735
f 1592 1593 1737
f 1592 1737 1736
f 1593 1594 1738
f 1593 1738 1737
f 1594 1595 1739
f 1594 1739 1738
f 1595 1596 1740
f 1595 1740 1739
f 1596 1597 1741
f 1596 1741 1740
f 1597 1598 1742
f 1597 1742 1741
f 1598 1599 1743
f 1598 1743 1742
f 1599 1600 1744
f 1599 1744 1743
f 1600 1601 1745
f 1600 1745 1744
f 1601 1602 1746
f 1601 1746 1745
f 1602 1603 1747
f 1602 1747 1746
f 1603 1604 1748
f 1603 1748 1747
f 1604 1605 1749
f 1604 1749 1748
f 1605 1606 1750
f 1605 1750 1749
f 1606 1607 1751
f 1606 1751 1750
f 1607 1608 1752
f 1607 1752 1751
f 1608 1609 1753
f 1608 1753 1752
f 1609 1610 1754
f 1609 1754 1753
f 1610 1611 1755
f 1610 1755 1754
f 1611 1612 1756
f 1611 1756 1755
f 1612 1613 1757
f 1612 1757 1756
f 1613 1614 1758
f 1613 1758 1757
f 1614 1615 1759
f 1614 1759 1758
f 1615 1616 1760
f 1615 1760 1759
f 1616 1617 1761
f 1616 1761 1760
f 1617 1618 1762
f 1617 1762 1761
f 1618 1619 1763
f 1618 1763 1762
f 1619 1620 1764
f 1619 1764 1763
f 1620 1621 1765
f 1620 1765 1764
f 1621 1622 1766
f 1621 1766 1765
f 1622 1623 1767
f 1622 1767 1766
f 1623 1624 1768
f 1623 1768 1767
f 1624 1625 1769
f 1624 1769 1768
f 1625 1626 1770
f 1625 1770 1769
f 1626 1627 1771
f 1626 1771 1770
f 1627 1628 1772
f 1627 1772 1771
f 1628 1629 1773
f 1628 1773 1772
f 1629 1630 1774
f 1629 1774 1773
f 1630 1631 1775
f 1630 1775 1774
f 1631 1632 1776
f 1631 1776 1775
f 1632 1633 1777
f 1632 1777 1776
f 1633 1634 1778
f 1633 1778 1777
f 1634 1635 1779
f 1634 1779 1778
f 1635 1636 1780
f 1635 1780 1779
f 1636 1637 1781
f 1636 1781 1780
f 1637 1638 1782
f 1637 1782 1781
f 1638 1639 1783
f 1638 1783 1782
f 1639 1640 1784
f 1639 1784 1783
f 1640 1641 1785
f 1640 1785 1784
f 1641 1642 1786
f 1641 1786 1785
f 1642 1643 1787
f 1642 1787 1786
f 1643 1644 1788
f 1643 1788 1787
f 1644 1645 1789
f 1644 1789 1788
f 1645 1646 1790
f 1645 1790 1789
f 1646 1647 1791
f 1646 1791 1790
f 1647 1648 1792
f 1647 1792 1791
f 1648 1649 1793
f 1648 1793 1792
f 1649 1650 1794
f 1649 1794 1793
f 1650 1651 1795
f 1650 1795 1794
f 1651 1652 1796
f 1651 1796 1795
f 1652 1653 1797
f 1652 1797 1796
f 1653 1654 1798
f 1653 1798 1797
f 1654 1655 1799
f 1654 1799 1798
f 1655 1656 1800
f 1655 1800 1799
f 1656 1585 1729
f 1656 1729 1800
f 1729 1730 1874
f 1729 1874 1873
f 1730 1731 1875
f 1730 1875 1874
f 1731 1732 1876
f 1731 1876 1875
f 1732 1733 1877
f 1732 1877 1876
f 1733 1734 1878
f 1733 1878 1877
f 1734 1735 1879
f 1734 1879 1878
f 1735 1736 1880
f 1735 1880 1879
f 1736 1737 1881
f 1736 1881 1880
f 1737 1738 1882
f 1737 1882 1881
f 1738 1739 1883
f 1738 1883 1882
f 1739 1740 1884
f 1739 1884 1883
f 1740 1741 1885
f 1740 1885 1884
f 1741 1742 1886
f 1741 1886 1885
f 1742 1743 1887
f 1742 1887 1886
f 1743 1744 1888
f 1743 1888 1887
f 1744 1745 1889
f 1744 1889 1888
f 1745 1746 1890
f 1745 1890 1889
f 1746 1747 1891
f 1746 1891 1890
f 1747 1748 1892
f 1747 1892 1891
f 1748 1749 1893
f 1748 1893 1892
f 1749 1750 1894
f 1749 1894 1893
f 1750 1751 1895
f 1750 1895 1894
f 1751 1752 1896
f 1751 1896 1895
f 1752 1753 1897
f 1752 1897 1896
f 1753 1754 1898
f 1753 1898 1897
f 1754 1755 1899
f 1754 1899 1898
f 1755 1756 1900
f 1755 1900 1899
f 1756 1757 1901
f 1756 1901 1900
f 1757 1758 1902
f 1757 1902 1901
f 1758 1759 1903
f 1758 1903 1902
f 1759 1760 1904
f 1759 1904 1903
f 1760 1761 1905
f 1760 1905 1904
f 1761 1762 1906
f 1761 1906 1905
f 1762 1763 1907
f 1762 1907 1906
f 1763 1764 1908
f 1763 1908 1907
f 1764 1765 1909
f 1764 1909 1908
f 1765 1766 1910
f 1765 1910 1909
f 1766 1767 1911
f 1766 1911 1910
f 1767 1768 1912
f 1767 1912 1911
f 1768 1769 1913
f 1768 1913 1912
f 1769 1770 1914
f 1769 1914 1913
f 1770 1771 1915
f 1770 1915 1914
f 1771 1772 1916
f 1771 1916 1915
f 1772 1773 1917
f 1772 1917 1916
f 1773 1774 1918
f 1773 1918 1917
f 1774 1775 1919
f 1774 1919 1918
f 1775 1776 1920
f 1775 1920 1919
f 1776 1777 1921
f 1776 1921 1920
f 1777 1778 1922
f 1777 1922 1921
f 1778 1779 1923
f 1778 1923 1922
f 1779 1780 1924
f 1779 1924 1923
f 1780 1781 1925
f 1780 1925 1924
f 1781 1782 1926
f 1781 1926 1925
f 1782 1783 1927
f 1782 1927 1926
f 1783 1784 1928
f 1783 1928 1927
f 1784 1785 1929
f 1784 1929 1928
f 1785 1786 1930
f 1785 1930 1929
f 1786 1787 1931
f 1786 1931 1930
f 1787 1788 1932
f 1787 1932 1931
f 1788 1789 1933
f 1788 1933 1932
f 1789 1790 1934
f 1789 1934 1933
f 1790 1791 1935
f 1790 1935 1934
f 1791 1792 1936
f 1791 1936 1935
f 1792 1793 1937
f 1792 1937 1936
f 1793 1794 1938
f 1793 1938 1937
f 1794 1795 1939
f 1794 1939 1938
f 1795 1796 1940
f 1795 1940 1939
f 1796 1797 1941
f 1796 1941 1940
f 1797 1798 1942
f 1797 1942 1941
f 1798 1799 1943
f 1798 1943 1942
f 1799 1800 1944
f 1799 1944 1943
f 1800 1729 1873
f 1800 1873 1944
f 1873 1874 2018
f 1873 2018 2017
f 1874 1875 2019
f 1874 2019 2018
f 1875 1876 2020
f 1875 2020 2019
f 1876 1877 2021
f 1876 2021 2020
f 1877 1878 2022
f 1877 2022 2021
f 1878 1879 2023
f 1878 2023 2022
f 1879 1880 2024
f 1879 2024 2023
f 1880 1881 2025
f 1880 2025 2024
f 1881 1882 2026
f 1881 2026 2025
f 1882 1883 2027
f 1882 2027 2026
f 1883 1884 2028
f 1883 2028 2027
f 1884 1885 2029
f 1884 2029 2028
f 1885 1886 2030
f 1885 2030 2029
f 1886 1887 2031
f 1886 2031 2030
f 1887 1888 2032
f 1887 2032 2031
f 1888 1889 2033
f 1888 2033 2032
f 1889 1890 2034
f 1889 2034 2033
f 1890 1891 2035
f 1890 2035 2034
f 1891 1892 2036
f 1891 2036 2035
f 1892 1893 2037
f 1892 2037 2036
f 1893 1894 2038
f 1893 2038 2037
f 1894 1895 2039
f 1894 2039 2038
f 1895 1896 2040
f 1895 2040 2039
f 1896 1897 2041
f 1896 2041 2040
f 1897 1898 2042
f 1897 2042 2041
f 1898 1899 2043
f 1898 2043 2042
f 1899 1900 2044
f 1899 2044 2043
f 1900 1901 2045
f 1900 2045 2044
f 1901 1902 2046
f 1901 2046 2045
f 1902 1903 2047
f 1902 2047 2046
f 1903 1904 2048
f 1903 2048 2047
f 1904 1905 2049
f 1904 2049 2048
f 1905 1906 2050
f 1905 2050 2049
f 1906 1907 2051
f 1906 2051 2050
f 1907 1908 2052
f 1907 2052 2051
f 1908 1909 2053
f 1908 2053 2052
f 1909 1910 2054
f 1909 2054 2053
f 1910 1911 2055
f 1910 2055 2054
f 1911 1912 2056
f 1911 2056 2055
f 1912 1913 2057
f 1912 2057 2056
f 1913 1914 2058
f 1913 2058 2057
f 1914 1915 2059
f 1914 2059 2058
f 1915 1916 2060
f 1915 2060 2059
f 1916 1917 2061
f 1916 2061 2060
f 1917 1918 2062
f 1917 2062 2061
f 1918 1919 2063
f 1918 2063 2062
f 1919 1920 2064
f 1919 2064 2063
f 1920 1921 2065
f 1920 2065 2064
f 1921 1922 2066
f 1921 2066 2065
f 1922 1923 2067
f 1922 2067 2066
f 1923 1924 2068
f 1923 2068 2067
f 1924 1925 2069
f 1924 2069 2068
f 1925 1926 2070
f 1925 2070 2069
f 1926 1927 2071
f 1926 2071 2070
f 1927 1928 2072
f 1927 2072 2071
f 1928 1929 2073
f 1928 2073 2072
f 1929 1930 2074
f 1929 2074 2073
f 1930 1931 2075
f 1930 2075 2074
f 1931 1932 2076
f 1931 2076 2075
f 1932 1933 2077
f 1932 2077 2076
f 1933 1934 2078
f 1933 2078 2077
f 1934 1935 2079
f 1934 2079 2078
f 1935 1936 2080
f 1935 2080 2079
f 1936 1937 2081
f 1936 2081 2080
f 1937 1938 2082
f 1937 2082 2081
f 1938 1939 2083
f 1938 2083 2082
f 1939 1940 2084
f 1939 2084 2083
f 1940 1941 2085
f 1940 2085 2084
f 1941 1942 2086
f 1941 2086 2085
f 1942 1943 2087
f 1942 2087 2086
f 1943 1944 2088
f 1943 2088 2087
f 1944 1873 2017
f 1944 2017 2088
f 2017 2018 2162
f 2017 2162 2161
f 2018 2019 2163
f 2018 2163 2162
f 2019 2020 2164
f 2019 2164 2163
f 2020 2021 2165
f 2020 2165 2164
f 2021 2022 2166
f 2021 2166 2165
f 2022 2023 2167
f 2022 2167 2166
f 2023 2024 2168
f 2023 2168 2167
f 2024 2025 2169
f 2024 2169 2168
f 2025 2026 2170
f 2025 2170 2169
f 2026 2027 2171
f 2026 2171 2170
f 2027 2028 2172
f 2027 2172 2171
f 2028 2029 2173
f 2028 2173 2172
f 2029 2030 2174
f 2029 2174 2173
f 2030 2031 2175
f 2030 2175 2174
f 2031 2032 2176
f 2031 2176 2175
f 2032 2033 2177
f 2032 2177 2176
f 2033 2034 2178
f 2033 2178 2177
f 2034 2035 2179
f 2034 2179 2178
f 2035 2036 2180
f 2035 2180 2179
f 2036 2037 2181
f 2036 2181 2180
f 2037 2038 2182
f 2037 2182 2181
f 2038 2039 2183
f 2038 2183 2182
f 2039 2040 2184
f 2039 2184 2183
f 2040 2041 2185
f 2040 2185 2184
f 2041 2042 2186
f 2041 2186 2185
f 2042 2043 2187
f 2042 2187 2186
f 2043 2044 2188
f 2043 2188 2187
f 2044 2045 2189
f 2044 2189 2188
f 2045 2046 2190
f 2045 2190 2189
f 2046 2047 2191
f 2046 2191 2190
f 2047 2048 2192
f 2047 2192 2191
f 2048 2049 2193
f 2048 2193 2192
f 2049 2050 2194
f 2049 2194 2193
f 2050 2051 2195
f 2050 2195 2194
f 2051 2052 2196
f 2051 2196 2195
f 2052 2053 2197
f 2052 2197 2196
f 2053 2054 2198
f 2053 2198 2197
f 2054 2055 2199
f 2054 2199 2198
f 2055 2056 2200
f 2055 2200 2199
f 2056 2057 2201
f 2056 2201 2200
f 2057 2058 2202
f 2057 2202 2201
f 2058 2059 2203
f 2058 2203 2202
f 2059 2060 2204
f 2059 2204 2203
f 2060 2061 2205
f 2060 2205 2204
f 2061 2062 2206
f 2061 2206 2205
f 2062 2063 2207
f 2062 2207 2206
f 2063 2064 2208
f 2063 2208 2207
f 2064 2065 2209
f 2064 2209 2208
f 2065 2066 2210
f 2065 2210 2209
f 2066 2067 2211
f 2066 2211 2210
f 2067 2068 2212
f 2067 2212 2211
f 2068 2069 2213
f 2068 2213 2212
f 2069 2070 2214
f 2069 2214 2213
f 2070 2071 2215
f 2070 2215 2214
f 2071 2072 2216
f 2071 2216 2215
f 2072 2073 2217
f 2072 2217 2216
f 2073 2074 2218
f 2073 2218 2217
f 2074 2075 2219
f 2074 2219 2218
f 2075 2076 2220
f 2075 2220 2219
f 2076 2077 2221
f 2076 2221 2220
f 2077 2078 2222
f 2077 2222 2221
f 2078 2079 2223
f 2078 2223 2222
f 2079 2080 2224
f 2079 2224 2223
f 2080 2081 2225
f 2080 2225 2224
f 2081 2082 2226
f 2081 2226 2225
f 2082 2083 2227
f 2082 2227 2226
f 2083 2084 2228
f 2083 2228 2227
f 2084 2085 2229
f 2084 2229 2228
f 2085 2086 2230
f 2085 2230 2229
f 2086 2087 2231
f 2086 2231 2230
f 2087 2088 2232
f 2087 2232 2231
f 2088 2017 2161
f 2088 2161 2232
f 2161 2162 2306
f 2161 2306 2305
f 2162 2163 2307
f 2162 2307 2306
f 2163 2164 2308
f 2163 2308 2307
f 2164 2165 2309
f 2164 2309 2308
f 2165 2166 2310
f 2165 2310 2309
f 2166 2167 2311
f 2166 2311 2310
f 2167 2168 2312
f 2167 2312 2311
f 2168 2169 2313
f 2168 2313 2312
f 2169 2170 2314
f 2169 2314 2313
f 2170 2171 2315
f 2170 2315 2314
f 2171 2172 2316
f 2171 2316 2315
f 2172 2173 2317
f 2172 2317 2316
f 2173 2174 2318
f 2173 2318 2317
f 2174 2175 2319
f 2174 2319 2318
f 2175 2176 2320
f 2175 2320 2319
f 2176 2177 2321
f 2176 2321 2320
f 2177 2178 2322
f 2177 2322 2321
f 2178 2179 2323
f 2178 2323 2322
f 2179 2180 2324
f 2179 2324 2323
f 2180 2181 2325
f 2180 2325 2324
f 2181 2182 2326
f 2181 2326 2325
f 2182 2183 2327
f 2182 2327 2326
f 2183 2184 2328
f 2183 2328 2327
f 2184 2185 2329
f 2184 2329 2328
f 2185 2186 2330
f 2185 2330 2329
f 2186 2187 2331
f 2186 2331 2330
f 2187 2188 2332
f 2187 2332 2331
f 2188 2189 2333
f 2188 2333 2332
f 2189 2190 2334
f 2189 2334 2333
f 2190 2191 2335
f 2190 2335 2334
f 2191 2192 2336
f 2191 2336 2335
f 2192 2193 2337
f 2192 2337 2336
f 2193 2194 2338
f 2193 2338 2337
f 2194 2195 2339
f 2194 2339 2338
f 2195 2196 2340
f 2195 2340 2339
f 2196 2197 2341
f 2196 2341 2340
f 2197 2198 2342
f 2197 2342 2341
f 2198 2199 2343
f 2198 2343 2342
f 2199 2200 2344
f 2199 2344 2343
f 2200 2201 2345
f 2200 2345 2344
f 2201 2202 2346
f 2201 2346 2345
f 2202 2203 2347
f 2202 2347 2346
f 2203 2204 2348
f 2203 2348 2347
f 2204 2205 2349
f 2204 2349 2348
f 2205 2206 2350
f 2205 2350 2349
f 2206 2207 2351
f 2206 2351 2350
f 2207 2208 2352
f 2207 2352 2351
f 2208 2209 2353
f 2208 2353 2352
f 2209 2210 2354
f 2209 2354 2353
f 2210 2211 2355
f 2210 2355 2354
f 2211 2212 2356
f 2211 2356 2355
f 2212 2213 2357
f 2212 2357 2356
f 2213 2214 2358
f 2213 2358 2357
f 2214 2215 2359
f 2214 2359 2358
f 2215 2216 2360
f 2215 2360 2359
f 2216 2217 2361
f 2216 2361 2360
f 2217 2218 2362
f 2217 2362 2361
f 2218 2219 2363
f 2218 2363 2362
f 2219 2220 2364
f 2219 2364 2363
f 2220 2221 2365
f 2220 2365 2364
f 2221 2222 2366
f 2221 2366 2365
f 2222 2223 2367
f 2222 2367 2366
f 2223 2224 2368
f 2223 2368 2367
f 2224 2225 2369
f 2224 2369 2368
f 2225 2226 2370
f 2225 2370 2369
f 2226 2227 2371
f 2226 2371 2370
f 2227 2228 2372
f 2227 2372 2371
f 2228 2229 2373
f 2228 2373 2372
f 2229 2230 2374
f 2229 2374 2373
f 2230 2231 2375
f 2230 2375 2374
f 2231 2232 2376
f 2231 2376 2375
f 2232 2161 2305
f 2232 2305 2376
f 2305 2306 2450
f 2305 2450 2449
f 2306 2307 2451
f 2306 2451 2450
f 2307 2308 2452
f 2307 2452 2451
f 2308 2309 2453
f 2308 2453 2452
f 2309 2310 2454
f 2309 2454 2453
f 2310 2311 2455
f 2310 2455 2454
f 2311 2312 2456
f 2311 2456 2455
f 2312 2313 2457
f 2312 2457 2456
f 2313 2314 2458
f 2313 2458 2457
f 2314 2315 2459
f 2314 2459 2458
f 2315 2316 2460
f 2315 2460 2459
f 2316 2317 2461
f 2316 2461 2460
f 2317 2318 2462
f 2317 2462 2461
f 2318 2319 2463
f 2318 2463 2462
f 2319 2320 2464
f 2319 2464 2463
f 2320 2321 2465
f 2320 2465 2464
f 2321 2322 2466
f 2321 2466 2465
f 2322 2323 2467
f 2322 2467 2466
f 2323 2324 2468
f 2323 2468 2467
f 2324 2325 2469
f 2324 2469 2468
f 2325 2326 2470
f 2325 2470 2469
f 2326 2327 2471
f 2326 2471 2470
f 2327 2328 2472
f 2327 2472 2471
f 2328 2329 2473
f 2328 2473 2472
f 2329 2330 2474
f 2329 2474 2473
f 2330 2331 2475
f 2330 2475 2474
f 2331 2332 2476
f 2331 2476 2475
f 2332 2333 2477
f 2332 2477 2476
f 2333 2334 2478
f 2333 2478 2477
f 2334 2335 2479
f 2334 2479 2478
f 2335 2336 2480
f 2335 2480 2479
f 2336 2337 2481
f 2336 2481 2480
f 2337 2338 2482
f 2337 2482 2481
f 2338 2339 2483
f 2338 2483 2482
f 2339 2340 2484
f 2339 2484 2483
f 2340 2341 2485
f 2340 2485 2484
f 2341 2342 2486
f 2341 2486 2485
f 2342 2343 2487
f 2342 2487 2486
f 2343 2344 2488
f 2343 2488 2487
f 2344 2345 2489
f 2344 2489 2488
f 2345 2346 2490
f 2345 2490 2489
f 2346 2347 2491
f 2346 2491 2490
f 2347 2348 2492
f 2347 2492 2491
f 2348 2349 2493
f 2348 2493 2492
f 2349 2350 2494
f 2349 2494 2493
f 2350 2351 2495
f 2350 2495 2494
f 2351 2352 2496
f 2351 2496 2495
f 2352 2353 2497
f 2352 2497 2496
f 2353 2354 2498
f 2353 2498 2497
f 2354 2355 2499
f 2354 2499 2498
f 2355 2356 2500
f 2355 2500 2499
f 2356 2357 2501
f 2356 2501 2500
f 2357 2358 2502
f 2357 2502 2501
f 2358 2359 2503
f 2358 2503 2502
f 2359 2360 2504
f 2359 2504 2503
f 2360 2361 2505
f 2360 2505 2504
f 2361 2362 2506
f 2361 2506 2505
f 2362 2363 2507
f 2362 2507 2506
f 2363 2364 2508
f 2363 2508 2507
f 2364 2365 2509
f 2364 2509 2508
f 2365 2366 2510
f 2365 2510 2509
f 2366 2367 2511
f 2366 2511 2510
f 2367 2368 2512
f 2367 2512 2511
f 2368 2369 2513
f 2368 2513 2512
f 2369 2370 2514
f 2369 2514 2513
f 2370 2371 2515
f 2370 2515 2514
f 2371 2372 2516
f 2371 2516 2515
f 2372 2373 2517
f 2372 2517 2516
f 2373 2374 2518
f 2373 2518 2517
f 2374 2375 2519
f 2374 2519 2518
f 2375 2376 2520
f 2375 2520 2519
f 2376 2305 2449
f 2376 2449 2520
f 2449 2450 2594
f 2449 2594 2593
f 2450 2451 2595
f 2450 2595 2594
f 2451 2452 2596
f 2451 2596 2595
f 2452 2453 2597
f 2452 2597 2596
f 2453 2454 2598
f 2453 2598 2597
f 2454 2455 2599
f 2454 2599 2598
f 2455 2456 2600
f 2455 2600 2599
f 2456 2457 2601
f 2456 2601 2600
f 2457 2458 2602
f 2457 2602 2601
f 2458 2459 2603
f 2458 2603 2602
f 2459 2460 2604
f 2459 2604 2603
f 2460 2461 2605
f 2460 2605 2604
f 2461 2462 2606
f 2461 2606 2605
f 2462 2463 2607
f 2462 2607 2606
f 2463 2464 2608
f 2463 2608 2607
f 2464 2465 2609
f 2464 2609 2608
f 2465 2466 2610
f 2465 2610 2609
f 2466 2467 2611
f 2466 2611 2610
f 2467 2468 2612
f 2467 2612 2611
f 2468 2469 2613
f 2468 2613 2612
f 2469 2470 2614
f 2469 2614 2613
f 2470 2471 2615
f 2470 2615 2614
f 2471 2472 2616
f 2471 2616 2615
f 2472 2473 2617
f 2472 2617 2616
f 2473 2474 2618
f 2473 2618 2617
f 2474 2475 2619
f 2474 2619 2618
f 2475 2476 2620
f 2475 2620 2619
f 2476 2477 2621
f 2476 2621 2620
f 2477 2478 2622
f 2477 2622 2621
f 2478 2479 2623
f 2478 2623 2622
f 2479 2480 2624
f 2479 2624 2623
f 2480 2481 2625
f 2480 2625 2624
f 2481 2482 2626
f 2481 2626 2625
f 2482 2483 2627
f 2482 2627 2626
f 2483 2484 2628
f 2483 2628 2627
f 2484 2485 2629
f 2484 2629 2628
f 2485 2486 2630
f 2485 2630 2629
f 2486 2487 2631
f 2486 2631 2630
f 2487 2488 2632
f 2487 2632 2631
f 2488 2489 2633
f 2488 2633 2632
f 2489 2490 2634
f 2489 2634 2633
f 2490 2491 2635
f 2490 2635 2634
f 2491 2492 2636
f 2491 2636 2635
f 2492 2493 2637
f 2492 2637 2636
f 2493 2494 2638
f 2493 2638 2637
f 2494 2495 2639
f 2494 2639 2638
f 2495 2496 2640
f 2495 2640 2639
f 2496 2497 2641
f 2496 2641 2640
f 2497 2498 2642
f 2497 2642 2641
f 2498 2499 2643
f 2498 2643 2642
f 2499 2500 2644
f 2499 2644 2643
f 2500 2501 2645
f 2500 2645 2644
f 2501 2502 2646
f 2501 2646 2645
f 2502 2503 2647
f 2502 2647 2646
f 2503 2504 2648
f 2503 2648 2647
f 2504 2505 2649
f 2504 2649 2648
f 2505 2506 2650
f 2505 2650 2649
f 2506 2507 2651
f 2506 2651 2650
f 2507 2508 2652
f 2507 2652 2651
f 2508 2509 2653
f 2508 2653 2652
f 2509 2510 2654
f 2509 2654 2653
f 2510 2511 2655
f 2510 2655 2654
f 2511 2512 2656
f 2511 2656 2655
f 2512 2513 2657
f 2512 2657 2656
f 2513 2514 2658
f 2513 2658 2657
f 2514 2515 2659
f 2514 2659 2658
f 2515 2516 2660
f 2515 2660 2659
f 2516 2517 2661
f 2516 2661 2660
f 2517 2518 2662
f 2517 2662 2661
f 2518 2519 2663
f 2518 2663 2662
f 2519 2520 2664
f 2519 2664 2663
f 2520 2449 2593
f 2520 2593 2664
f 2593 2594 2738
f 2593 2738 2737
f 2594 2595 2739
f 2594 2739 2738
f 2595 2596 2740
f 2595 2740 2739
f 2596 2597 2741
f 2596 2741 2740
f 2597 2598 2742
f 2597 2742 2741
f 2598 2599 2743
f 2598 2743 2742
f 2599 2600 2744
f 2599 2744 2743
f 2600 2601 2745
f 2600 2745 2744
f 2601 2602 2746
f 2601 2746 2745
f 2602 2603 2747
f 2602 2747 2746
f 2603 2604 2748
f 2603 2748 2747
f 2604 2605 2749
f 2604 2749 2748
f 2605 2606 2750
f 2605 2750 2749
f 2606 2607 2751
f 2606 2751 2750
f 2607 2608 2752
f 2607 2752 2751
f 2608 2609 2753
f 2608 2753 2752
f 2609 2610 2754
f 2609 2754 2753
f 2610 2611 2755
f 2610 2755 2754
f 2611 2612 2756
f 2611 2756 2755
f 2612 2613 2757
f 2612 2757 2756
f 2613 2614 2758
f 2613 2758 2757
f 2614 2615 2759
f 2614 2759 2758
f 2615 2616 2760
f 2615 2760 2759
f 2616 2617 2761
f 2616 2761 2760
f 2617 2618 2762
f 2617 2762 2761
f 2618 2619 2763
f 2618 2763 2762
f 2619 2620 2764
f 2619 2764 2763
f 2620 2621 2765
f 2620 2765 2764
f 2621 2622 2766
f 2621 2766 2765
f 2622 2623 2767
f 2622 2767 2766
f 2623 2624 2768
f 2623 2768 2767
f 2624 2625 2769
f 2624 2769 2768
f 2625 2626 2770
f 2625 2770 2769
f 2626 2627 2771
f 2626 2771 2770
f 2627 2628 2772
f 2627 2772 2771
f 2628 2629 2773
f 2628 2773 2772
f 2629 2630 2774
f 2629 2774 2773
f 2630 2631 2775
f 2630 2775 2774
f 2631 2632 2776
f 2631 2776 2775
f 2632 2633 2777
f 2632 2777 2776
f 2633 2634 2778
f 2633 2778 2777
f 2634 2635 2779
f 2634 2779 2778
f 2635 2636 2780
f 2635 2780 2779
f 2636 2637 2781
f 2636 2781 2780
f 2637 2638 2782
f 2637 2782 2781
f 2638 2639 2783
f 2638 2783 2782
f 2639 2640 2784
f 2639 2784 2783
f 2640 2641 2785
f 2640 2785 2784
f 2641 2642 2786
f 2641 2786 2785
f 2642 2643 2787
f 2642 2787 2786
f 2643 2644 2788
f 2643 2788 2787
f 2644 2645 2789
f 2644 2789 2788
f 2645 2646 2790
f 2645 2790 2789
f 2646 2647 2791
f 2646 2791 2790
f 2647 2648 2792
f 2647 2792 2791
f 2648 2649 2793
f 2648 2793 2792
f 2649 2650 2794
f 2649 2794 2793
f 2650 2651 2795
f 2650 2795 2794
f 2651 2652 2796
f 2651 2796 2795
f 2652 2653 2797
f 2652 2797 2796
f 2653 2654 2798
f 2653 2798 2797
f 2654 2655 2799
f 2654 2799 2798
f 2655 2656 2800
f 2655 2800 2799
f 2656 2657 2801
f 2656 2801 2800
f 2657 2658 2802
f 2657 2802 2801
f 2658 2659 2803
f 2658 2803 2802
f 2659 2660 2804
f 2659 2804 2803
f 2660 2661 2805
f 2660 2805 2804
f 2661 2662 2806
f 2661 2806 2805
f 2662 2663 2807
f 2662 2807 2806
f 2663 2664 2808
f 2663 2808 2807
f 2664 2593 2737
f 2664 2737 2808
f 2737 2738 2882
f 2737 2882 2881
f 2738 2739 2883
f 2738 2883 2882
f 2739 2740 2884
f 2739 2884 2883
f 2740 2741 2885
f 2740 2885 2884
f 2741 2742 2886
f 2741 2886 2885
f 2742 2743 2887
f 2742 2887 2886
f 2743 2744 2888
f 2743 2888 2887
f 2744 2745 2889
f 2744 2889 2888
f 2745 2746 2890
f 2745 2890 2889
f 2746 2747 2891
f 2746 2891 2890
f 2747 2748 2892
f 2747 2892 2891
f 2748 2749 2893
f 2748 2893 2892
f 2749 2750 2894
f 2749 2894 2893
f 2750 2751 2895
f 2750 2895 2894
f 2751 2752 2896
f 2751 2896 2895
f 2752 2753 2897
f 2752 2897 2896
f 2753 2754 2898
f 2753 2898 2897
f 2754 2755 2899
f 2754 2899 2898
f 2755 2756 2900
f 2755 2900 2899
f 2756 2757 2901
f 2756 2901 2900
f 2757 2758 2902
f 2757 2902 2901
f 2758 2759 2903
f 2758 2903 2902
f 2759 2760 2904
f 2759 2904 2903
f 2760 2761 2905
f 2760 2905 2904
f 2761 2762 2906
f 2761 2906 2905
f 2762 2763 2907
f 2762 2907 2906
f 2763 2764 2908
f 2763 2908 2907
f 2764 2765 2909
f 2764 2909 2908
f 2765 2766 2910
f 2765 2910 2909
f 2766 2767 2911
f 2766 2911 2910
f 2767 2768 2912
f 2767 2912 2911
f 2768 2769 2913
f 2768 2913 2912
f 2769 2770 2914
f 2769 2914 2913
f 2770 2771 2915
f 2770 2915 2914
f 2771 2772 2916
f 2771 2916 2915
f 2772 2773 2917
f 2772 2917 2916
f 2773 2774 2918
f 2773 2918 2917
f 2774 2775 2919
f 2774 2919 2918
f 2775 2776 2920
f 2775 2920 2919
f 2776 2777 2921
f 2776 2921 2920
f 2777 2778 2922
f 2777 2922 2921
f 2778 2779 2923
f 2778 2923 2922
f 2779 2780 2924
f 2779 2924 2923
f 2780 2781 2925
f 2780 2925 2924
f 2781 2782 2926
f 2781 2926 2925
f 2782 2783 2927
f 2782 2927 2926
f 2783 2784 2928
f 2783 2928 2927
f 2784 2785 2929
f 2784 2929 2928
f 2785 2786 2930
f 2785 2930 2929
f 2786 2787 2931
f 2786 2931 2930
f 2787 2788 2932
f 2787 2932 2931
f 2788 2789 2933
f 2788 2933 2932
f 2789 2790 2934
f 2789 2934 2933
f 2790 2791 2935
f 2790 2935 2934
f 2791 2792 2936
f 2791 2936 2935
f 2792 2793 2937
f 2792 2937 2936
f 2793 2794 2938
f 2793 2938 2937
f 2794 2795 2939
f 2794 2939 2938
f 2795 2796 2940
f 2795 2940 2939
f 2796 2797 2941
f 2796 2941 2940
f 2797 2798 2942
f 2797 2942 2941
f 2798 2799 2943
f 2798 2943 2942
f 2799 2800 2944
f 2799 2944 2943
f 2800 2801 2945
f 2800 2945 2944
f 2801 2802 2946
f 2801 2946 2945
f 2802 2803 2947
f 2802 2947 2946
f 2803 2804 2948
f 2803 2948 2947
f 2804 2805 2949
f 2804 2949 2948
f 2805 2806 2950
f 2805 2950 2949
f 2806 2807 2951
f 2806 2951 2950
f 2807 2808 2952
f 2807 2952 2951
f 2808 2737 2881
f 2808 2881 2952
f 2881 2882 3026
f 2881 3026 3025
f 2882 2883 3027
f 2882 3027 3026
f 2883 2884 3028
f 2883 3028 3027
f 2884 2885 3029
f 2884 3029 3028
f 2885 2886 3030
f 2885 3030 3029
f 2886 2887 3031
f 2886 3031 3030
f 2887 2888 3032
f 2887 3032 3031
f 2888 2889 3033
f 2888 3033 3032
f 2889 2890 3034
f 2889 3034 3033
f 2890 2891 3035
f 2890 3035 3034
f 2891 2892 3036
f 2891 3036 3035
f 2892 2893 3037
f 2892 3037 3036
f 2893 2894 3038
f 2893 3038 3037
f 2894 2895 3039
f 2894 3039 3038
f 2895 2896 3040
f 2895 3040 3039
f 2896 2897 3041
f 2896 3041 3040
f 2897 2898 3042
f 2897 3042 3041
f 2898 2899 3043
f 2898 3043 3042
f 2899 2900 3044
f 2899 3044 3043
f 2900 2901 3045
f 2900 3045 3044
f 2901 2902 3046
f 2901 3046 3045
f 2902 2903 3047
f 2902 3047 3046
f 2903 2904 3048
f 2903 3048 3047
f 2904 2905 3049
f 2904 3049 3048
f 2905 2906 3050
f 2905 3050 3049
f 2906 2907 3051
f 2906 3051 3050
f 2907 2908 3052
f 2907 3052 3051
f 2908 2909 3053
f 2908 3053 3052
f 2909 2910 3054
f 2909 3054 3053
f 2910 2911 3055
f 2910 3055 3054
f 2911 2912 3056
f 2911 3056 3055
f 2912 2913 3057
f 2912 3057 3056
f 2913 2914 3058
f 2913 3058 3057
f 2914 2915 3059
f 2914 3059 3058
f 2915 2916 3060
f 2915 3060 3059
f 2916 2917 3061
f 2916 3061 3060
f 2917 2918 3062
f 2917 3062 3061
f 2918 2919 3063
f 2918 3063 3062
f 2919 2920 3064
f 2919 3064 3063
f 2920 2921 3065
f 2920 3065 3064
f 2921 2922 3066
f 2921 3066 3065
f 2922 2923 3067
f 2922 3067 3066
f 2923 2924 3068
f 2923 3068 3067
f 2924 2925 3069
f 2924 3069 3068
f 2925 2926 3070
f 2925 3070 3069
f 2926 2927 3071
f 2926 3071 3070
f 2927 2928 3072
f 2927 3072 3071
f 2928 2929 3073
f 2928 3073 3072
f 2929 2930 3074
f 2929 3074 3073
f 2930 2931 3075
f 2930 3075 3074
f 2931 2932 3076
f 2931 3076 3075
f 2932 2933 3077
f 2932 3077 3076
f 2933 2934 3078
f 2933 3078 3077
f 2934 2935 3079
f 2934 3079 3078
f 2935 2936 3080
f 2935 3080 3079
f 2936 2937 3081
f 2936 3081 3080
f 2937 2938 3082
f 2937 3082 3081
f 2938 2939 3083
f 2938 3083 3082
f 2939 2940 3084
f 2939 3084 3083
f 2940 2941 3085
f 2940 3085 3084
f 2941 2942 3086
f 2941 3086 3085
f 2942 2943 3087
f 2942 3087 3086
f 2943 2944 3088
f 2943 3088 3087
f 2944 2945 3089
f 2944 3089 3088
f 2945 2946 3090
f 2945 3090 3089
f 2946 2947 3091
f 2946 3091 3090
f 2947 2948 3092
f 2947 3092 3091
f 2948 2949 3093
f 2948 3093 3092
f 2949 2950 3094
f 2949 3094 3093
f 2950 2951 3095
f 2950 3095 3094
f 2951 2952 3096
f 2951 3096 3095
f 2952 2881 3025
f 2952 3025 3096
f 3025 3026 3170
f 3025 3170 3169
f 3026 3027 3171
f 3026 3171 3170
f 3027 3028 3172
f 3027 3172 3171
f 3028 3029 3173
f 3028 3173 3172
f 3029 3030 3174
f 3029 3174 3173
f 3030 3031 3175
f 3030 3175 3174
f 3031 3032 3176
f 3031 3176 3175
f 3032 3033 3177
f 3032 3177 3176
f 3033 3034 3178
f 3033 3178 3177
f 3034 3035 3179
f 3034 3179 3178
f 3035 3036 3180
f 3035 3180 3179
f 3036 3037 3181
f 3036 3181 3180
f 3037 3038 3182
f 3037 3182 3181
f 3038 3039 3183
f 3038 3183 3182
f 3039 3040 3184
f 3039 3184 3183
f 3040 3041 3185
f 3040 3185 3184
f 3041 3042 3186
f 3041 3186 3185
f 3042 3043 3187
f 3042 3187 3186
f 3043 3044 3188
f 3043 3188 3187
f 3044 3045 3189
f 3044 3189 3188
f 3045 3046 3190
f 3045 3190 3189
f 3046 3047 3191
f 3046 3191 3190
f 3047 3048 3192
f 3047 3192 3191
f 3048 3049 3193
f 3048 3193 3192
f 3049 3050 3194
f 3049 3194 3193
f 3050 3051 3195
f 3050 3195 3194
f 3051 3052 3196
f 3051 3196 3195
f 3052 3053 3197
f 3052 3197 3196
f 3053 3054 3198
f 3053 3198 3197
f 3054 3055 3199
f 3054 3199 3198
f 3055 3056 3200
f 3055 3200 3199
f 3056 3057 3201
f 3056 3201 3200
f 3057 3058 3202
f 3057 3202 3201
f 3058 3059 3203
f 3058 3203 3202
f 3059 3060 3204
f 3059 3204 3203
f 3060 3061 3205
f 3060 3205 3204
f 3061 3062 3206
f 3061 3206 3205
f 3062 3063 3207
f 3062 3207 3206
f 3063 3064 3208
f 3063 3208 3207
f 3064 3065 3209
f 3064 3209 3208
f 3065 3066 3210
f 3065 3210 3209
f 3066 3067 3211
f 3066 3211 3210
f 3067 3068 3212
f 3067 3212 3211
f 3068 3069 3213
f 3068 3213 3212
f 3069 3070 3214
f 3069 3214 3213
f 3070 3071 3215
f 3070 3215 3214
f 3071 3072 3216
f 3071 3216 3215
f 3072 3073 3217
f 3072 3217 3216
f 3073 3074 3218
f 3073 3218 3217
f 3074 3075 3219
f 3074 3219 3218
f 3075 3076 3220
f 3075 3220 3219
f 3076 3077 3221
f 3076 3221 3220
f 3077 3078 3222
f 3077 3222 3221
f 3078 3079 3223
f 3078 3223 3222
f 3079 3080 3224
f 3079 3224 3223
f 3080 3081 3225
f 3080 3225 3224
f 3081 3082 3226
f 3081 3226 3225
f 3082 3083 3227
f 3082 3227 3226
f 3083 3084 3228
f 3083 3228 3227
f 3084 3085 3229
f 3084 3229 3228
f 3085 3086 3230
f 3085 3230 3229
f 3086 3087 3231
f 3086 3231 3230
f 3087 3088 3232
f 3087 3232 3231
f 3088 3089 3233
f 3088 3233 3232
f 3089 3090 3234
f 3089 3234 3233
f 3090 3091 3235
f 3090 3235 3234
f 3091 3092 3236
f 3091 3236 3235
f 3092 3093 3237
f 3092 3237 3236
f 3093 3094 3238
f 3093 3238 3237
f 3094 3095 3239
f 3094 3239 3238
f 3095 3096 3240
f 3095 3240 3239
f 3096 3025 3169
f 3096 3169 3240
f 3169 3170 3314
f 3169 3314 3313
f 3170 3171 3315
f 3170 3315 3314
f 3171 3172 3316
f 3171 3316 3315
f 3172 3173 3317
f 3172 3317 3316
f 3173 3174 3318
f 3173 3318 3317
f 3174 3175 3319
f 3174 3319 3318
f 3175 3176 3320
f 3175 3320 3319
f 3176 3177 3321
f 3176 3321 3320
f 3177 3178 3322
f 3177 3322 3321
f 3178 3179 3323
f 3178 3323 3322
f 3179 3180 3324
f 3179 3324 3323
f 3180 3181 3325
f 3180 3325 3324
f 3181 3182 3326
f 3181 3326 3325
f 3182 3183 3327
f 3182 3327 3326
f 3183 3184 3328
f 3183 3328 3327
f 3184 3185 3329
f 3184 3329 3328
f 3185 3186 3330
f 3185 3330 3329
f 3186 3187 3331
f 3186 3331 3330
f 3187 3188 3332
f 3187 3332 3331
f 3188 3189 3333
f 3188 3333 3332
f 3189 3190 3334
f 3189 3334 3333
f 3190 3191 3335
f 3190 3335 3334
f 3191 3192 3336
f 3191 3336 3335
f 3192 3193 3337
f 3192 3337 3336
f 3193 3194 3338
f 3193 3338 3337
f 3194 3195 3339
f 3194 3339 3338
f 3195 3196 3340
f 3195 3340 3339
f 3196 3197 3341
f 3196 3341 3340
f 3197 3198 3342
f 3197 3342 3341
f 3198 3199 3343
f 3198 3343 3342
f 3199 3200 3344
f 3199 3344 3343
f 3200 3201 3345
f 3200 3345 3344
f 3201 3202 3346
f 3201 3346 3345
f 3202 3203 3347
f 3202 3347 3346
f 3203 3204 3348
f 3203 3348 3347
f 3204 3205 3349
f 3204 3349 3348
f 3205 3206 3350
f 3205 3350 3349
f 3206 3207 3351
f 3206 3351 3350
f 3207 3208 3352
f 3207 3352 3351
f 3208 3209 3353
f 3208 3353 3352
f 3209 3210 3354
f 3209 3354 3353
f 3210 3211 3355
f 3210 3355 3354
f 3211 3212 3356
f 3211 3356 3355
f 3212 3213 3357
f 3212 3357 3356
f 3213 3214 3358
f 3213 3358 3357
f 3214 3215 3359
f 3214 3359 3358
f 3215 3216 3360
f 3215 3360 3359
f 3216 3217 3361
f 3216 3361 3360
f 3217 3218 3362
f 3217 3362 3361
f 3218 3219 3363
f 3218 3363 3362
f 3219 3220 3364
f 3219 3364 3363
f 3220 3221 3365
f 3220 3365 3364
f 3221 3222 3366
f 3221 3366 3365
f 3222 3223 3367
f 3222 3367 3366
f 3223 3224 3368
f 3223 3368 3367
f 3224 3225 3369
f 3224 3369 3368
f 3225 3226 3370
f 3225 3370 3369
f 3226 3227 3371
f 3226 3371 3370
f 3227 3228 3372
f 3227 3372 3371
f 3228 3229 3373
f 3228 3373 3372
f 3229 3230 3374
f 3229 3374 3373
f 3230 3231 3375
f 3230 3375 3374
f 3231 3232 3376
f 3231 3376 3375
f 3232 3233 3377
f 3232 3377 3376
f 3233 3234 3378
f 3233 3378 3377
f 3234 3235 3379
f 3234 3379 3378
f 3235 3236 3380
f 3235 3380 3379
f 3236 3237 3381
f 3236 3381 3380
f 3237 3238 3382
f 3237 3382 3381
f 3238 3239 3383
f 3238 3383 3382
f 3239 3240 3384
f 3239 3384 3383
f 3240 3169 3313
f 3240 3313 3384
f 3313 3314 3458
f 3313 3458 3457
f 3314 3315 3459
f 3314 3459 3458
f 3315 3316 3460
f 3315 3460 3459
f 3316 3317 3461
f 3316 3461 3460
f 3317 3318 3462
f 3317 3462 3461
f 3318 3319 3463
f 3318 3463 3462
f 3319 3320 3464
f 3319 3464 3463
f 3320 3321 3465
f 3320 3465 3464
f 3321 3322 3466
f 3321 3466 3465
f 3322 3323 3467
f 3322 3467 3466
f 3323 3324 3468
f 3323 3468 3467
f 3324 3325 3469
f 3324 3469 3468
f 3325 3326 3470
f 3325 3470 3469
f 3326 3327 3471
f 3326 3471 3470
f 3327 3328 3472
f 3327 3472 3471
f 3328 3329 3473
f 3328 3473 3472
f 3329 3330 3474
f 3329 3474 3473
f 3330 3331 3475
f 3330 3475 3474
f 3331 3332 3476
f 3331 3476 3475
f 3332 3333 3477
f 3332 3477 3476
f 3333 3334 3478
f 3333 3478 3477
f 3334 3335 3479
f 3334 3479 3478
f 3335 3336 3480
f 3335 3480 3479
f 3336 3337 3481
f 3336 3481 3480
f 3337 3338 3482
f 3337 3482 3481
f 3338 3339 3483
f 3338 3483 3482
f 3339 3340 3484
f 3339 3484 3483
f 3340 3341 3485
f 3340 3485 3484
f 3341 3342 3486
f 3341 3486 3485
f 3342 3343 3487
f 3342 3487 3486
f 3343 3344 3488
f 3343 3488 3487
f 3344 3345 3489
f 3344 3489 3488
f 3345 3346 3490
f 3345 3490 3489
f 3346 3347 3491
f 3346 3491 3490
f 3347 3348 3492
f 3347 3492 3491
f 3348 3349 3493
f 3348 3493 3492
f 3349 3350 3494
f 3349 3494 3493
f 3350 3351 3495
f 3350 3495 3494
f 3351 3352 3496
f 3351 3496 3495
f 3352 3353 3497
f 3352 3497 3496
f 3353 3354 3498
f 3353 3498 3497
f 3354 3355 3499
f 3354 3499 3498
f 3355 3356 3500
f 3355 3500 3499
f 3356 3357 3501
f 3356 3501 3500
f 3357 3358 3502
f 3357 3502 3501
f 3358 3359 3503
f 3358 3503 3502
f 3359 3360 3504
f 3359 3504 3503
f 3360 3361 3505
f 3360 3505 3504
f 3361 3362 3506
f 3361 3506 3505
f 3362 3363 3507
f 3362 3507 3506
f 3363 3364 3508
f 3363 3508 3507
f 3364 3365 3509
f 3364 3509 3508
f 3365 3366 3510
f 3365 3510 3509
f 3366 3367 3511
f 3366 3511 3510
f 3367 3368 3512
f 3367 3512 3511
f 3368 3369 3513
f 3368 3513 3512
f 3369 3370 3514
f 3369 3514 3513
f 3370 3371 3515
f 3370 3515 3514
f 3371 3372 3516
f 3371 3516 3515
f 3372 3373 3517
f 3372 3517 3516
f 3373 3374 3518
f 3373 3518 3517
f 3374 3375 3519
f 3374 3519 3518
f 3375 3376 3520
f 3375 3520 3519
f 3376 3377 3521
f 3376 3521 3520
f 3377 3378 3522
f 3377 3522 3521
f 3378 3379 3523
f 3378 3523 3522
f 3379 3380 3524
f 3379 3524 3523
f 3380 3381 3525
f 3380 3525 3524
f 3381 3382 3526
f 3381 3526 3525
f 3382 3383 3527
f 3382 3527 3526
f 3383 3384 3528
f 3383 3528 3527
f 3384 3313 3457
f 3384 3457 3528
f 3457 3458 3602
f 3457 3602 3601
f 3458 3459 3603
f 3458 3603 3602
f 3459 3460 3604
f 3459 3604 3603
f 3460 3461 3605
f 3460 3605 3604
f 3461 3462 3606
f 3461 3606 3605
f 3462 3463 3607
f 3462 3607 3606
f 3463 3464 3608
f 3463 3608 3607
f 3464 3465 3609
f 3464 3609 3608
f 3465 3466 3610
f 3465 3610 3609
f 3466 3467 3611
f 3466 3611 3610
f 3467 3468 3612
f 3467 3612 3611
f 3468 3469 3613
f 3468 3613 3612
f 3469 3470 3614
f 3469 3614 3613
f 3470 3471 3615
f 3470 3615 3614
f 3471 3472 3616
f 3471 3616 3615
f 3472 3473 3617
f 3472 3617 3616
f 3473 3474 3618
f 3473 3618 3617
f 3474 3475 3619
f 3474 3619 3618
f 3475 3476 3620
f 3475 3620 3619
f 3476 3477 3621
f 3476 3621 3620
f 3477 3478 3622
f 3477 3622 3621
f 3478 3479 3623
f 3478 3623 3622
f 3479 3480 3624
f 3479 3624 3623
f 3480 3481 3625
f 3480 3625 3624
f 3481 3482 3626
f 3481 3626 3625
f 3482 3483 3627
f 3482 3627 3626
f 3483 3484 3628
f 3483 3628 3627
f 3484 3485 3629
f 3484 3629 3628
f 3485 3486 3630
f 3485 3630 3629
f 3486 3487 3631
f 3486 3631 3630
f 3487 3488 3632
f 3487 3632 3631
f 3488 3489 3633
f 3488 3633 3632
f 3489 3490 3634
f 3489 3634 3633
f 3490 3491 3635
f 3490 3635 3634
f 3491 3492 3636
f 3491 3636 3635
f 3492 3493 3637
f 3492 3637 3636
f 3493 3494 3638
f 3493 3638 3637
f 3494 3495 3639
f 3494 3639 3638
f 3495 3496 3640
f 3495 3640 3639
f 3496 3497 3641
f 3496 3641 3640
f 3497 3498 3642
f 3497 3642 3641
f 3498 3499 3643
f 3498 3643 3642
f 3499 3500 3644
f 3499 3644 3643
f 3500 3501 3645
f 3500 3645 3644
f 3501 3502 3646
f 3501 3646 3645
f 3502 3503 3647
f 3502 3647 3646
f 3503 3504 3648
f 3503 3648 3647
f 3504 3505 3649
f 3504 3649 3648
f 3505 3506 3650
f 3505 3650 3649
f 3506 3507 3651
f 3506 3651 3650
f 3507 3508 3652
f 3507 3652 3651
f 3508 3509 3653
f 3508 3653 3652
f 3509 3510 3654
f 3509 3654 3653
f 3510 3511 3655
f 3510 3655 3654
f 3511 3512 3656
f 3511 3656 3655
f 3512 3513 3657
f 3512 3657 3656
f 3513 3514 3658
f 3513 3658 3657
f 3514 3515 3659
f 3514 3659 3658
f 3515 3516 3660
f 3515 3660 3659
f 3516 3517 3661
f 3516 3661 3660
f 3517 3518 3662
f 3517 3662 3661
f 3518 3519 3663
f 3518 3663 3662
f 3519 3520 3664
f 3519 3664 3663
f 3520 3521 3665
f 3520 3665 3664
f 3521 3522 3666
f 3521 3666 3665
f 3522 3523 3667
f 3522 3667 3666
f 3523 3524 3668
f 3523 3668 3667
f 3524 3525 3669
f 3524 3669 3668
f 3525 3526 3670
f 3525 3670 3669
f 3526 3527 3671
f 3526 3671 3670
f 3527 3528 3672
f 3527 3672 3671
f 3528 3457 3601
f 3528 3601 3672
f 3601 3602 3746
f 3601 3746 3745
f 3602 3603 3747
f 3602 3747 3746
f 3603 3604 3748
f 3603 3748 3747
f 3604 3605 3749
f 3604 3749 3748
f 3605 3606 3750
f 3605 3750 3749
f 3606 3607 3751
f 3606 3751 3750
f 3607 3608 3752
f 3607 3752 3751
f 3608 3609 3753
f 3608 3753 3752
f 3609 3610 3754
f 3609 3754 3753
f 3610 3611 3755
f 3610 3755 3754
f 3611 3612 3756
f 3611 3756 3755
f 3612 3613 3757
f 3612 3757 3756
f 3613 3614 3758
f 3613 3758 3757
f 3614 3615 3759
f 3614 3759 3758
f 3615 3616 3760
f 3615 3760 3759
f 3616 3617 3761
f 3616 3761 3760
f 3617 3618 3762
f 3617 3762 3761
f 3618 3619 3763
f 3618 3763 3762
f 3619 3620 3764
f 3619 3764 3763
f 3620 3621 3765
f 3620 3765 3764
f 3621 3622 3766
f 3621 3766 3765
f 3622 3623 3767
f 3622 3767 3766
f 3623 3624 3768
f 3623 3768 3767
f 3624 3625 3769
f 3624 3769 3768
f 3625 3626 3770
f 3625 3770 3769
f 3626 3627 3771
f 3626 3771 3770
f 3627 3628 3772
f 3627 3772 3771
f 3628 3629 3773
f 3628 3773 3772
f 3629 3630 3774
f 3629 3774 3773
f 3630 3631 3775
f 3630 3775 3774
f 3631 3632 3776
f 3631 3776 3775
f 3632 3633 3777
f 3632 3777 3776
f 3633 3634 3778
f 3633 3778 3777
f 3634 3635 3779
f 3634 3779 3778
f 3635 3636 3780
f 3635 3780 3779
f 3636 3637 3781
f 3636 3781 3780
f 3637 3638 3782
f 3637 3782 3781
f 3638 3639 3783
f 3638 3783 3782
f 3639 3640 3784
f 3639 3784 3783
f 3640 3641 3785
f 3640 3785 3784
f 3641 3642 3786
f 3641 3786 3785
f 3642 3643 3787
f 3642 3787 3786
f 3643 3644 3788
f 3643 3788 3787
f 3644 3645 3789
f 3644 3789 3788
f 3645 3646 3790
f 3645 3790 3789
f 3646 3647 3791
f 3646 3791 3790
f 3647 3648 3792
f 3647 3792 3791
f 3648 3649 3793
f 3648 3793 3792
f 3649 3650 3794
f 3649 3794 3793
f 3650 3651 3795
f 3650 3795 3794
f 3651 3652 3796
f 3651 3796 3795
f 3652 3653 3797
f 3652 3797 3796
f 3653 3654 3798
f 3653 3798 3797
f 3654 3655 3799
f 3654 3799 3798
f 3655 3656 3800
f 3655 3800 3799
f 3656 3657 3801
f 3656 3801 3800
f 3657 3658 3802
f 3657 3802 3801
f 3658 3659 3803
f 3658 3803 3802
f 3659 3660 3804
f 3659 3804 3803
f 3660 3661 3805
f 3660 3805 3804
f 3661 3662 3806
f 3661 3806 3805
f 3662 3663 3807
f 3662 3807 3806
f 3663 3664 3808
f 3663 3808 3807
f 3664 3665 3809
f 3664 3809 3808
f 3665 3666 3810
f 3665 3810 3809
f 3666 3667 3811
f 3666 3811 3810
f 3667 3668 3812
f 3667 3812 3811
f 3668 3669 3813
f 3668 3813 3812
f 3669 3670 3814
f 3669 3814 3813
f 3670 3671 3815
f 3670 3815 3814
f 3671 3672 3816
f 3671 3816 3815
f 3672 3601 3745
f 3672 3745 3816
f 3745 3746 3890
f 3745 3890 3889
f 3746 3747 3891
f 3746 3891 3890
f 3747 3748 3892
f 3747 3892 3891
f 3748 3749 3893
f 3748 3893 3892
f 3749 3750 3894
f 3749 3894 3893
f 3750 3751 3895
f 3750 3895 3894
f 3751 3752 3896
f 3751 3896 3895
f 3752 3753 3897
f 3752 3897 3896
f 3753 3754 3898
f 3753 3898 3897
f 3754 3755 3899
f 3754 3899 3898
f 3755 3756 3900
f 3755 3900 3899
f 3756 3757 3901
f 3756 3901 3900
f 3757 3758 3902
f 3757 3902 3901
f 3758 3759 3903
f 3758 3903 3902
f 3759 3760 3904
f 3759 3904 3903
f 3760 3761 3905
f 3760 3905 3904
f 3761 3762 3906
f 3761 3906 3905
f 3762 3763 3907
f 3762 3907 3906
f 3763 3764 3908
f 3763 3908 3907
f 3764 3765 3909
f 3764 3909 3908
f 3765 3766 3910
f 3765 3910 3909
f 3766 3767 3911
f 3766 3911 3910
f 3767 3768 3912
f 3767 3912 3911
f 3768 3769 3913
f 3768 3913 3912
f 3769 3770 3914
f 3769 3914 3913
f 3770 3771 3915
f 3770 3915 3914
f 3771 3772 3916
f 3771 3916 3915
f 3772 3773 3917
f 3772 3917 3916
f 3773 3774 3918
f 3773 3918 3917
f 3774 3775 3919
f 3774 3919 3918
f 3775 3776 3920
f 3775 3920 3919
f 3776 3777 3921
f 3776 3921 3920
f 3777 3778 3922
f 3777 3922 3921
f 3778 3779 3923
f 3778 3923 3922
f 3779 3780 3924
f 3779 3924 3923
f 3780 3781 3925
f 3780 3925 3924
f 3781 3782 3926
f 3781 3926 3925
f 3782 3783 3927
f 3782 3927 3926
f 3783 3784 3928
f 3783 3928 3927
f 3784 3785 3929
f 3784 3929 3928
f 3785 3786 3930
f 3785 3930 3929
f 3786 3787 3931
f 3786 3931 3930
f 3787 3788 3932
f 3787 3932 3931
f 3788 3789 3933
f 3788 3933 3932
f 3789 3790 3934
f 3789 3934 3933
f 3790 3791 3935
f 3790 3935 3934
f 3791 3792 3936
f 3791 3936 3935
f 3792 3793 3937
f 3792 3937 3936
f 3793 3794 3938
f 3793 3938 3937
f 3794 3795 3939
f 3794 3939 3938
f 3795 3796 3940
f 3795 3940 3939
f 3796 3797 3941
f 3796 3941 3940
f 3797 3798 3942
f 3797 3942 3941
f 3798 3799 3943
f 3798 3943 3942
f 3799 3800 3944
f 3799 3944 3943
f 3800 3801 3945
f 3800 3945 3944
f 3801 3802 3946
f 3801 3946 3945
f 3802 3803 3947
f 3802 3947 3946
f 3803 3804 3948
f 3803 3948 3947
f 3804 3805 3949
f 3804 3949 3948
f 3805 3806 3950
f 3805 3950 3949
f 3806 3807 3951
f 3806 3951 3950
f 3807 3808 3952
f 3807 3952 3951
f 3808 3809 3953
f 3808 3953 3952
f 3809 3810 3954
f 3809 3954 3953
f 3810 3811 3955
f 3810 3955 3954
f 3811 3812 3956
f 3811 3956 3955
f 3812 3813 3957
f 3812 3957 3956
f 3813 3814 3958
f 3813 3958 3957
f 3814 3815 3959
f 3814 3959 3958
f 3815 3816 3960
f 3815 3960 3959
f 3816 3745 3889
f 3816 3889 3960
f 3889 3890 4034
f 3889 4034 4033
f 3890 3891 4035
f 3890 4035 4034
f 3891 3892 4036
f 3891 4036 4035
f 3892 3893 4037
f 3892 4037 4036
f 3893 3894 4038
f 3893 4038 4037
f 3894 3895 4039
f 3894 4039 4038
f 3895 3896 4040
f 3895 4040 4039
f 3896 3897 4041
f 3896 4041 4040
f 3897 3898 4042
f 3897 4042 4041
f 3898 3899 4043
f 3898 4043 4042
f 3899 3900 4044
f 3899 4044 4043
f 3900 3901 4045
f 3900 4045 4044
f 3901 3902 4046
f 3901 4046 4045
f 3902 3903 4047
f 3902 4047 4046
f 3903 3904 4048
f 3903 4048 4047
f 3904 3905 4049
f 3904 4049 4048
f 3905 3906 4050
f 3905 4050 4049
f 3906 3907 4051
f 3906 4051 4050
f 3907 3908 4052
f 3907 4052 4051
f 3908 3909 4053
f 3908 4053 4052
f 3909 3910 4054
f 3909 4054 4053
f 3910 3911 4055
f 3910 4055 4054
f 3911 3912 4056
f 3911 4056 4055
f 3912 3913 4057
f 3912 4057 4056
f 3913 3914 4058
f 3913 4058 4057
f 3914 3915 4059
f 3914 4059 4058
f 3915 3916 4060
f 3915 4060 4059
f 3916 3917 4061
f 3916 4061 4060
f 3917 3918 4062
f 3917 4062 4061
f 3918 3919 4063
f 3918 4063 4062
f 3919 3920 4064
f 3919 4064 4063
f 3920 3921 4065
f 3920 4065 4064
f 3921 3922 4066
f 3921 4066 4065
f 3922 3923 4067
f 3922 4067 4066
f 3923 3924 4068
f 3923 4068 4067
f 3924 3925 4069
f 3924 4069 4068
f 3925 3926 4070
f 3925 4070 4069
f 3926 3927 4071
f 3926 4071 4070
f 3927 3928 4072
f 3927 4072 4071
f 3928 3929 4073
f 3928 4073 4072
f 3929 3930 4074
f 3929 4074 4073
f 3930 3931 4075
f 3930 4075 4074
f 3931 3932 4076
f 3931 4076 4075
f 3932 3933 4077
f 3932 4077 4076
f 3933 3934 4078
f 3933 4078 4077
f 3934 3935 4079
f 3934 4079 4078
f 3935 3936 4080
f 3935 4080 4079
f 3936 3937 4081
f 3936 4081 4080
f 3937 3938 4082
f 3937 4082 4081
f 3938 3939 4083
f 3938 4083 4082
f 3939 3940 4084
f 3939 4084 4083
f 3940 3941 4085
f 3940 4085 4084
f 3941 3942 4086
f 3941 4086 4085
f 3942 3943 4087
f 3942 4087 4086
f 3943 3944 4088
f 3943 4088 4087
f 3944 3945 4089
f 3944 4089 4088
f 3945 3946 4090
f 3945 4090 4089
f 3946 3947 4091
f 3946 4091 4090
f 3947 3948 4092
f 3947 4092 4091
f 3948 3949 4093
f 3948 4093 4092
f 3949 3950 4094
f 3949 4094 4093
f 3950 3951 4095
f 3950 4095 4094
f 3951 3952 4096
f 3951 4096 4095
f 3952 3953 4097
f 3952 4097 4096
f 3953 3954 4098
f 3953 4098 4097
f 3954 3955 4099
f 3954 4099 4098
f 3955 3956 4100
f 3955 4100 4099
f 3956 3957 4101
f 3956 4101 4100
f 3957 3958 4102
f 3957 4102 4101
f 3958 3959 4103
f 3958 4103 4102
f 3959 3960 4104
f 3959 4104 4103
f 3960 3889 4033
f 3960 4033 4104
f 4033 4034 4178
f 4033 4178 4177
f 4034 4035 4179
f 4034 4179 4178
f 4035 4036 4180
f 4035 4180 4179
f 4036 4037 4181
f 4036 4181 4180
f 4037 4038 4182
f 4037 4182 4181
f 4038 4039 4183
f 4038 4183 4182
f 4039 4040 4184
f 4039 4184 4183
f 4040 4041 4185
f 4040 4185 4184
f 4041 4042 4186
f 4041 4186 4185
f 4042 4043 4187
f 4042 4187 4186
f 4043 4044 4188
f 4043 4188 4187
f 4044 4045 4189
f 4044 4189 4188
f 4045 4046 4190
f 4045 4190 4189
f 4046 4047 4191
f 4046 4191 4190
f 4047 4048 4192
f 4047 4192 4191
f 4048 4049 4193
f 4048 4193 4192
f 4049 4050 4194
f 4049 4194 4193
f 4050 4051 4195
f 4050 4195 4194
f 4051 4052 4196
f 4051 4196 4195
f 4052 4053 4197
f 4052 4197 4196
f 4053 4054 4198
f 4053 4198 4197
f 4054 4055 4199
f 4054 4199 4198
f 4055 4056 4200
f 4055 4200 4199
f 4056 4057 4201
f 4056 4201 4200
f 4057 4058 4202
f 4057 4202 4201
f 4058 4059 4203
f 4058 4203 4202
f 4059 4060 4204
f 4059 4204 4203
f 4060 4061 4205
f 4060 4205 4204
f 4061 4062 4206
f 4061 4206 4205
f 4062 4063 4207
f 4062 4207 4206
f 4063 4064 4208
f 4063 4208 4207
f 4064 4065 4209
f 4064 4209 4208
f 4065 4066 4210
f 4065 4210 4209
f 4066 4067 4211
f 4066 4211 4210
f 4067 4068 4212
f 4067 4212 4211
f 4068 4069 4213
f 4068 4213 4212
f 4069 4070 4214
f 4069 4214 4213
f 4070 4071 4215
f 4070 4215 4214
f 4071 4072 4216
f 4071 4216 4215
f 4072 4073 4217
f 4072 4217 4216
f 4073 4074 4218
f 4073 4218 4217
f 4074 4075 4219
f 4074 4219 4218
f 4075 4076 4220
f 4075 4220 4219
f 4076 4077 4221
f 4076 4221 4220
f 4077 4078 4222
f 4077 4222 4221
f 4078 4079 4223
f 4078 4223 4222
f 4079 4080 4224
f 4079 4224 4223
f 4080 4081 4225
f 4080 4225 4224
f 4081 4082 4226
f 4081 4226 4225
f 4082 4083 4227
f 4082 4227 4226
f 4083 4084 4228
f 4083 4228 4227
f 4084 4085 4229
f 4084 4229 4228
f 4085 4086 4230
f 4085 4230 4229
f 4086 4087 4231
f 4086 4231 4230
f 4087 4088 4232
f 4087 4232 4231
f 4088 4089 4233
f 4088 4233 4232
f 4089 4090 4234
f 4089 4234 4233
f 4090 4091 4235
f 4090 4235 4234
f 4091 4092 4236
f 4091 4236 4235
f 4092 4093 4237
f 4092 4237 4236
f 4093 4094 4238
f 4093 4238 4237
f 4094 4095 4239
f 4094 4239 4238
f 4095 4096 4240
f 4095 4240 4239
f 4096 4097 4241
f 4096 4241 4240
f 4097 4098 4242
f 4097 4242 4241
f 4098 4099 4243
f 4098 4243 4242
f 4099 4100 4244
f 4099 4244 4243
f 4100 4101 4245
f 4100 4245 4244
f 4101 4102 4246
f 4101 4246 4245
f 4102 4103 4247
f 4102 4247 4246
f 4103 4104 4248
f 4103 4248 4247
f 4104 4033 4177
f 4104 4177 4248
f 4177 4178 4322
f 4177 4322 4321
f 4178 4179 4323
f 4178 4323 4322
f 4179 4180 4324
f 4179 4324 4323
f 4180 4181 4325
f 4180 4325 4324
f 4181 4182 4326
f 4181 4326 4325
f 4182 4183 4327
f 4182 4327 4326
f 4183 4184 4328
f 4183 4328 4327
f 4184 4185 4329
f 4184 4329 4328
f 4185 4186 4330
f 4185 4330 4329
f 4186 4187 4331
f 4186 4331 4330
f 4187 4188 4332
f 4187 4332 4331
f 4188 4189 4333
f 4188 4333 4332
f 4189 4190 4334
f 4189 4334 4333
f 4190 4191 4335
f 4190 4335 4334
f 4191 4192 4336
f 4191 4336 4335
f 4192 4193 4337
f 4192 4337 4336
f 4193 4194 4338
f 4193 4338 4337
f 4194 4195 4339
f 4194 4339 4338
f 4195 4196 4340
f 4195 4340 4339
f 4196 4197 4341
f 4196 4341 4340
f 4197 4198 4342
f 4197 4342 4341
f 4198 4199 4343
f 4198 4343 4342
f 4199 4200 4344
f 4199 4344 4343
f 4200 4201 4345
f 4200 4345 4344
f 4201 4202 4346
f 4201 4346 4345
f 4202 4203 4347
f 4202 4347 4346
f 4203 4204 4348
f 4203 4348 4347
f 4204 4205 4349
f 4204 4349 4348
f 4205 4206 4350
f 4205 4350 4349
f 4206 4207 4351
f 4206 4351 4350
f 4207 4208 4352
f 4207 4352 4351
f 4208 4209 4353
f 4208 4353 4352
f 4209 4210 4354
f 4209 4354 4353
f 4210 4211 4355
f 4210 4355 4354
f 4211 4212 4356
f 4211 4356 4355
f 4212 4213 4357
f 4212 4357 4356
f 4213 4214 4358
f 4213 4358 4357
f 4214 4215 4359
f 4214 4359 4358
f 4215 4216 4360
f 4215 4360 4359
f 4216 4217 4361
f 4216 4361 4360
f 4217 4218 4362
f 4217 4362 4361
f 4218 4219 4363
f 4218 4363 4362
f 4219 4220 4364
f 4219 4364 4363
f 4220 4221 4365
f 4220 4365 4364
f 4221 4222 4366
f 4221 4366 4365
f 4222 4223 4367
f 4222 4367 4366
f 4223 4224 4368
f 4223 4368 4367
f 4224 4225 4369
f 4224 4369 4368
f 4225 4226 4370
f 4225 4370 4369
f 4226 4227 4371
f 4226 4371 4370
f 4227 4228 4372
f 4227 4372 4371
f 4228 4229 4373
f 4228 4373 4372
f 4229 4230 4374
f 4229 4374 4373
f 4230 4231 4375
f 4230 4375 4374
f 4231 4232 4376
f 4231 4376 4375
f 4232 4233 4377
f 4232 4377 4376
f 4233 4234 4378
f 4233 4378 4377
f 4234 4235 4379
f 4234 4379 4378
f 4235 4236 4380
f 4235 4380 4379
f 4236 4237 4381
f 4236 4381 4380
f 4237 4238 4382
f 4237 4382 4381
f 4238 4239 4383
f 4238 4383 4382
f 4239 4240 4384
f 4239 4384 4383
f 4240 4241 4385
f 4240 4385 4384
f 4241 4242 4386
f 4241 4386 4385
f 4242 4243 4387
f 4242 4387 4386
f 4243 4244 4388
f 4243 4388 4387
f 4244 4245 4389
f 4244 4389 4388
f 4245 4246 4390
f 4245 4390 4389
f 4246 4247 4391
f 4246 4391 4390
f 4247 4248 4392
f 4247 4392 4391
f 4248 4177 4321
f 4248 4321 4392
f 4321 4322 4466
f 4321 4466 4465
f 4322 4323 4467
f 4322 4467 4466
f 4323 4324 4468
f 4323 4468 4467
f 4324 4325 4469
f 4324 4469 4468
f 4325 4326 4470
f 4325 4470 4469
f 4326 4327 4471
f 4326 4471 4470
f 4327 4328 4472
f 4327 4472 4471
f 4328 4329 4473
f 4328 4473 4472
f 4329 4330 4474
f 4329 4474 4473
f 4330 4331 4475
f 4330 4475 4474
f 4331 4332 4476
f 4331 4476 4475
f 4332 4333 4477
f 4332 4477 4476
f 4333 4334 4478
f 4333 4478 4477
f 4334 4335 4479
f 4334 4479 4478
f 4335 4336 4480
f 4335 4480 4479
f 4336 4337 4481
f 4336 4481 4480
f 4337 4338 4482
f 4337 4482 4481
f 4338 4339 4483
f 4338 4483 4482
f 4339 4340 4484
f 4339 4484 4483
f 4340 4341 4485
f 4340 4485 4484
f 4341 4342 4486
f 4341 4486 4485
f 4342 4343 4487
f 4342 4487 4486
f 4343 4344 4488
f 4343 4488 4487
f 4344 4345 4489
f 4344 4489 4488
f 4345 4346 4490
f 4345 4490 4489
f 4346 4347 4491
f 4346 4491 4490
f 4347 4348 4492
f 4347 4492 4491
f 4348 4349 4493
f 4348 4493 4492
f 4349 4350 4494
f 4349 4494 4493
f 4350 4351 4495
f 4350 4495 4494
f 4351 4352 4496
f 4351 4496 4495
f 4352 4353 4497
f 4352 4497 4496
f 4353 4354 4498
f 4353 4498 4497
f 4354 4355 4499
f 4354 4499 4498
f 4355 4356 4500
f 4355 4500 4499
f 4356 4357 4501
f 4356 4501 4500
f 4357 4358 4502
f 4357 4502 4501
f 4358 4359 4503
f 4358 4503 4502
f 4359 4360 4504
f 4359 4504 4503
f 4360 4361 4505
f 4360 4505 4504
f 4361 4362 4506
f 4361 4506 4505
f 4362 4363 4507
f 4362 4507 4506
f 4363 4364 4508
f 4363 4508 4507
f 4364 4365 4509
f 4364 4509 4508
f 4365 4366 4510
f 4365 4510 4509
f 4366 4367 4511
f 4366 4511 4510
f 4367 4368 4512
f 4367 4512 4511
f 4368 4369 4513
f 4368 4513 4512
f 4369 4370 4514
f 4369 4514 4513
f 4370 4371 4515
f 4370 4515 4514
f 4371 4372 4516
f 4371 4516 4515
f 4372 4373 4517
f 4372 4517 4516
f 4373 4374 4518
f 4373 4518 4517
f 4374 4375 4519
f 4374 4519 4518
f 4375 4376 4520
f 4375 4520 4519
f 4376 4377 4521
f 4376 4521 4520
f 4377 4378 4522
f 4377 4522 4521
f 4378 4379 4523
f 4378 4523 4522
f 4379 4380 4524
f 4379 4524 4523
f 4380 4381 4525
f 4380 4525 4524
f 4381 4382 4526
f 4381 4526 4525
f 4382 4383 4527
f 4382 4527 4526
f 4383 4384 4528
f 4383 4528 4527
f 4384 4385 4529
f 4384 4529 4528
f 4385 4386 4530
f 4385 4530 4529
f 4386 4387 4531
f 4386 4531 4530
f 4387 4388 4532
f 4387 4532 4531
f 4388 4389 4533
f 4388 4533 4532
f 4389 4390 4534
f 4389 4534 4533
f 4390 4391 4535
f 4390 4535 4534
f 4391 4392 4536
f 4391 4536 4535
f 4392 4321 4465
f 4392 4465 4536
f 4465 4466 4610
f 4465 4610 4609
f 4466 4467 4611
f 4466 4611 4610
f 4467 4468 4612
f 4467 4612 4611
f 4468 4469 4613
f 4468 4613 4612
f 4469 4470 4614
f 4469 4614 4613
f 4470 4471 4615
f 4470 4615 4614
f 4471 4472 4616
f 4471 4616 4615
f 4472 4473 4617
f 4472 4617 4616
f 4473 4474 4618
f 4473 4618 4617
f 4474 4475 4619
f 4474 4619 4618
f 4475 4476 4620
f 4475 4620 4619
f 4476 4477 4621
f 4476 4621 4620
f 4477 4478 4622
f 4477 4622 4621
f 4478 4479 4623
f 4478 4623 4622
f 4479 4480 4624
f 4479 4624 4623
f 4480 4481 4625
f 4480 4625 4624
f 4481 4482 4626
f 4481 4626 4625
f 4482 4483 4627
f 4482 4627 4626
f 4483 4484 4628
f 4483 4628 4627
f 4484 4485 4629
f 4484 4629 4628
f 4485 4486 4630
f 4485 4630 4629
f 4486 4487 4631
f 4486 4631 4630
f 4487 4488 4632
f 4487 4632 4631
f 4488 4489 4633
f 4488 4633 4632
f 4489 4490 4634
f 4489 4634 4633
f 4490 4491 4635
f 4490 4635 4634
f 4491 4492 4636
f 4491 4636 4635
f 4492 4493 4637
f 4492 4637 4636
f 4493 4494 4638
f 4493 4638 4637
f 4494 4495 4639
f 4494 4639 4638
f 4495 4496 4640
f 4495 4640 4639
f 4496 4497 4641
f 4496 4641 4640
f 4497 4498 4642
f 4497 4642 4641
f 4498 4499 4643
f 4498 4643 4642
f 4499 4500 4644
f 4499 4644 4643
f 4500 4501 4645
f 4500 4645 4644
f 4501 4502 4646
f 4501 4646 4645
f 4502 4503 4647
f 4502 4647 4646
f 4503 4504 4648
f 4503 4648 4647
f 4504 4505 4649
f 4504 4649 4648
f 4505 4506 4650
f 4505 4650 4649
f 4506 4507 4651
f 4506 4651 4650
f 4507 4508 4652
f 4507 4652 4651
f 4508 4509 4653
f 4508 4653 4652
f 4509 4510 4654
f 4509 4654 4653
f 4510 4511 4655
f 4510 4655 4654
f 4511 4512 4656
f 4511 4656 4655
f 4512 4513 4657
f 4512 4657 4656
f 4513 4514 4658
f 4513 4658 4657
f 4514 4515 4659
f 4514 4659 4658
f 4515 4516 4660
f 4515 4660 4659
f 4516 4517 4661
f 4516 4661 4660
f 4517 4518 4662
f 4517 4662 4661
f 4518 4519 4663
f 4518 4663 4662
f 4519 4520 4664
f 4519 4664 4663
f 4520 4521 4665
f 4520 4665 4664
f 4521 4522 4666
f 4521 4666 4665
f 4522 4523 4667
f 4522 4667 4666
f 4523 4524 4668
f 4523 4668 4667
f 4524 4525 4669
f 4524 4669 4668
f 4525 4526 4670
f 4525 4670 4669
f 4526 4527 4671
f 4526 4671 4670
f 4527 4528 4672
f 4527 4672 4671
f 4528 4529 4673
f 4528 4673 4672
f 4529 4530 4674
f 4529 4674 4673
f 4530 4531 4675
f 4530 4675 4674
f 4531 4532 4676
f 4531 4676 4675
f 4532 4533 4677
f 4532 4677 4676
f 4533 4534 4678
f 4533 4678 4677
f 4534 4535 4679
f 4534 4679 4678
f 4535 4536 4680
f 4535 4680 4679
f 4536 4465 4609
f 4536 4609 4680
f 4609 4610 4754
f 4609 4754 4753
f 4610 4611 4755
f 4610 4755 4754
f 4611 4612 4756
f 4611 4756 4755
f 4612 4613 4757
f 4612 4757 4756
f 4613 4614 4758
f 4613 4758 4757
f 4614 4615 4759
f 4614 4759 4758
f 4615 4616 4760
f 4615 4760 4759
f 4616 4617 4761
f 4616 4761 4760
f 4617 4618 4762
f 4617 4762 4761
f 4618 4619 4763
f 4618 4763 4762
f 4619 4620 4764
f 4619 4764 4763
f 4620 4621 4765
f 4620 4765 4764
f 4621 4622 4766
f 4621 4766 4765
f 4622 4623 4767
f 4622 4767 4766
f 4623 4624 4768
f 4623 4768 4767
f 4624 4625 4769
f 4624 4769 4768
f 4625 4626 4770
f 4625 4770 4769
f 4626 4627 4771
f 4626 4771 4770
f 4627 4628 4772
f 4627 4772 4771
f 4628 4629 4773
f 4628 4773 4772
f 4629 4630 4774
f 4629 4774 4773
f 4630 4631 4775
f 4630 4775 4774
f 4631 4632 4776
f 4631 4776 4775
f 4632 4633 4777
f 4632 4777 4776
f 4633 4634 4778
f 4633 4778 4777
f 4634 4635 4779
f 4634 4779 4778
f 4635 4636 4780
f 4635 4780 4779
f 4636 4637 4781
f 4636 4781 4780
f 4637 4638 4782
f 4637 4782 4781
f 4638 4639 4783
f 4638 4783 4782
f 4639 4640 4784
f 4639 4784 4783
f 4640 4641 4785
f 4640 4785 4784
f 4641 4642 4786
f 4641 4786 4785
f 4642 4643 4787
f 4642 4787 4786
f 4643 4644 4788
f 4643 4788 4787
f 4644 4645 4789
f 4644 4789 4788
f 4645 4646 4790
f 4645 4790 4789
f 4646 4647 4791
f 4646 4791 4790
f 4647 4648 4792
f 4647 4792 4791
f 4648 4649 4793
f 4648 4793 4792
f 4649 4650 4794
f 4649 4794 4793
f 4650 4651 4795
f 4650 4795 4794
f 4651 4652 4796
f 4651 4796 4795
f 4652 4653 4797
f 4652 4797 4796
f 4653 4654 4798
f 4653 4798 4797
f 4654 4655 4799
f 4654 4799 4798
f 4655 4656 4800
f 4655 4800 4799
f 4656 4657 4801
f 4656 4801 4800
f 4657 4658 4802
f 4657 4802 4801
f 4658 4659 4803
f 4658 4803 4802
f 4659 4660 4804
f 4659 4804 4803
f 4660 4661 4805
f 4660 4805 4804
f 4661 4662 4806
f 4661 4806 4805
f 4662 4663 4807
f 4662 4807 4806
f 4663 4664 4808
f 4663 4808 4807
f 4664 4665 4809
f 4664 4809 4808
f 4665 4666 4810
f 4665 4810 4809
f 4666 4667 4811
f 4666 4811 4810
f 4667 4668 4812
f 4667 4812 4811
f 4668 4669 4813
f 4668 4813 4812
f 4669 4670 4814
f 4669 4814 4813
f 4670 4671 4815
f 4670 4815 4814
f 4671 4672 4816
f 4671 4816 4815
f 4672 4673 4817
f 4672 4817 4816
f 4673 4674 4818
f 4673 4818 4817
f 4674 4675 4819
f 4674 4819 4818
f 4675 4676 4820
f 4675 4820 4819
f 4676 4677 4821
f 4676 4821 4820
f 4677 4678 4822
f 4677 4822 4821
f 4678 4679 4823
f 4678 4823 4822
f 4679 4680 4824
f 4679 4824 4823
f 4680 4609 4753
f 4680 4753 4824
f 4753 4754 4898
f 4753 4898 4897
f 4754 4755 4899
f 4754 4899 4898
f 4755 4756 4900
f 4755 4900 4899
f 4756 4757 4901
f 4756 4901 4900
f 4757 4758 4902
f 4757 4902 4901
f 4758 4759 4903
f 4758 4903 4902
f 4759 4760 4904
f 4759 4904 4903
f 4760 4761 4905
f 4760 4905 4904
f 4761 4762 4906
f 4761 4906 4905
f 4762 4763 4907
f 4762 4907 4906
f 4763 4764 4908
f 4763 4908 4907
f 4764 4765 4909
f 4764 4909 4908
f 4765 4766 4910
f 4765 4910 4909
f 4766 4767 4911
f 4766 4911 4910
f 4767 4768 4912
f 4767 4912 4911
f 4768 4769 4913
f 4768 4913 4912
f 4769 4770 4914
f 4769 4914 4913
f 4770 4771 4915
f 4770 4915 4914
f 4771 4772 4916
f 4771 4916 4915
f 4772 4773 4917
f 4772 4917 4916
f 4773 4774 4918
f 4773 4918 4917
f 4774 4775 4919
f 4774 4919 4918
f 4775 4776 4920
f 4775 4920 4919
f 4776 4777 4921
f 4776 4921 4920
f 4777 4778 4922
f 4777 4922 4921
f 4778 4779 4923
f 4778 4923 4922
f 4779 4780 4924
f 4779 4924 4923
f 4780 4781 4925
f 4780 4925 4924
f 4781 4782 4926
f 4781 4926 4925
f 4782 4783 4927
f 4782 4927 4926
f 4783 4784 4928
f 4783 4928 4927
f 4784 4785 4929
f 4784 4929 4928
f 4785 4786 4930
f 4785 4930 4929
f 4786 4787 4931
f 4786 4931 4930
f 4787 4788 4932
f 4787 4932 4931
f 4788 4789 4933
f 4788 4933 4932
f 4789 4790 4934
f 4789 4934 4933
f 4790 4791 4935
f 4790 4935 4934
f 4791 4792 4936
f 4791 4936 4935
f 4792 4793 4937
f 4792 4937 4936
f 4793 4794 4938
f 4793 4938 4937
f 4794 4795 4939
f 4794 4939 4938
f 4795 4796 4940
f 4795 4940 4939
f 4796 4797 4941
f 4796 4941 4940
f 4797 4798 4942
f 4797 4942 4941
f 4798 4799 4943
f 4798 4943 4942
f 4799 4800 4944
f 4799 4944 4943
f 4800 4801 4945
f 4800 4945 4944
f 4801 4802 4946
f 4801 4946 4945
f 4802 4803 4947
f 4802 4947 4946
f 4803 4804 4948
f 4803 4948 4947
f 4804 4805 4949
f 4804 4949 4948
f 4805 4806 4950
f 4805 4950 4949
f 4806 4807 4951
f 4806 4951 4950
f 4807 4808 4952
f 4807 4952 4951
f 4808 4809 4953
f 4808 4953 4952
f 4809 4810 4954
f 4809 4954 4953
f 4810 4811 4955
f 4810 4955 4954
f 4811 4812 4956
f 4811 4956 4955
f 4812 4813 4957
f 4812 4957 4956
f 4813 4814 4958
f 4813 4958 4957
f 4814 4815 4959
f 4814 4959 4958
f 4815 4816 4960
f 4815 4960 4959
f 4816 4817 4961
f 4816 4961 4960
f 4817 4818 4962
f 4817 4962 4961
f 4818 4819 4963
f 4818 4963 4962
f 4819 4820 4964
f 4819 4964 4963
f 4820 4821 4965
f 4820 4965 4964
f 4821 4822 4966
f 4821 4966 4965
f 4822 4823 4967
f 4822 4967 4966
f 4823 4824 4968
f 4823 4968 4967
f 4824 4753 4897
f 4824 4897 4968
f 4897 4898 5042
f 4897 5042 5041
f 4898 4899 5043
f 4898 5043 5042
f 4899 4900 5044
f 4899 5044 5043
f 4900 4901 5045
f 4900 5045 5044
f 4901 4902 5046
f 4901 5046 5045
f 4902 4903 5047
f 4902 5047 5046
f 4903 4904 5048
f 4903 5048 5047
f 4904 4905 5049
f 4904 5049 5048
f 4905 4906 5050
f 4905 5050 5049
f 4906 4907 5051
f 4906 5051 5050
f 4907 4908 5052
f 4907 5052 5051
f 4908 4909 5053
f 4908 5053 5052
f 4909 4910 5054
f 4909 5054 5053
f 4910 4911 5055
f 4910 5055 5054
f 4911 4912 5056
f 4911 5056 5055
f 4912 4913 5057
f 4912 5057 5056
f 4913 4914 5058
f 4913 5058 5057
f 4914 4915 5059
f 4914 5059 5058
f 4915 4916 5060
f 4915 5060 5059
f 4916 4917 5061
f 4916 5061 5060
f 4917 4918 5062
f 4917 5062 5061
f 4918 4919 5063
f 4918 5063 5062
f 4919 4920 5064
f 4919 5064 5063
f 4920 4921 5065
f 4920 5065 5064
f 4921 4922 5066
f 4921 5066 5065
f 4922 4923 5067
f 4922 5067 5066
f 4923 4924 5068
f 4923 5068 5067
f 4924 4925 5069
f 4924 5069 5068
f 4925 4926 5070
f 4925 5070 5069
f 4926 4927 5071
f 4926 5071 5070
f 4927 4928 5072
f 4927 5072 5071
f 4928 4929 5073
f 4928 5073 5072
f 4929 4930 5074
f 4929 5074 5073
f 4930 4931 5075
f 4930 5075 5074
f 4931 4932 5076
f 4931 5076 5075
f 4932 4933 5077
f 4932 5077 5076
f 4933 4934 5078
f 4933 5078 5077
f 4934 4935 5079
f 4934 5079 5078
f 4935 4936 5080
f 4935 5080 5079
f 4936 4937 5081
f 4936 5081 5080
f 4937 4938 5082
f 4937 5082 5081
f 4938 4939 5083
f 4938 5083 5082
f 4939 4940 5084
f 4939 5084 5083
f 4940 4941 5085
f 4940 5085 5084
f 4941 4942 5086
f 4941 5086 5085
f 4942 4943 5087
f 4942 5087 5086
f 4943 4944 5088
f 4943 5088 5087
f 4944 4945 5089
f 4944 5089 5088
f 4945 4946 5090
f 4945 5090 5089
f 4946 4947 5091
f 4946 5091 5090
f 4947 4948 5092
f 4947 5092 5091
f 4948 4949 5093
f 4948 5093 5092
f 4949 4950 5094
f 4949 5094 5093
f 4950 4951 5095
f 4950 5095 5094
f 4951 4952 5096
f 4951 5096 5095
f 4952 4953 5097
f 4952 5097 5096
f 4953 4954 5098
f 4953 5098 5097
f 4954 4955 5099
f 4954 5099 5098
f 4955 4956 5100
f 4955 5100 5099
f 4956 4957 5101
f 4956 5101 5100
f 4957 4958 5102
f 4957 5102 5101
f 4958 4959 5103
f 4958 5103 5102
f 4959 4960 5104
f 4959 5104 5103
f 4960 4961 5105
f 4960 5105 5104
f 4961 4962 5106
f 4961 5106 5105
f 4962 4963 5107
f 4962 5107 5106
f 4963 4964 5108
f 4963 5108 5107
f 4964 4965 5109
f 4964 5109 5108
f 4965 4966 5110
f 4965 5110 5109
f 4966 4967 5111
f 4966 5111 5110
f 4967 4968 5112
f 4967 5112 5111
f 4968 4897 5041
f 4968 5041 5112
f 5041 5042 5186
f 5041 5186 5185
f 5042 5043 5187
f 5042 5187 5186
f 5043 5044 5188
f 5043 5188 5187
f 5044 5045 5189
f 5044 5189 5188
f 5045 5046 5190
f 5045 5190 5189
f 5046 5047 5191
f 5046 5191 5190
f 5047 5048 5192
f 5047 5192 5191
f 5048 5049 5193
f 5048 5193 5192
f 5049 5050 5194
f 5049 5194 5193
f 5050 5051 5195
f 5050 5195 5194
f 5051 5052 5196
f 5051 5196 5195
f 5052 5053 5197
f 5052 5197 5196
f 5053 5054 5198
f 5053 5198 5197
f 5054 5055 5199
f 5054 5199 5198
f 5055 5056 5200
f 5055 5200 5199
f 5056 5057 5201
f 5056 5201 5200
f 5057 5058 5202
f 5057 5202 5201
f 5058 5059 5203
f 5058 5203 5202
f 5059 5060 5204
f 5059 5204 5203
f 5060 5061 5205
f 5060 5205 5204
f 5061 5062 5206
f 5061 5206 5205
f 5062 5063 5207
f 5062 5207 5206
f 5063 5064 5208
f 5063 5208 5207
f 5064 5065 5209
f 5064 5209 5208
f 5065 5066 5210
f 5065 5210 5209
f 5066 5067 5211
f 5066 5211 5210
f 5067 5068 5212
f 5067 5212 5211
f 5068 5069 5213
f 5068 5213 5212
f 5069 5070 5214
f 5069 5214 5213
f 5070 5071 5215
f 5070 5215 5214
f 5071 5072 5216
f 5071 5216 5215
f 5072 5073 5217
f 5072 5217 5216
f 5073 5074 5218
f 5073 5218 5217
f 5074 5075 5219
f 5074 5219 5218
f 5075 5076 5220
f 5075 5220 5219
f 5076 5077 5221
f 5076 5221 5220
f 5077 5078 5222
f 5077 5222 5221
f 5078 5079 5223
f 5078 5223 5222
f 5079 5080 5224
f 5079 5224 5223
f 5080 5081 5225
f 5080 5225 5224
f 5081 5082 5226
f 5081 5226 5225
f 5082 5083 5227
f 5082 5227 5226
f 5083 5084 5228
f 5083 5228 5227
f 5084 5085 5229
f 5084 5229 5228
f 5085 5086 5230
f 5085 5230 5229
f 5086 5087 5231
f 5086 5231 5230
f 5087 5088 5232
f 5087 5232 5231
f 5088 5089 5233
f 5088 5233 5232
f 5089 5090 5234
f 5089 5234 5233
f 5090 5091 5235
f 5090 5235 5234
f 5091 5092 5236
f 5091 5236 5235
f 5092 5093 5237
f 5092 5237 5236
f 5093 5094 5238
f 5093 5238 5237
f 5094 5095 5239
f 5094 5239 5238
f 5095 5096 5240
f 5095 5240 5239
f 5096 5097 5241
f 5096 5241 5240
f 5097 5098 5242
f 5097 5242 5241
f 5098 5099 5243
f 5098 5243 5242
f 5099 5100 5244
f 5099 5244 5243
f 5100 5101 5245
f 5100 5245 5244
f 5101 5102 5246
f 5101 5246 5245
f 5102 5103 5247
f 5102 5247 5246
f 5103 5104 5248
f 5103 5248 5247
f 5104 5105 5249
f 5104 5249 5248
f 5105 5106 5250
f 5105 5250 5249
f 5106 5107 5251
f 5106 5251 5250
f 5107 5108 5252
f 5107 5252 5251
f 5108 5109 5253
f 5108 5253 5252
f 5109 5110 5254
f 5109 5254 5253
f 5110 5111 5255
f 5110 5255 5254
f 5111 5112 5256
f 5111 5256 5255
f 5112 5041 5185
f 5112 5185 5256
f 5185 5186 5330
f 5185 5330 5329
f 5186 5187 5331
f 5186 5331 5330
f 5187 5188 5332
f 5187 5332 5331
f 5188 5189 5333
f 5188 5333 5332
f 5189 5190 5334
f 5189 5334 5333
f 5190 5191 5335
f 5190 5335 5334
f 5191 5192 5336
f 5191 5336 5335
f 5192 5193 5337
f 5192 5337 5336
f 5193 5194 5338
f 5193 5338 5337
f 5194 5195 5339
f 5194 5339 5338
f 5195 5196 5340
f 5195 5340 5339
f 5196 5197 5341
f 5196 5341 5340
f 5197 5198 5342
f 5197 5342 5341
f 5198 5199 5343
f 5198 5343 5342
f 5199 5200 5344
f 5199 5344 5343
f 5200 5201 5345
f 5200 5345 5344
f 5201 5202 5346
f 5201 5346 5345
f 5202 5203 5347
f 5202 5347 5346
f 5203 5204 5348
f 5203 5348 5347
f 5204 5205 5349
f 5204 5349 5348
f 5205 5206 5350
f 5205 5350 5349
f 5206 5207 5351
f 5206 5351 5350
f 5207 5208 5352
f 5207 5352 5351
f 5208 5209 5353
f 5208 5353 5352
f 5209 5210 5354
f 5209 5354 5353
f 5210 5211 5355
f 5210 5355 5354
f 5211 5212 5356
f 5211 5356 5355
f 5212 5213 5357
f 5212 5357 5356
f 5213 5214 5358
f 5213 5358 5357
f 5214 5215 5359
f 5214 5359 5358
f 5215 5216 5360
f 5215 5360 5359
f 5216 5217 5361
f 5216 5361 5360
f 5217 5218 5362
f 5217 5362 5361
f 5218 5219 5363
f 5218 5363 5362
f 5219 5220 5364
f 5219 5364 5363
f 5220 5221 5365
f 5220 5365 5364
f 5221 5222 5366
f 5221 5366 5365
f 5222 5223 5367
f 5222 5367 5366
f 5223 5224 5368
f 5223 5368 5367
f 5224 5225 5369
f 5224 5369 5368
f 5225 5226 5370
f 5225 5370 5369
f 5226 5227 5371
f 5226 5371 5370
f 5227 5228 5372
f 5227 5372 5371
f 5228 5229 5373
f 5228 5373 5372
f 5229 5230 5374
f 5229 5374 5373
f 5230 5231 5375
f 5230 5375 5374
f 5231 5232 5376
f 5231 5376 5375
f 5232 5233 5377
f 5232 5377 5376
f 5233 5234 5378
f 5233 5378 5377
f 5234 5235 5379
f 5234 5379 5378
f 5235 5236 5380
f 5235 5380 5379
f 5236 5237 5381
f 5236 5381 5380
f 5237 5238 5382
f 5237 5382 5381
f 5238 5239 5383
f 5238 5383 5382
f 5239 5240 5384
f 5239 5384 5383
f 5240 5241 5385
f 5240 5385 5384
f 5241 5242 5386
f 5241 5386 5385
f 5242 5243 5387
f 5242 5387 5386
f 5243 5244 5388
f 5243 5388 5387
f 5244 5245 5389
f 5244 5389 5388
f 5245 5246 5390
f 5245 5390 5389
f 5246 5247 5391
f 5246 5391 5390
f 5247 5248 5392
f 5247 5392 5391
f 5248 5249 5393
f 5248 5393 5392
f 5249 5250 5394
f 5249 5394 5393
f 5250 5251 5395
f 5250 5395 5394
f 5251 5252 5396
f 5251 5396 5395
f 5252 5253 5397
f 5252 5397 5396
f 5253 5254 5398
f 5253 5398 5397
f 5254 5255 5399
f 5254 5399 5398
f 5255 5256 5400
f 5255 5400 5399
f 5256 5185 5329
f 5256 5329 5400
f 5329 5330 5474
f 5329 5474 5473
f 5330 5331 5475
f 5330 5475 5474
f 5331 5332 5476
f 5331 5476 5475
f 5332 5333 5477
f 5332 5477 5476
f 5333 5334 5478
f 5333 5478 5477
f 5334 5335 5479
f 5334 5479 5478
f 5335 5336 5480
f 5335 5480 5479
f 5336 5337 5481
f 5336 5481 5480
f 5337 5338 5482
f 5337 5482 5481
f 5338 5339 5483
f 5338 5483 5482
f 5339 5340 5484
f 5339 5484 5483
f 5340 5341 5485
f 5340 5485 5484
f 5341 5342 5486
f 5341 5486 5485
f 5342 5343 5487
f 5342 5487 5486
f 5343 5344 5488
f 5343 5488 5487
f 5344 5345 5489
f 5344 5489 5488
f 5345 5346 5490
f 5345 5490 5489
f 5346 5347 5491
f 5346 5491 5490
f 5347 5348 5492
f 5347 5492 5491
f 5348 5349 5493
f 5348 5493 5492
f 5349 5350 5494
f 5349 5494 5493
f 5350 5351 5495
f 5350 5495 5494
f 5351 5352 5496
f 5351 5496 5495
f 5352 5353 5497
f 5352 5497 5496
f 5353 5354 5498
f 5353 5498 5497
f 5354 5355 5499
f 5354 5499 5498
f 5355 5356 5500
f 5355 5500 5499
f 5356 5357 5501
f 5356 5501 5500
f 5357 5358 5502
f 5357 5502 5501
f 5358 5359 5503
f 5358 5503 5502
f 5359 5360 5504
f 5359 5504 5503
f 5360 5361 5505
f 5360 5505 5504
f 5361 5362 5506
f 5361 5506 5505
f 5362 5363 5507
f 5362 5507 5506
f 5363 5364 5508
f 5363 5508 5507
f 5364 5365 5509
f 5364 5509 5508
f 5365 5366 5510
f 5365 5510 5509
f 5366 5367 5511
f 5366 5511 5510
f 5367 5368 5512
f 5367 5512 5511
f 5368 5369 5513
f 5368 5513 5512
f 5369 5370 5514
f 5369 5514 5513
f 5370 5371 5515
f 5370 5515 5514
f 5371 5372 5516
f 5371 5516 5515
f 5372 5373 5517
f 5372 5517 5516
f 5373 5374 5518
f 5373 5518 5517
f 5374 5375 5519
f 5374 5519 5518
f 5375 5376 5520
f 5375 5520 5519
f 5376 5377 5521
f 5376 5521 5520
f 5377 5378 5522
f 5377 5522 5521
f 5378 5379 5523
f 5378 5523 5522
f 5379 5380 5524
f 5379 5524 5523
f 5380 5381 5525
f 5380 5525 5524
f 5381 5382 5526
f 5381 5526 5525
f 5382 5383 5527
f 5382 5527 5526
f 5383 5384 5528
f 5383 5528 5527
f 5384 5385 5529
f 5384 5529 5528
f 5385 5386 5530
f 5385 5530 5529
f 5386 5387 5531
f 5386 5531 5530
f 5387 5388 5532
f 5387 5532 5531
f 5388 5389 5533
f 5388 5533 5532
f 5389 5390 5534
f 5389 5534 5533
f 5390 5391 5535
f 5390 5535 5534
f 5391 5392 5536
f 5391 5536 5535
f 5392 5393 5537
f 5392 5537 5536
f 5393 5394 5538
f 5393 5538 5537
f 5394 5395 5539
f 5394 5539 5538
f 5395 5396 5540
f 5395 5540 5539
f 5396 5397 5541
f 5396 5541 5540
f 5397 5398 5542
f 5397 5542 5541
f 5398 5399 5543
f 5398 5543 5542
f 5399 5400 5544
f 5399 5544 5543
f 5400 5329 5473
f 5400 5473 5544
f 5473 5474 5618
f 5473 5618 5617
f 5474 5475 5619
f 5474 5619 5618
f 5475 5476 5620
f 5475 5620 5619
f 5476 5477 5621
f 5476 5621 5620
f 5477 5478 5622
f 5477 5622 5621
f 5478 5479 5623
f 5478 5623 5622
f 5479 5480 5624
f 5479 5624 5623
f 5480 5481 5625
f 5480 5625 5624
f 5481 5482 5626
f 5481 5626 5625
f 5482 5483 5627
f 5482 5627 5626
f 5483 5484 5628
f 5483 5628 5627
f 5484 5485 5629
f 5484 5629 5628
f 5485 5486 5630
f 5485 5630 5629
f 5486 5487 5631
f 5486 5631 5630
f 5487 5488 5632
f 5487 5632 5631
f 5488 5489 5633
f 5488 5633 5632
f 5489 5490 5634
f 5489 5634 5633
f 5490 5491 5635
f 5490 5635 5634
f 5491 5492 5636
f 5491 5636 5635
f 5492 5493 5637
f 5492 5637 5636
f 5493 5494 5638
f 5493 5638 5637
f 5494 5495 5639
f 5494 5639 5638
f 5495 5496 5640
f 5495 5640 5639
f 5496 5497 5641
f 5496 5641 5640
f 5497 5498 5642
f 5497 5642 5641
f 5498 5499 5643
f 5498 5643 5642
f 5499 5500 5644
f 5499 5644 5643
f 5500 5501 5645
f 5500 5645 5644
f 5501 5502 5646
f 5501 5646 5645
f 5502 5503 5647
f 5502 5647 5646
f 5503 5504 5648
f 5503 5648 5647
f 5504 5505 5649
f 5504 5649 5648
f 5505 5506 5650
f 5505 5650 5649
f 5506 5507 5651
f 5506 5651 5650
f 5507 5508 5652
f 5507 5652 5651
f 5508 5509 5653
f 5508 5653 5652
f 5509 5510 5654
f 5509 5654 5653
f 5510 5511 5655
f 5510 5655 5654
f 5511 5512 5656
f 5511 5656 5655
f 5512 5513 5657
f 5512 5657 5656
f 5513 5514 5658
f 5513 5658 5657
f 5514 5515 5659
f 5514 5659 5658
f 5515 5516 5660
f 5515 5660 5659
f 5516 5517 5661
f 5516 5661 5660
f 5517 5518 5662
f 5517 5662 5661
f 5518 5519 5663
f 5518 5663 5662
f 5519 5520 5664
f 5519 5664 5663
f 5520 5521 5665
f 5520 5665 5664
f 5521 5522 5666
f 5521 5666 5665
f 5522 5523 5667
f 5522 5667 5666
f 5523 5524 5668
f 5523 5668 5667
f 5524 5525 5669
f 5524 5669 5668
f 5525 5526 5670
f 5525 5670 5669
f 5526 5527 5671
f 5526 5671 5670
f 5527 5528 5672
f 5527 5672 5671
f 5528 5529 5673
f 5528 5673 5672
f 5529 5530 5674
f 5529 5674 5673
f 5530 5531 5675
f 5530 5675 5674
f 5531 5532 5676
f 5531 5676 5675
f 5532 5533 5677
f 5532 5677 5676
f 5533 5534 5678
f 5533 5678 5677
f 5534 5535 5679
f 5534 5679 5678
f 5535 5536 5680
f 5535 5680 5679
f 5536 5537 5681
f 5536 5681 5680
f 5537 5538 5682
f 5537 5682 5681
f 5538 5539 5683
f 5538 5683 5682
f 5539 5540 5684
f 5539 5684 5683
f 5540 5541 5685
f 5540 5685 5684
f 5541 5542 5686
f 5541 5686 5685
f 5542 5543 5687
f 5542 5687 5686
f 5543 5544 5688
f 5543 5688 5687
f 5544 5473 5617
f 5544 5617 5688
f 5617 5618 5762
f 5617 5762 5761
f 5618 5619 5763
f 5618 5763 5762
f 5619 5620 5764
f 5619 5764 5763
f 5620 5621 5765
f 5620 5765 5764
f 5621 5622 5766
f 5621 5766 5765
f 5622 5623 5767
f 5622 5767 5766
f 5623 5624 5768
f 5623 5768 5767
f 5624 5625 5769
f 5624 5769 5768
f 5625 5626 5770
f 5625 5770 5769
f 5626 5627 5771
f 5626 5771 5770
f 5627 5628 5772
f 5627 5772 5771
f 5628 5629 5773
f 5628 5773 5772
f 5629 5630 5774
f 5629 5774 5773
f 5630 5631 5775
f 5630 5775 5774
f 5631 5632 5776
f 5631 5776 5775
f 5632 5633 5777
f 5632 5777 5776
f 5633 5634 5778
f 5633 5778 5777
f 5634 5635 5779
f 5634 5779 5778
f 5635 5636 5780
f 5635 5780 5779
f 5636 5637 5781
f 5636 5781 5780
f 5637 5638 5782
f 5637 5782 5781
f 5638 5639 5783
f 5638 5783 5782
f 5639 5640 5784
f 5639 5784 5783
f 5640 5641 5785
f 5640 5785 5784
f 5641 5642 5786
f 5641 5786 5785
f 5642 5643 5787
f 5642 5787 5786
f 5643 5644 5788
f 5643 5788 5787
f 5644 5645 5789
f 5644 5789 5788
f 5645 5646 5790
f 5645 5790 5789
f 5646 5647 5791
f 5646 5791 5790
f 5647 5648 5792
f 5647 5792 5791
f 5648 5649 5793
f 5648 5793 5792
f 5649 5650 5794
f 5649 5794 5793
f 5650 5651 5795
f 5650 5795 5794
f 5651 5652 5796
f 5651 5796 5795
f 5652 5653 5797
f 5652 5797 5796
f 5653 5654 5798
f 5653 5798 5797
f 5654 5655 5799
f 5654 5799 5798
f 5655 5656 5800
f 5655 5800 5799
f 5656 5657 5801
f 5656 5801 5800
f 5657 5658 5802
f 5657 5802 5801
f 5658 5659 5803
f 5658 5803 5802
f 5659 5660 5804
f 5659 5804 5803
f 5660 5661 5805
f 5660 5805 5804
f 5661 5662 5806
f 5661 5806 5805
f 5662 5663 5807
f 5662 5807 5806
f 5663 5664 5808
f 5663 5808 5807
f 5664 5665 5809
f 5664 5809 5808
f 5665 5666 5810
f 5665 5810 5809
f 5666 5667 5811
f 5666 5811 5810
f 5667 5668 5812
f 5667 5812 5811
f 5668 5669 5813
f 5668 5813 5812
f 5669 5670 5814
f 5669 5814 5813
f 5670 5671 5815
f 5670 5815 5814
f 5671 5672 5816
f 5671 5816 5815
f 5672 5673 5817
f 5672 5817 5816
f 5673 5674 5818
f 5673 5818 5817
f 5674 5675 5819
f 5674 5819 5818
f 5675 5676 5820
f 5675 5820 5819
f 5676 5677 5821
f 5676 5821 5820
f 5677 5678 5822
f 5677 5822 5821
f 5678 5679 5823
f 5678 5823 5822
f 5679 5680 5824
f 5679 5824 5823
f 5680 5681 5825
f 5680 5825 5824
f 5681 5682 5826
f 5681 5826 5825
f 5682 5683 5827
f 5682 5827 5826
f 5683 5684 5828
f 5683 5828 5827
f 5684 5685 5829
f 5684 5829 5828
f 5685 5686 5830
f 5685 5830 5829
f 5686 5687 5831
f 5686 5831 5830
f 5687 5688 5832
f 5687 5832 5831
f 5688 5617 5761
f 5688 5761 5832
f 5761 5762 5906
f 5761 5906 5905
f 5762 5763 5907
f 5762 5907 5906
f 5763 5764 5908
f 5763 5908 5907
f 5764 5765 5909
f 5764 5909 5908
f 5765 5766 5910
f 5765 5910 5909
f 5766 5767 5911
f 5766 5911 5910
f 5767 5768 5912
f 5767 5912 5911
f 5768 5769 5913
f 5768 5913 5912
f 5769 5770 5914
f 5769 5914 5913
f 5770 5771 5915
f 5770 5915 5914
f 5771 5772 5916
f 5771 5916 5915
f 5772 5773 5917
f 5772 5917 5916
f 5773 5774 5918
f 5773 5918 5917
f 5774 5775 5919
f 5774 5919 5918
f 5775 5776 5920
f 5775 5920 5919
f 5776 5777 5921
f 5776 5921 5920
f 5777 5778 5922
f 5777 5922 5921
f 5778 5779 5923
f 5778 5923 5922
f 5779 5780 5924
f 5779 5924 5923
f 5780 5781 5925
f 5780 5925 5924
f 5781 5782 5926
f 5781 5926 5925
f 5782 5783 5927
f 5782 5927 5926
f 5783 5784 5928
f 5783 5928 5927
f 5784 5785 5929
f 5784 5929 5928
f 5785 5786 5930
f 5785 5930 5929
f 5786 5787 5931
f 5786 5931 5930
f 5787 5788 5932
f 5787 5932 5931
f 5788 5789 5933
f 5788 5933 5932
f 5789 5790 5934
f 5789 5934 5933
f 5790 5791 5935
f 5790 5935 5934
f 5791 5792 5936
f 5791 5936 5935
f 5792 5793 5937
f 5792 5937 5936
f 5793 5794 5938
f 5793 5938 5937
f 5794 5795 5939
f 5794 5939 5938
f 5795 5796 5940
f 5795 5940 5939
f 5796 5797 5941
f 5796 5941 5940
f 5797 5798 5942
f 5797 5942 5941
f 5798 5799 5943
f 5798 5943 5942
f 5799 5800 5944
f 5799 5944 5943
f 5800 5801 5945
f 5800 5945 5944
f 5801 5802 5946
f 5801 5946 5945
f 5802 5803 5947
f 5802 5947 5946
f 5803 5804 5948
f 5803 5948 5947
f 5804 5805 5949
f 5804 5949 5948
f 5805 5806 5950
f 5805 5950 5949
f 5806 5807 5951
f 5806 5951 5950
f 5807 5808 5952
f 5807 5952 5951
f 5808 5809 5953
f 5808 5953 5952
f 5809 5810 5954
f 5809 5954 5953
f 5810 5811 5955
f 5810 5955 5954
f 5811 5812 5956
f 5811 5956 5955
f 5812 5813 5957
f 5812 5957 5956
f 5813 5814 5958
f 5813 5958 5957
f 5814 5815 5959
f 5814 5959 5958
f 5815 5816 5960
f 5815 5960 5959
f 5816 5817 5961
f 5816 5961 5960
f 5817 5818 5962
f 5817 5962 5961
f 5818 5819 5963
f 5818 5963 5962
f 5819 5820 5964
f 5819 5964 5963
f 5820 5821 5965
f 5820 5965 5964
f 5821 5822 5966
f 5821 5966 5965
f 5822 5823 5967
f 5822 5967 5966
f 5823 5824 5968
f 5823 5968 5967
f 5824 5825 5969
f 5824 5969 5968
f 5825 5826 5970
f 5825 5970 5969
f 5826 5827 5971
f 5826 5971 5970
f 5827 5828 5972
f 5827 5972 5971
f 5828 5829 5973
f 5828 5973 5972
f 5829 5830 5974
f 5829 5974 5973
f 5830 5831 5975
f 5830 5975 5974
f 5831 5832 5976
f 5831 5976 5975
f 5832 5761 5905
f 5832 5905 5976
f 5905 5906 6050
f 5905 6050 6049
f 5906 5907 6051
f 5906 6051 6050
f 5907 5908 6052
f 5907 6052 6051
f 5908 5909 6053
f 5908 6053 6052
f 5909 5910 6054
f 5909 6054 6053
f 5910 5911 6055
f 5910 6055 6054
f 5911 5912 6056
f 5911 6056 6055
f 5912 5913 6057
f 5912 6057 6056
f 5913 5914 6058
f 5913 6058 6057
f 5914 5915 6059
f 5914 6059 6058
f 5915 5916 6060
f 5915 6060 6059
f 5916 5917 6061
f 5916 6061 6060
f 5917 5918 6062
f 5917 6062 6061
f 5918 5919 6063
f 5918 6063 6062
f 5919 5920 6064
f 5919 6064 6063
f 5920 5921 6065
f 5920 6065 6064
f 5921 5922 6066
f 5921 6066 6065
f 5922 5923 6067
f 5922 6067 6066
f 5923 5924 6068
f 5923 6068 6067
f 5924 5925 6069
f 5924 6069 6068
f 5925 5926 6070
f 5925 6070 6069
f 5926 5927 6071
f 5926 6071 6070
f 5927 5928 6072
f 5927 6072 6071
f 5928 5929 6073
f 5928 6073 6072
f 5929 5930 6074
f 5929 6074 6073
f 5930 5931 6075
f 5930 6075 6074
f 5931 5932 6076
f 5931 6076 6075
f 5932 5933 6077
f 5932 6077 6076
f 5933 5934 6078
f 5933 6078 6077
f 5934 5935 6079
f 5934 6079 6078
f 5935 5936 6080
f 5935 6080 6079
f 5936 5937 6081
f 5936 6081 6080
f 5937 5938 6082
f 5937 6082 6081
f 5938 5939 6083
f 5938 6083 6082
f 5939 5940 6084
f 5939 6084 6083
f 5940 5941 6085
f 5940 6085 6084
f 5941 5942 6086
f 5941 6086 6085
f 5942 5943 6087
f 5942 6087 6086
f 5943 5944 6088
f 5943 6088 6087
f 5944 5945 6089
f 5944 6089 6088
f 5945 5946 6090
f 5945 6090 6089
f 5946 5947 6091
f 5946 6091 6090
f 5947 5948 6092
f 5947 6092 6091
f 5948 5949 6093
f 5948 6093 6092
f 5949 5950 6094
f 5949 6094 6093
f 5950 5951 6095
f 5950 6095 6094
f 5951 5952 6096
f 5951 6096 6095
f 5952 5953 6097
f 5952 6097 6096
f 5953 5954 6098
f 5953 6098 6097
f 5954 5955 6099
f 5954 6099 6098
f 5955 5956 6100
f 5955 6100 6099
f 5956 5957 6101
f 5956 6101 6100
f 5957 5958 6102
f 5957 6102 6101
f 5958 5959 6103
f 5958 6103 6102
f 5959 5960 6104
f 5959 6104 6103
f 5960 5961 6105
f 5960 6105 6104
f 5961 5962 6106
f 5961 6106 6105
f 5962 5963 6107
f 5962 6107 6106
f 5963 5964 6108
f 5963 6108 6107
f 5964 5965 6109
f 5964 6109 6108
f 5965 5966 6110
f 5965 6110 6109
f 5966 5967 6111
f 5966 6111 6110
f 5967 5968 6112
f 5967 6112 6111
f 5968 5969 6113
f 5968 6113 6112
f 5969 5970 6114
f 5969 6114 6113
f 5970 5971 6115
f 5970 6115 6114
f 5971 5972 6116
f 5971 6116 6115
f 5972 5973 6117
f 5972 6117 6116
f 5973 5974 6118
f 5973 6118 6117
f 5974 5975 6119
f 5974 6119 6118
f 5975 5976 6120
f 5975 6120 6119
f 5976 5905 6049
f 5976 6049 6120
f 6049 6050 6194
f 6049 6194 6193
f 6050 6051 6195
f 6050 6195 6194
f 6051 6052 6196
f 6051 6196 6195
f 6052 6053 6197
f 6052 6197 6196
f 6053 6054 6198
f 6053 6198 6197
f 6054 6055 6199
f 6054 6199 6198
f 6055 6056 6200
f 6055 6200 6199
f 6056 6057 6201
f 6056 6201 6200
f 6057 6058 6202
f 6057 6202 6201
f 6058 6059 6203
f 6058 6203 6202
f 6059 6060 6204
f 6059 6204 6203
f 6060 6061 6205
f 6060 6205 6204
f 6061 6062 6206
f 6061 6206 6205
f 6062 6063 6207
f 6062 6207 6206
f 6063 6064 6208
f 6063 6208 6207
f 6064 6065 6209
f 6064 6209 6208
f 6065 6066 6210
f 6065 6210 6209
f 6066 6067 6211
f 6066 6211 6210
f 6067 6068 6212
f 6067 6212 6211
f 6068 6069 6213
f 6068 6213 6212
f 6069 6070 6214
f 6069 6214 6213
f 6070 6071 6215
f 6070 6215 6214
f 6071 6072 6216
f 6071 6216 6215
f 6072 6073 6217
f 6072 6217 6216
f 6073 6074 6218
f 6073 6218 6217
f 6074 6075 6219
f 6074 6219 6218
f 6075 6076 6220
f 6075 6220 6219
f 6076 6077 6221
f 6076 6221 6220
f 6077 6078 6222
f 6077 6222 6221
f 6078 6079 6223
f 6078 6223 6222
f 6079 6080 6224
f 6079 6224 6223
f 6080 6081 6225
f 6080 6225 6224
f 6081 6082 6226
f 6081 6226 6225
f 6082 6083 6227
f 6082 6227 6226
f 6083 6084 6228
f 6083 6228 6227
f 6084 6085 6229
f 6084 6229 6228
f 6085 6086 6230
f 6085 6230 6229
f 6086 6087 6231
f 6086 6231 6230
f 6087 6088 6232
f 6087 6232 6231
f 6088 6089 6233
f 6088 6233 6232
f 6089 6090 6234
f 6089 6234 6233
f 6090 6091 6235
f 6090 6235 6234
f 6091 6092 6236
f 6091 6236 6235
f 6092 6093 6237
f 6092 6237 6236
f 6093 6094 6238
f 6093 6238 6237
f 6094 6095 6239
f 6094 6239 6238
f 6095 6096 6240
f 6095 6240 6239
f 6096 6097 6241
f 6096 6241 6240
f 6097 6098 6242
f 6097 6242 6241
f 6098 6099 6243
f 6098 6243 6242
f 6099 6100 6244
f 6099 6244 6243
f 6100 6101 6245
f 6100 6245 6244
f 6101 6102 6246
f 6101 6246 6245
f 6102 6103 6247
f 6102 6247 6246
f 6103 6104 6248
f 6103 6248 6247
f 6104 6105 6249
f 6104 6249 6248
f 6105 6106 6250
f 6105 6250 6249
f 6106 6107 6251
f 6106 6251 6250
f 6107 6108 6252
f 6107 6252 6251
f 6108 6109 6253
f 6108 6253 6252
f 6109 6110 6254
f 6109 6254 6253
f 6110 6111 6255
f 6110 6255 6254
f 6111 6112 6256
f 6111 6256 6255
f 6112 6113 6257
f 6112 6257 6256
f 6113 6114 6258
f 6113 6258 6257
f 6114 6115 6259
f 6114 6259 6258
f 6115 6116 6260
f 6115 6260 6259
f 6116 6117 6261
f 6116 6261 6260
f 6117 6118 6262
f 6117 6262 6261
f 6118 6119 6263
f 6118 6263 6262
f 6119 6120 6264
f 6119 6264 6263
f 6120 6049 6193
f 6120 6193 6264
f 6193 6194 6338
f 6193 6338 6337
f 6194 6195 6339
f 6194 6339 6338
f 6195 6196 6340
f 6195 6340 6339
f 6196 6197 6341
f 6196 6341 6340
f 6197 6198 6342
f 6197 6342 6341
f 6198 6199 6343
f 6198 6343 6342
f 6199 6200 6344
f 6199 6344 6343
f 6200 6201 6345
f 6200 6345 6344
f 6201 6202 6346
f 6201 6346 6345
f 6202 6203 6347
f 6202 6347 6346
f 6203 6204 6348
f 6203 6348 6347
f 6204 6205 6349
f 6204 6349 6348
f 6205 6206 6350
f 6205 6350 6349
f 6206 6207 6351
f 6206 6351 6350
f 6207 6208 6352
f 6207 6352 6351
f 6208 6209 6353
f 6208 6353 6352
f 6209 6210 6354
f 6209 6354 6353
f 6210 6211 6355
f 6210 6355 6354
f 6211 6212 6356
f 6211 6356 6355
f 6212 6213 6357
f 6212 6357 6356
f 6213 6214 6358
f 6213 6358 6357
f 6214 6215 6359
f 6214 6359 6358
f 6215 6216 6360
f 6215 6360 6359
f 6216 6217 6361
f 6216 6361 6360
f 6217 6218 6362
f 6217 6362 6361
f 6218 6219 6363
f 6218 6363 6362
f 6219 6220 6364
f 6219 6364 6363
f 6220 6221 6365
f 6220 6365 6364
f 6221 6222 6366
f 6221 6366 6365
f 6222 6223 6367
f 6222 6367 6366
f 6223 6224 6368
f 6223 6368 6367
f 6224 6225 6369
f 6224 6369 6368
f 6225 6226 6370
f 6225 6370 6369
f 6226 6227 6371
f 6226 6371 6370
f 6227 6228 6372
f 6227 6372 6371
f 6228 6229 6373
f 6228 6373 6372
f 6229 6230 6374
f 6229 6374 6373
f 6230 6231 6375
f 6230 6375 6374
f 6231 6232 6376
f 6231 6376 6375
f 6232 6233 6377
f 6232 6377 6376
f 6233 6234 6378
f 6233 6378 6377
f 6234 6235 6379
f 6234 6379 6378
f 6235 6236 6380
f 6235 6380 6379
f 6236 6237 6381
f 6236 6381 6380
f 6237 6238 6382
f 6237 6382 6381
f 6238 6239 6383
f 6238 6383 6382
f 6239 6240 6384
f 6239 6384 6383
f 6240 6241 6385
f 6240 6385 6384
f 6241 6242 6386
f 6241 6386 6385
f 6242 6243 6387
f 6242 6387 6386
f 6243 6244 6388
f 6243 6388 6387
f 6244 6245 6389
f 6244 6389 6388
f 6245 6246 6390
f 6245 6390 6389
f 6246 6247 6391
f 6246 6391 6390
f 6247 6248 6392
f 6247 6392 6391
f 6248 6249 6393
f 6248 6393 6392
f 6249 6250 6394
f 6249 6394 6393
f 6250 6251 6395
f 6250 6395 6394
f 6251 6252 6396
f 6251 6396 6395
f 6252 6253 6397
f 6252 6397 6396
f 6253 6254 6398
f 6253 6398 6397
f 6254 6255 6399
f 6254 6399 6398
f 6255 6256 6400
f 6255 6400 6399
f 6256 6257 6401
f 6256 6401 6400
f 6257 6258 6402
f 6257 6402 6401
f 6258 6259 6403
f 6258 6403 6402
f 6259 6260 6404
f 6259 6404 6403
f 6260 6261 6405
f 6260 6405 6404
f 6261 6262 6406
f 6261 6406 6405
f 6262 6263 6407
f 6262 6407 6406
f 6263 6264 6408
f 6263 6408 6407
f 6264 6193 6337
f 6264 6337 6408
f 6337 6338 6482
f 6337 6482 6481
f 6338 6339 6483
f 6338 6483 6482
f 6339 6340 6484
f 6339 6484 6483
f 6340 6341 6485
f 6340 6485 6484
f 6341 6342 6486
f 6341 6486 6485
f 6342 6343 6487
f 6342 6487 6486
f 6343 6344 6488
f 6343 6488 6487
f 6344 6345 6489
f 6344 6489 6488
f 6345 6346 6490
f 6345 6490 6489
f 6346 6347 6491
f 6346 6491 6490
f 6347 6348 6492
f 6347 6492 6491
f 6348 6349 6493
f 6348 6493 6492
f 6349 6350 6494
f 6349 6494 6493
f 6350 6351 6495
f 6350 6495 6494
f 6351 6352 6496
f 6351 6496 6495
f 6352 6353 6497
f 6352 6497 6496
f 6353 6354 6498
f 6353 6498 6497
f 6354 6355 6499
f 6354 6499 6498
f 6355 6356 6500
f 6355 6500 6499
f 6356 6357 6501
f 6356 6501 6500
f 6357 6358 6502
f 6357 6502 6501
f 6358 6359 6503
f 6358 6503 6502
f 6359 6360 6504
f 6359 6504 6503
f 6360 6361 6505
f 6360 6505 6504
f 6361 6362 6506
f 6361 6506 6505
f 6362 6363 6507
f 6362 6507 6506
f 6363 6364 6508
f 6363 6508 6507
f 6364 6365 6509
f 6364 6509 6508
f 6365 6366 6510
f 6365 6510 6509
f 6366 6367 6511
f 6366 6511 6510
f 6367 6368 6512
f 6367 6512 6511
f 6368 6369 6513
f 6368 6513 6512
f 6369 6370 6514
f 6369 6514 6513
f 6370 6371 6515
f 6370 6515 6514
f 6371 6372 6516
f 6371 6516 6515
f 6372 6373 6517
f 6372 6517 6516
f 6373 6374 6518
f 6373 6518 6517
f 6374 6375 6519
f 6374 6519 6518
f 6375 6376 6520
f 6375 6520 6519
f 6376 6377 6521
f 6376 6521 6520
f 6377 6378 6522
f 6377 6522 6521
f 6378 6379 6523
f 6378 6523 6522
f 6379 6380 6524
f 6379 6524 6523
f 6380 6381 6525
f 6380 6525 6524
f 6381 6382 6526
f 6381 6526 6525
f 6382 6383 6527
f 6382 6527 6526
f 6383 6384 6528
f 6383 6528 6527
f 6384 6385 6529
f 6384 6529 6528
f 6385 6386 6530
f 6385 6530 6529
f 6386 6387 6531
f 6386 6531 6530
f 6387 6388 6532
f 6387 6532 6531
f 6388 6389 6533
f 6388 6533 6532
f 6389 6390 6534
f 6389 6534 6533
f 6390 6391 6535
f 6390 6535 6534
f 6391 6392 6536
f 6391 6536 6535
f 6392 6393 6537
f 6392 6537 6536
f 6393 6394 6538
f 6393 6538 6537
f 6394 6395 6539
f 6394 6539 6538
f 6395 6396 6540
f 6395 6540 6539
f 6396 6397 6541
f 6396 6541 6540
f 6397 6398 6542
f 6397 6542 6541
f 6398 6399 6543
f 6398 6543 6542
f 6399 6400 6544
f 6399 6544 6543
f 6400 6401 6545
f 6400 6545 6544
f 6401 6402 6546
f 6401 6546 6545
f 6402 6403 6547
f 6402 6547 6546
f 6403 6404 6548
f 6403 6548 6547
f 6404 6405 6549
f 6404 6549 6548
f 6405 6406 6550
f 6405 6550 6549
f 6406 6407 6551
f 6406 6551 6550
f 6407 6408 6552
f 6407 6552 6551
f 6408 6337 6481
f 6408 6481 6552
f 6481 6482 6626
f 6481 6626 6625
f 6482 6483 6627
f 6482 6627 6626
f 6483 6484 6628
f 6483 6628 6627
f 6484 6485 6629
f 6484 6629 6628
f 6485 6486 6630
f 6485 6630 6629
f 6486 6487 6631
f 6486 6631 6630
f 6487 6488 6632
f 6487 6632 6631
f 6488 6489 6633
f 6488 6633 6632
f 6489 6490 6634
f 6489 6634 6633
f 6490 6491 6635
f 6490 6635 6634
f 6491 6492 6636
f 6491 6636 6635
f 6492 6493 6637
f 6492 6637 6636
f 6493 6494 6638
f 6493 6638 6637
f 6494 6495 6639
f 6494 6639 6638
f 6495 6496 6640
f 6495 6640 6639
f 6496 6497 6641
f 6496 6641 6640
f 6497 6498 6642
f 6497 6642 6641
f 6498 6499 6643
f 6498 6643 6642
f 6499 6500 6644
f 6499 6644 6643
f 6500 6501 6645
f 6500 6645 6644
f 6501 6502 6646
f 6501 6646 6645
f 6502 6503 6647
f 6502 6647 6646
f 6503 6504 6648
f 6503 6648 6647
f 6504 6505 6649
f 6504 6649 6648
f 6505 6506 6650
f 6505 6650 6649
f 6506 6507 6651
f 6506 6651 6650
f 6507 6508 6652
f 6507 6652 6651
f 6508 6509 6653
f 6508 6653 6652
f 6509 6510 6654
f 6509 6654 6653
f 6510 6511 6655
f 6510 6655 6654
f 6511 6512 6656
f 6511 6656 6655
f 6512 6513 6657
f 6512 6657 6656
f 6513 6514 6658
f 6513 6658 6657
f 6514 6515 6659
f 6514 6659 6658
f 6515 6516 6660
f 6515 6660 6659
f 6516 6517 6661
f 6516 6661 6660
f 6517 6518 6662
f 6517 6662 6661
f 6518 6519 6663
f 6518 6663 6662
f 6519 6520 6664
f 6519 6664 6663
f 6520 6521 6665
f 6520 6665 6664
f 6521 6522 6666
f 6521 6666 6665
f 6522 6523 6667
f 6522 6667 6666
f 6523 6524 6668
f 6523 6668 6667
f 6524 6525 6669
f 6524 6669 6668
f 6525 6526 6670
f 6525 6670 6669
f 6526 6527 6671
f 6526 6671 6670
f 6527 6528 6672
f 6527 6672 6671
f 6528 6529 6673
f 6528 6673 6672
f 6529 6530 6674
f 6529 6674 6673
f 6530 6531 6675
f 6530 6675 6674
f 6531 6532 6676
f 6531 6676 6675
f 6532 6533 6677
f 6532 6677 6676
f 6533 6534 6678
f 6533 6678 6677
f 6534 6535 6679
f 6534 6679 6678
f 6535 6536 6680
f 6535 6680 6679
f 6536 6537 6681
f 6536 6681 6680
f 6537 6538 6682
f 6537 6682 6681
f 6538 6539 6683
f 6538 6683 6682
f 6539 6540 6684
f 6539 6684 6683
f 6540 6541 6685
f 6540 6685 6684
f 6541 6542 6686
f 6541 6686 6685
f 6542 6543 6687
f 6542 6687 6686
f 6543 6544 6688
f 6543 6688 6687
f 6544 6545 6689
f 6544 6689 6688
f 6545 6546 6690
f 6545 6690 6689
f 6546 6547 6691
f 6546 6691 6690
f 6547 6548 6692
f 6547 6692 6691
f 6548 6549 6693
f 6548 6693 6692
f 6549 6550 6694
f 6549 6694 6693
f 6550 6551 6695
f 6550 6695 6694
f 6551 6552 6696
f 6551 6696 6695
f 6552 6481 6625
f 6552 6625 6696
f 6625 6626 6770
f 6625 6770 6769
f 6626 6627 6771
f 6626 6771 6770
f 6627 6628 6772
f 6627 6772 6771
f 6628 6629 6773
f 6628 6773 6772
f 6629 6630 6774
f 6629 6774 6773
f 6630 6631 6775
f 6630 6775 6774
f 6631 6632 6776
f 6631 6776 6775
f 6632 6633 6777
f 6632 6777 6776
f 6633 6634 6778
f 6633 6778 6777
f 6634 6635 6779
f 6634 6779 6778
f 6635 6636 6780
f 6635 6780 6779
f 6636 6637 6781
f 6636 6781 6780
f 6637 6638 6782
f 6637 6782 6781
f 6638 6639 6783
f 6638 6783 6782
f 6639 6640 6784
f 6639 6784 6783
f 6640 6641 6785
f 6640 6785 6784
f 6641 6642 6786
f 6641 6786 6785
f 6642 6643 6787
f 6642 6787 6786
f 6643 6644 6788
f 6643 6788 6787
f 6644 6645 6789
f 6644 6789 6788
f 6645 6646 6790
f 6645 6790 6789
f 6646 6647 6791
f 6646 6791 6790
f 6647 6648 6792
f 6647 6792 6791
f 6648 6649 6793
f 6648 6793 6792
f 6649 6650 6794
f 6649 6794 6793
f 6650 6651 6795
f 6650 6795 6794
f 6651 6652 6796
f 6651 6796 6795
f 6652 6653 6797
f 6652 6797 6796
f 6653 6654 6798
f 6653 6798 6797
f 6654 6655 6799
f 6654 6799 6798
f 6655 6656 6800
f 6655 6800 6799
f 6656 6657 6801
f 6656 6801 6800
f 6657 6658 6802
f 6657 6802 6801
f 6658 6659 6803
f 6658 6803 6802
f 6659 6660 6804
f 6659 6804 6803
f 6660 6661 6805
f 6660 6805 6804
f 6661 6662 6806
f 6661 6806 6805
f 6662 6663 6807
f 6662 6807 6806
f 6663 6664 6808
f 6663 6808 6807
f 6664 6665 6809
f 6664 6809 6808
f 6665 6666 6810
f 6665 6810 6809
f 6666 6667 6811
f 6666 6811 6810
f 6667 6668 6812
f 6667 6812 6811
f 6668 6669 6813
f 6668 6813 6812
f 6669 6670 6814
f 6669 6814 6813
f 6670 6671 6815
f 6670 6815 6814
f 6671 6672 6816
f 6671 6816 6815
f 6672 6673 6817
f 6672 6817 6816
f 6673 6674 6818
f 6673 6818 6817
f 6674 6675 6819
f 6674 6819 6818
f 6675 6676 6820
f 6675 6820 6819
f 6676 6677 6821
f 6676 6821 6820
f 6677 6678 6822
f 6677 6822 6821
f 6678 6679 6823
f 6678 6823 6822
f 6679 6680 6824
f 6679 6824 6823
f 6680 6681 6825
f 6680 6825 6824
f 6681 6682 6826
f 6681 6826 6825
f 6682 6683 6827
f 6682 6827 6826
f 6683 6684 6828
f 6683 6828 6827
f 6684 6685 6829
f 6684 6829 6828
f 6685 6686 6830
f 6685 6830 6829
f 6686 6687 6831
f 6686 6831 6830
f 6687 6688 6832
f 6687 6832 6831
f 6688 6689 6833
f 6688 6833 6832
f 6689 6690 6834
f 6689 6834 6833
f 6690 6691 6835
f 6690 6835 6834
f 6691 6692 6836
f 6691 6836 6835
f 6692 6693 6837
f 6692 6837 6836
f 6693 6694 6838
f 6693 6838 6837
f 6694 6695 6839
f 6694 6839 6838
f 6695 6696 6840
f 6695 6840 6839
f 6696 6625 6769
f 6696 6769 6840
f 6769 6770 6914
f 6769 6914 6913
f 6770 6771 6915
f 6770 6915 6914
f 6771 6772 6916
f 6771 6916 6915
f 6772 6773 6917
f 6772 6917 6916
f 6773 6774 6918
f 6773 6918 6917
f 6774 6775 6919
f 6774 6919 6918
f 6775 6776 6920
f 6775 6920 6919
f 6776 6777 6921
f 6776 6921 6920
f 6777 6778 6922
f 6777 6922 6921
f 6778 6779 6923
f 6778 6923 6922
f 6779 6780 6924
f 6779 6924 6923
f 6780 6781 6925
f 6780 6925 6924
f 6781 6782 6926
f 6781 6926 6925
f 6782 6783 6927
f 6782 6927 6926
f 6783 6784 6928
f 6783 6928 6927
f 6784 6785 6929
f 6784 6929 6928
f 6785 6786 6930
f 6785 6930 6929
f 6786 6787 6931
f 6786 6931 6930
f 6787 6788 6932
f 6787 6932 6931
f 6788 6789 6933
f 6788 6933 6932
f 6789 6790 6934
f 6789 6934 6933
f 6790 6791 6935
f 6790 6935 6934
f 6791 6792 6936
f 6791 6936 6935
f 6792 6793 6937
f 6792 6937 6936
f 6793 6794 6938
f 6793 6938 6937
f 6794 6795 6939
f 6794 6939 6938
f 6795 6796 6940
f 6795 6940 6939
f 6796 6797 6941
f 6796 6941 6940
f 6797 6798 6942
f 6797 6942 6941
f 6798 6799 6943
f 6798 6943 6942
f 6799 6800 6944
f 6799 6944 6943
f 6800 6801 6945
f 6800 6945 6944
f 6801 6802 6946
f 6801 6946 6945
f 6802 6803 6947
f 6802 6947 6946
f 6803 6804 6948
f 6803 6948 6947
f 6804 6805 6949
f 6804 6949 6948
f 6805 6806 6950
f 6805 6950 6949
f 6806 6807 6951
f 6806 6951 6950
f 6807 6808 6952
f 6807 6952 6951
f 6808 6809 6953
f 6808 6953 6952
f 6809 6810 6954
f 6809 6954 6953
f 6810 6811 6955
f 6810 6955 6954
f 6811 6812 6956
f 6811 6956 6955
f 6812 6813 6957
f 6812 6957 6956
f 6813 6814 6958
f 6813 6958 6957
f 6814 6815 6959
f 6814 6959 6958
f 6815 6816 6960
f 6815 6960 6959
f 6816 6817 6961
f 6816 6961 6960
f 6817 6818 6962
f 6817 6962 6961
f 6818 6819 6963
f 6818 6963 6962
f 6819 6820 6964
f 6819 6964 6963
f 6820 6821 6965
f 6820 6965 6964
f 6821 6822 6966
f 6821 6966 6965
f 6822 6823 6967
f 6822 6967 6966
f 6823 6824 6968
f 6823 6968 6967
f 6824 6825 6969
f 6824 6969 6968
f 6825 6826 6970
f 6825 6970 6969
f 6826 6827 6971
f 6826 6971 6970
f 6827 6828 6972
f 6827 6972 6971
f 6828 6829 6973
f 6828 6973 6972
f 6829 6830 6974
f 6829 6974 6973
f 6830 6831 6975
f 6830 6975 6974
f 6831 6832 6976
f 6831 6976 6975
f 6832 6833 6977
f 6832 6977 6976
f 6833 6834 6978
f 6833 6978 6977
f 6834 6835 6979
f 6834 6979 6978
f 6835 6836 6980
f 6835 6980 6979
f 6836 6837 6981
f 6836 6981 6980
f 6837 6838 6982
f 6837 6982 6981
f 6838 6839 6983
f 6838 6983 6982
f 6839 6840 6984
f 6839 6984 6983
f 6840 6769 6913
f 6840 6913 6984
f 6913 6914 7058
f 6913 7058 7057
f 6914 6915 7059
f 6914 7059 7058
f 6915 6916 7060
f 6915 7060 7059
f 6916 6917 7061
f 6916 7061 7060
f 6917 6918 7062
f 6917 7062 7061
f 6918 6919 7063
f 6918 7063 7062
f 6919 6920 7064
f 6919 7064 7063
f 6920 6921 7065
f 6920 7065 7064
f 6921 6922 7066
f 6921 7066 7065
f 6922 6923 7067
f 6922 7067 7066
f 6923 6924 7068
f 6923 7068 7067
f 6924 6925 7069
f 6924 7069 7068
f 6925 6926 7070
f 6925 7070 7069
f 6926 6927 7071
f 6926 7071 7070
f 6927 6928 7072
f 6927 7072 7071
f 6928 6929 7073
f 6928 7073 7072
f 6929 6930 7074
f 6929 7074 7073
f 6930 6931 7075
f 6930 7075 7074
f 6931 6932 7076
f 6931 7076 7075
f 6932 6933 7077
f 6932 7077 7076
f 6933 6934 7078
f 6933 7078 7077
f 6934 6935 7079
f 6934 7079 7078
f 6935 6936 7080
f 6935 7080 7079
f 6936 6937 7081
f 6936 7081 7080
f 6937 6938 7082
f 6937 7082 7081
f 6938 6939 7083
f 6938 7083 7082
f 6939 6940 7084
f 6939 7084 7083
f 6940 6941 7085
f 6940 7085 7084
f 6941 6942 7086
f 6941 7086 7085
f 6942 6943 7087
f 6942 7087 7086
f 6943 6944 7088
f 6943 7088 7087
f 6944 6945 7089
f 6944 7089 7088
f 6945 6946 7090
f 6945 7090 7089
f 6946 6947 7091
f 6946 7091 7090
f 6947 6948 7092
f 6947 7092 7091
f 6948 6949 7093
f 6948 7093 7092
f 6949 6950 7094
f 6949 7094 7093
f 6950 6951 7095
f 6950 7095 7094
f 6951 6952 7096
f 6951 7096 7095
f 6952 6953 7097
f 6952 7097 7096
f 6953 6954 7098
f 6953 7098 7097
f 6954 6955 7099
f 6954 7099 7098
f 6955 6956 7100
f 6955 7100 7099
f 6956 6957 7101
f 6956 7101 7100
f 6957 6958 7102
f 6957 7102 7101
f 6958 6959 7103
f 6958 7103 7102
f 6959 6960 7104
f 6959 7104 7103
f 6960 6961 7105
f 6960 7105 7104
f 6961 6962 7106
f 6961 7106 7105
f 6962 6963 7107
f 6962 7107 7106
f 6963 6964 7108
f 6963 7108 7107
f 6964 6965 7109
f 6964 7109 7108
f 6965 6966 7110
f 6965 7110 7109
f 6966 6967 7111
f 6966 7111 7110
f 6967 6968 7112
f 6967 7112 7111
f 6968 6969 7113
f 6968 7113 7112
f 6969 6970 7114
f 6969 7114 7113
f 6970 6971 7115
f 6970 7115 7114
f 6971 6972 7116
f 6971 7116 7115
f 6972 6973 7117
f 6972 7117 7116
f 6973 6974 7118
f 6973 7118 7117
f 6974 6975 7119
f 6974 7119 7118
f 6975 6976 7120
f 6975 7120 7119
f 6976 6977 7121
f 6976 7121 7120
f 6977 6978 7122
f 6977 7122 7121
f 6978 6979 7123
f 6978 7123 7122
f 6979 6980 7124
f 6979 7124 7123
f 6980 6981 7125
f 6980 7125 7124
f 6981 6982 7126
f 6981 7126 7125
f 6982 6983 7127
f 6982 7127 7126
f 6983 6984 7128
f 6983 7128 7127
f 6984 6913 7057
f 6984 7057 7128
f 7057 7058 7202
f 7057 7202 7201
f 7058 7059 7203
f 7058 7203 7202
f 7059 7060 7204
f 7059 7204 7203
f 7060 7061 7205
f 7060 7205 7204
f 7061 7062 7206
f 7061 7206 7205
f 7062 7063 7207
f 7062 7207 7206
f 7063 7064 7208
f 7063 7208 7207
f 7064 7065 7209
f 7064 7209 7208
f 7065 7066 7210
f 7065 7210 7209
f 7066 7067 7211
f 7066 7211 7210
f 7067 7068 7212
f 7067 7212 7211
f 7068 7069 7213
f 7068 7213 7212
f 7069 7070 7214
f 7069 7214 7213
f 7070 7071 7215
f 7070 7215 7214
f 7071 7072 7216
f 7071 7216 7215
f 7072 7073 7217
f 7072 7217 7216
f 7073 7074 7218
f 7073 7218 7217
f 7074 7075 7219
f 7074 7219 7218
f 7075 7076 7220
f 7075 7220 7219
f 7076 7077 7221
f 7076 7221 7220
f 7077 7078 7222
f 7077 7222 7221
f 7078 7079 7223
f 7078 7223 7222
f 7079 7080 7224
f 7079 7224 7223
f 7080 7081 7225
f 7080 7225 7224
f 7081 7082 7226
f 7081 7226 7225
f 7082 7083 7227
f 7082 7227 7226
f 7083 7084 7228
f 7083 7228 7227
f 7084 7085 7229
f 7084 7229 7228
f 7085 7086 7230
f 7085 7230 7229
f 7086 7087 7231
f 7086 7231 7230
f 7087 7088 7232
f 7087 7232 7231
f 7088 7089 7233
f 7088 7233 7232
f 7089 7090 7234
f 7089 7234 7233
f 7090 7091 7235
f 7090 7235 7234
f 7091 7092 7236
f 7091 7236 7235
f 7092 7093 7237
f 7092 7237 7236
f 7093 7094 7238
f 7093 7238 7237
f 7094 7095 7239
f 7094 7239 7238
f 7095 7096 7240
f 7095 7240 7239
f 7096 7097 7241
f 7096 7241 7240
f 7097 7098 7242
f 7097 7242 7241
f 7098 7099 7243
f 7098 7243 7242
f 7099 7100 7244
f 7099 7244 7243
f 7100 7101 7245
f 7100 7245 7244
f 7101 7102 7246
f 7101 7246 7245
f 7102 7103 7247
f 7102 7247 7246
f 7103 7104 7248
f 7103 7248 7247
f 7104 7105 7249
f 7104 7249 7248
f 7105 7106 7250
f 7105 7250 7249
f 7106 7107 7251
f 7106 7251 7250
f 7107 7108 7252
f 7107 7252 7251
f 7108 7109 7253
f 7108 7253 7252
f 7109 7110 7254
f 7109 7254 7253
f 7110 7111 7255
f 7110 7255 7254
f 7111 7112 7256
f 7111 7256 7255
f 7112 7113 7257
f 7112 7257 7256
f 7113 7114 7258
f 7113 7258 7257
f 7114 7115 7259
f 7114 7259 7258
f 7115 7116 7260
f 7115 7260 7259
f 7116 7117 7261
f 7116 7261 7260
f 7117 7118 7262
f 7117 7262 7261
f 7118 7119 7263
f 7118 7263 7262
f 7119 7120 7264
f 7119 7264 7263
f 7120 7121 7265
f 7120 7265 7264
f 7121 7122 7266
f 7121 7266 7265
f 7122 7123 7267
f 7122 7267 7266
f 7123 7124 7268
f 7123 7268 7267
f 7124 7125 7269
f 7124 7269 7268
f 7125 7126 7270
f 7125 7270 7269
f 7126 7127 7271
f 7126 7271 7270
f 7127 7128 7272
f 7127 7272 7271
f 7128 7057 7201
f 7128 7201 7272
f 7201 7202 7346
f 7201 7346 7345
f 7202 7203 7347
f 7202 7347 7346
f 7203 7204 7348
f 7203 7348 7347
f 7204 7205 7349
f 7204 7349 7348
f 7205 7206 7350
f 7205 7350 7349
f 7206 7207 7351
f 7206 7351 7350
f 7207 7208 7352
f 7207 7352 7351
f 7208 7209 7353
f 7208 7353 7352
f 7209 7210 7354
f 7209 7354 7353
f 7210 7211 7355
f 7210 7355 7354
f 7211 7212 7356
f 7211 7356 7355
f 7212 7213 7357
f 7212 7357 7356
f 7213 7214 7358
f 7213 7358 7357
f 7214 7215 7359
f 7214 7359 7358
f 7215 7216 7360
f 7215 7360 7359
f 7216 7217 7361
f 7216 7361 7360
f 7217 7218 7362
f 7217 7362 7361
f 7218 7219 7363
f 7218 7363 7362
f 7219 7220 7364
f 7219 7364 7363
f 7220 7221 7365
f 7220 7365 7364
f 7221 7222 7366
f 7221 7366 7365
f 7222 7223 7367
f 7222 7367 7366
f 7223 7224 7368
f 7223 7368 7367
f 7224 7225 7369
f 7224 7369 7368
f 7225 7226 7370
f 7225 7370 7369
f 7226 7227 7371
f 7226 7371 7370
f 7227 7228 7372
f 7227 7372 7371
f 7228 7229 7373
f 7228 7373 7372
f 7229 7230 7374
f 7229 7374 7373
f 7230 7231 7375
f 7230 7375 7374
f 7231 7232 7376
f 7231 7376 7375
f 7232 7233 7377
f 7232 7377 7376
f 7233 7234 7378
f 7233 7378 7377
f 7234 7235 7379
f 7234 7379 7378
f 7235 7236 7380
f 7235 7380 7379
f 7236 7237 7381
f 7236 7381 7380
f 7237 7238 7382
f 7237 7382 7381
f 7238 7239 7383
f 7238 7383 7382
f 7239 7240 7384
f 7239 7384 7383
f 7240 7241 7385
f 7240 7385 7384
f 7241 7242 7386
f 7241 7386 7385
f 7242 7243 7387
f 7242 7387 7386
f 7243 7244 7388
f 7243 7388 7387
f 7244 7245 7389
f 7244 7389 7388
f 7245 7246 7390
f 7245 7390 7389
f 7246 7247 7391
f 7246 7391 7390
f 7247 7248 7392
f 7247 7392 7391
f 7248 7249 7393
f 7248 7393 7392
f 7249 7250 7394
f 7249 7394 7393
f 7250 7251 7395
f 7250 7395 7394
f 7251 7252 7396
f 7251 7396 7395
f 7252 7253 7397
f 7252 7397 7396
f 7253 7254 7398
f 7253 7398 7397
f 7254 7255 7399
f 7254 7399 7398
f 7255 7256 7400
f 7255 7400 7399
f 7256 7257 7401
f 7256 7401 7400
f 7257 7258 7402
f 7257 7402 7401
f 7258 7259 7403
f 7258 7403 7402
f 7259 7260 7404
f 7259 7404 7403
f 7260 7261 7405
f 7260 7405 7404
f 7261 7262 7406
f 7261 7406 7405
f 7262 7263 7407
f 7262 7407 7406
f 7263 7264 7408
f 7263 7408 7407
f 7264 7265 7409
f 7264 7409 7408
f 7265 7266 7410
f 7265 7410 7409
f 7266 7267 7411
f 7266 7411 7410
f 7267 7268 7412
f 7267 7412 7411
f 7268 7269 7413
f 7268 7413 7412
f 7269 7270 7414
f 7269 7414 7413
f 7270 7271 7415
f 7270 7415 7414
f 7271 7272 7416
f 7271 7416 7415
f 7272 7201 7345
f 7272 7345 7416
f 7345 7346 7490
f 7345 7490 7489
f 7346 7347 7491
f 7346 7491 7490
f 7347 7348 7492
f 7347 7492 7491
f 7348 7349 7493
f 7348 7493 7492
f 7349 7350 7494
f 7349 7494 7493
f 7350 7351 7495
f 7350 7495 7494
f 7351 7352 7496
f 7351 7496 7495
f 7352 7353 7497
f 7352 7497 7496
f 7353 7354 7498
f 7353 7498 7497
f 7354 7355 7499
f 7354 7499 7498
f 7355 7356 7500
f 7355 7500 7499
f 7356 7357 7501
f 7356 7501 7500
f 7357 7358 7502
f 7357 7502 7501
f 7358 7359 7503
f 7358 7503 7502
f 7359 7360 7504
f 7359 7504 7503
f 7360 7361 7505
f 7360 7505 7504
f 7361 7362 7506
f 7361 7506 7505
f 7362 7363 7507
f 7362 7507 7506
f 7363 7364 7508
f 7363 7508 7507
f 7364 7365 7509
f 7364 7509 7508
f 7365 7366 7510
f 7365 7510 7509
f 7366 7367 7511
f 7366 7511 7510
f 7367 7368 7512
f 7367 7512 7511
f 7368 7369 7513
f 7368 7513 7512
f 7369 7370 7514
f 7369 7514 7513
f 7370 7371 7515
f 7370 7515 7514
f 7371 7372 7516
f 7371 7516 7515
f 7372 7373 7517
f 7372 7517 7516
f 7373 7374 7518
f 7373 7518 7517
f 7374 7375 7519
f 7374 7519 7518
f 7375 7376 7520
f 7375 7520 7519
f 7376 7377 7521
f 7376 7521 7520
f 7377 7378 7522
f 7377 7522 7521
f 7378 7379 7523
f 7378 7523 7522
f 7379 7380 7524
f 7379 7524 7523
f 7380 7381 7525
f 7380 7525 7524
f 7381 7382 7526
f 7381 7526 7525
f 7382 7383 7527
f 7382 7527 7526
f 7383 7384 7528
f 7383 7528 7527
f 7384 7385 7529
f 7384 7529 7528
f 7385 7386 7530
f 7385 7530 7529
f 7386 7387 7531
f 7386 7531 7530
f 7387 7388 7532
f 7387 7532 7531
f 7388 7389 7533
f 7388 7533 7532
f 7389 7390 7534
f 7389 7534 7533
f 7390 7391 7535
f 7390 7535 7534
f 7391 7392 7536
f 7391 7536 7535
f 7392 7393 7537
f 7392 7537 7536
f 7393 7394 7538
f 7393 7538 7537
f 7394 7395 7539
f 7394 7539 7538
f 7395 7396 7540
f 7395 7540 7539
f 7396 7397 7541
f 7396 7541 7540
f 7397 7398 7542
f 7397 7542 7541
f 7398 7399 7543
f 7398 7543 7542
f 7399 7400 7544
f 7399 7544 7543
f 7400 7401 7545
f 7400 7545 7544
f 7401 7402 7546
f 7401 7546 7545
f 7402 7403 7547
f 7402 7547 7546
f 7403 7404 7548
f 7403 7548 7547
f 7404 7405 7549
f 7404 7549 7548
f 7405 7406 7550
f 7405 7550 7549
f 7406 7407 7551
f 7406 7551 7550
f 7407 7408 7552
f 7407 7552 7551
f 7408 7409 7553
f 7408 7553 7552
f 7409 7410 7554
f 7409 7554 7553
f 7410 7411 7555
f 7410 7555 7554
f 7411 7412 7556
f 7411 7556 7555
f 7412 7413 7557
f 7412 7557 7556
f 7413 7414 7558
f 7413 7558 7557
f 7414 7415 7559
f 7414 7559 7558
f 7415 7416 7560
f 7415 7560 7559
f 7416 7345 7489
f 7416 7489 7560
f 7489 7490 7634
f 7489 7634 7633
f 7490 7491 7635
f 7490 7635 7634
f 7491 7492 7636
f 7491 7636 7635
f 7492 7493 7637
f 7492 7637 7636
f 7493 7494 7638
f 7493 7638 7637
f 7494 7495 7639
f 7494 7639 7638
f 7495 7496 7640
f 7495 7640 7639
f 7496 7497 7641
f 7496 7641 7640
f 7497 7498 7642
f 7497 7642 7641
f 7498 7499 7643
f 7498 7643 7642
f 7499 7500 7644
f 7499 7644 7643
f 7500 7501 7645
f 7500 7645 7644
f 7501 7502 7646
f 7501 7646 7645
f 7502 7503 7647
f 7502 7647 7646
f 7503 7504 7648
f 7503 7648 7647
f 7504 7505 7649
f 7504 7649 7648
f 7505 7506 7650
f 7505 7650 7649
f 7506 7507 7651
f 7506 7651 7650
f 7507 7508 7652
f 7507 7652 7651
f 7508 7509 7653
f 7508 7653 7652
f 7509 7510 7654
f 7509 7654 7653
f 7510 7511 7655
f 7510 7655 7654
f 7511 7512 7656
f 7511 7656 7655
f 7512 7513 7657
f 7512 7657 7656
f 7513 7514 7658
f 7513 7658 7657
f 7514 7515 7659
f 7514 7659 7658
f 7515 7516 7660
f 7515 7660 7659
f 7516 7517 7661
f 7516 7661 7660
f 7517 7518 7662
f 7517 7662 7661
f 7518 7519 7663
f 7518 7663 7662
f 7519 7520 7664
f 7519 7664 7663
f 7520 7521 7665
f 7520 7665 7664
f 7521 7522 7666
f 7521 7666 7665
f 7522 7523 7667
f 7522 7667 7666
f 7523 7524 7668
f 7523 7668 7667
f 7524 7525 7669
f 7524 7669 7668
f 7525 7526 7670
f 7525 7670 7669
f 7526 7527 7671
f 7526 7671 7670
f 7527 7528 7672
f 7527 7672 7671
f 7528 7529 7673
f 7528 7673 7672
f 7529 7530 7674
f 7529 7674 7673
f 7530 7531 7675
f 7530 7675 7674
f 7531 7532 7676
f 7531 7676 7675
f 7532 7533 7677
f 7532 7677 7676
f 7533 7534 7678
f 7533 7678 7677
f 7534 7535 7679
f 7534 7679 7678
f 7535 7536 7680
f 7535 7680 7679
f 7536 7537 7681
f 7536 7681 7680
f 7537 7538 7682
f 7537 7682 7681
f 7538 7539 7683
f 7538 7683 7682
f 7539 7540 7684
f 7539 7684 7683
f 7540 7541 7685
f 7540 7685 7684
f 7541 7542 7686
f 7541 7686 7685
f 7542 7543 7687
f 7542 7687 7686
f 7543 7544 7688
f 7543 7688 7687
f 7544 7545 7689
f 7544 7689 7688
f 7545 7546 7690
f 7545 7690 7689
f 7546 7547 7691
f 7546 7691 7690
f 7547 7548 7692
f 7547 7692 7691
f 7548 7549 7693
f 7548 7693 7692
f 7549 7550 7694
f 7549 7694 7693
f 7550 7551 7695
f 7550 7695 7694
f 7551 7552 7696
f 7551 7696 7695
f 7552 7553 7697
f 7552 7697 7696
f 7553 7554 7698
f 7553 7698 7697
f 7554 7555 7699
f 7554 7699 7698
f 7555 7556 7700
f 7555 7700 7699
f 7556 7557 7701
f 7556 7701 7700
f 7557 7558 7702
f 7557 7702 7701
f 7558 7559 7703
f 7558 7703 7702
f 7559 7560 7704
f 7559 7704 7703
f 7560 7489 7633
f 7560 7633 7704
f 7633 7634 7778
f 7633 7778 7777
f 7634 7635 7779
f 7634 7779 7778
f 7635 7636 7780
f 7635 7780 7779
f 7636 7637 7781
f 7636 7781 7780
f 7637 7638 7782
f 7637 7782 7781
f 7638 7639 7783
f 7638 7783 7782
f 7639 7640 7784
f 7639 7784 7783
f 7640 7641 7785
f 7640 7785 7784
f 7641 7642 7786
f 7641 7786 7785
f 7642 7643 7787
f 7642 7787 7786
f 7643 7644 7788
f 7643 7788 7787
f 7644 7645 7789
f 7644 7789 7788
f 7645 7646 7790
f 7645 7790 7789
f 7646 7647 7791
f 7646 7791 7790
f 7647 7648 7792
f 7647 7792 7791
f 7648 7649 7793
f 7648 7793 7792
f 7649 7650 7794
f 7649 7794 7793
f 7650 7651 7795
f 7650 7795 7794
f 7651 7652 7796
f 7651 7796 7795
f 7652 7653 7797
f 7652 7797 7796
f 7653 7654 7798
f 7653 7798 7797
f 7654 7655 7799
f 7654 7799 7798
f 7655 7656 7800
f 7655 7800 7799
f 7656 7657 7801
f 7656 7801 7800
f 7657 7658 7802
f 7657 7802 7801
f 7658 7659 7803
f 7658 7803 7802
f 7659 7660 7804
f 7659 7804 7803
f 7660 7661 7805
f 7660 7805 7804
f 7661 7662 7806
f 7661 7806 7805
f 7662 7663 7807
f 7662 7807 7806
f 7663 7664 7808
f 7663 7808 7807
f 7664 7665 7809
f 7664 7809 7808
f 7665 7666 7810
f 7665 7810 7809
f 7666 7667 7811
f 7666 7811 7810
f 7667 7668 7812
f 7667 7812 7811
f 7668 7669 7813
f 7668 7813 7812
f 7669 7670 7814
f 7669 7814 7813
f 7670 7671 7815
f 7670 7815 7814
f 7671 7672 7816
f 7671 7816 7815
f 7672 7673 7817
f 7672 7817 7816
f 7673 7674 7818
f 7673 7818 7817
f 7674 7675 7819
f 7674 7819 7818
f 7675 7676 7820
f 7675 7820 7819
f 7676 7677 7821
f 7676 7821 7820
f 7677 7678 7822
f 7677 7822 7821
f 7678 7679 7823
f 7678 7823 7822
f 7679 7680 7824
f 7679 7824 7823
f 7680 7681 7825
f 7680 7825 7824
f 7681 7682 7826
f 7681 7826 7825
f 7682 7683 7827
f 7682 7827 7826
f 7683 7684 7828
f 7683 7828 7827
f 7684 7685 7829
f 7684 7829 7828
f 7685 7686 7830
f 7685 7830 7829
f 7686 7687 7831
f 7686 7831 7830
f 7687 7688 7832
f 7687 7832 7831
f 7688 7689 7833
f 7688 7833 7832
f 7689 7690 7834
f 7689 7834 7833
f 7690 7691 7835
f 7690 7835 7834
f 7691 7692 7836
f 7691 7836 7835
f 7692 7693 7837
f 7692 7837 7836
f 7693 7694 7838
f 7693 7838 7837
f 7694 7695 7839
f 7694 7839 7838
f 7695 7696 7840
f 7695 7840 7839
f 7696 7697 7841
f 7696 7841 7840
f 7697 7698 7842
f 7697 7842 7841
f 7698 7699 7843
f 7698 7843 7842
f 7699 7700 7844
f 7699 7844 7843
f 7700 7701 7845
f 7700 7845 7844
f 7701 7702 7846
f 7701 7846 7845
f 7702 7703 7847
f 7702 7847 7846
f 7703 7704 7848
f 7703 7848 7847
f 7704 7633 7777
f 7704 7777 7848
f 7777 7778 7922
f 7777 7922 7921
f 7778 7779 7923
f 7778 7923 7922
f 7779 7780 7924
f 7779 7924 7923
f 7780 7781 7925
f 7780 7925 7924
f 7781 7782 7926
f 7781 7926 7925
f 7782 7783 7927
f 7782 7927 7926
f 7783 7784 7928
f 7783 7928 7927
f 7784 7785 7929
f 7784 7929 7928
f 7785 7786 7930
f 7785 7930 7929
f 7786 7787 7931
f 7786 7931 7930
f 7787 7788 7932
f 7787 7932 7931
f 7788 7789 7933
f 7788 7933 7932
f 7789 7790 7934
f 7789 7934 7933
f 7790 7791 7935
f 7790 7935 7934
f 7791 7792 7936
f 7791 7936 7935
f 7792 7793 7937
f 7792 7937 7936
f 7793 7794 7938
f 7793 7938 7937
f 7794 7795 7939
f 7794 7939 7938
f 7795 7796 7940
f 7795 7940 7939
f 7796 7797 7941
f 7796 7941 7940
f 7797 7798 7942
f 7797 7942 7941
f 7798 7799 7943
f 7798 7943 7942
f 7799 7800 7944
f 7799 7944 7943
f 7800 7801 7945
f 7800 7945 7944
f 7801 7802 7946
f 7801 7946 7945
f 7802 7803 7947
f 7802 7947 7946
f 7803 7804 7948
f 7803 7948 7947
f 7804 7805 7949
f 7804 7949 7948
f 7805 7806 7950
f 7805 7950 7949
f 7806 7807 7951
f 7806 7951 7950
f 7807 7808 7952
f 7807 7952 7951
f 7808 7809 7953
f 7808 7953 7952
f 7809 7810 7954
f 7809 7954 7953
f 7810 7811 7955
f 7810 7955 7954
f 7811 7812 7956
f 7811 7956 7955
f 7812 7813 7957
f 7812 7957 7956
f 7813 7814 7958
f 7813 7958 7957
f 7814 7815 7959
f 7814 7959 7958
f 7815 7816 7960
f 7815 7960 7959
f 7816 7817 7961
f 7816 7961 7960
f 7817 7818 7962
f 7817 7962 7961
f 7818 7819 7963
f 7818 7963 7962
f 7819 7820 7964
f 7819 7964 7963
f 7820 7821 7965
f 7820 7965 7964
f 7821 7822 7966
f 7821 7966 7965
f 7822 7823 7967
f 7822 7967 7966
f 7823 7824 7968
f 7823 7968 7967
f 7824 7825 7969
f 7824 7969 7968
f 7825 7826 7970
f 7825 7970 7969
f 7826 7827 7971
f 7826 7971 7970
f 7827 7828 7972
f 7827 7972 7971
f 7828 7829 7973
f 7828 7973 7972
f 7829 7830 7974
f 7829 7974 7973
f 7830 7831 7975
f 7830 7975 7974
f 7831 7832 7976
f 7831 7976 7975
f 7832 7833 7977
f 7832 7977 7976
f 7833 7834 7978
f 7833 7978 7977
f 7834 7835 7979
f 7834 7979 7978
f 7835 7836 7980
f 7835 7980 7979
f 7836 7837 7981
f 7836 7981 7980
f 7837 7838 7982
f 7837 7982 7981
f 7838 7839 7983
f 7838 7983 7982
f 7839 7840 7984
f 7839 7984 7983
f 7840 7841 7985
f 7840 7985 7984
f 7841 7842 7986
f 7841 7986 7985
f 7842 7843 7987
f 7842 7987 7986
f 7843 7844 7988
f 7843 7988 7987
f 7844 7845 7989
f 7844 7989 7988
f 7845 7846 7990
f 7845 7990 7989
f 7846 7847 7991
f 7846 7991 7990
f 7847 7848 7992
f 7847 7992 7991
f 7848 7777 7921
f 7848 7921 7992
f 7921 7922 8066
f 7921 8066 8065
f 7922 7923 8067
f 7922 8067 8066
f 7923 7924 8068
f 7923 8068 8067
f 7924 7925 8069
f 7924 8069 8068
f 7925 7926 8070
f 7925 8070 8069
f 7926 7927 8071
f 7926 8071 8070
f 7927 7928 8072
f 7927 8072 8071
f 7928 7929 8073
f 7928 8073 8072
f 7929 7930 8074
f 7929 8074 8073
f 7930 7931 8075
f 7930 8075 8074
f 7931 7932 8076
f 7931 8076 8075
f 7932 7933 8077
f 7932 8077 8076
f 7933 7934 8078
f 7933 8078 8077
f 7934 7935 8079
f 7934 8079 8078
f 7935 7936 8080
f 7935 8080 8079
f 7936 7937 8081
f 7936 8081 8080
f 7937 7938 8082
f 7937 8082 8081
f 7938 7939 8083
f 7938 8083 8082
f 7939 7940 8084
f 7939 8084 8083
f 7940 7941 8085
f 7940 8085 8084
f 7941 7942 8086
f 7941 8086 8085
f 7942 7943 8087
f 7942 8087 8086
f 7943 7944 8088
f 7943 8088 8087
f 7944 7945 8089
f 7944 8089 8088
f 7945 7946 8090
f 7945 8090 8089
f 7946 7947 8091
f 7946 8091 8090
f 7947 7948 8092
f 7947 8092 8091
f 7948 7949 8093
f 7948 8093 8092
f 7949 7950 8094
f 7949 8094 8093
f 7950 7951 8095
f 7950 8095 8094
f 7951 7952 8096
f 7951 8096 8095
f 7952 7953 8097
f 7952 8097 8096
f 7953 7954 8098
f 7953 8098 8097
f 7954 7955 8099
f 7954 8099 8098
f 7955 7956 8100
f 7955 8100 8099
f 7956 7957 8101
f 7956 8101 8100
f 7957 7958 8102
f 7957 8102 8101
f 7958 7959 8103
f 7958 8103 8102
f 7959 7960 8104
f 7959 8104 8103
f 7960 7961 8105
f 7960 8105 8104
f 7961 7962 8106
f 7961 8106 8105
f 7962 7963 8107
f 7962 8107 8106
f 7963 7964 8108
f 7963 8108 8107
f 7964 7965 8109
f 7964 8109 8108
f 7965 7966 8110
f 7965 8110 8109
f 7966 7967 8111
f 7966 8111 8110
f 7967 7968 8112
f 7967 8112 8111
f 7968 7969 8113
f 7968 8113 8112
f 7969 7970 8114
f 7969 8114 8113
f 7970 7971 8115
f 7970 8115 8114
f 7971 7972 8116
f 7971 8116 8115
f 7972 7973 8117
f 7972 8117 8116
f 7973 7974 8118
f 7973 8118 8117
f 7974 7975 8119
f 7974 8119 8118
f 7975 7976 8120
f 7975 8120 8119
f 7976 7977 8121
f 7976 8121 8120
f 7977 7978 8122
f 7977 8122 8121
f 7978 7979 8123
f 7978 8123 8122
f 7979 7980 8124
f 7979 8124 8123
f 7980 7981 8125
f 7980 8125 8124
f 7981 7982 8126
f 7981 8126 8125
f 7982 7983 8127
f 7982 8127 8126
f 7983 7984 8128
f 7983 8128 8127
f 7984 7985 8129
f 7984 8129 8128
f 7985 7986 8130
f 7985 8130 8129
f 7986 7987 8131
f 7986 8131 8130
f 7987 7988 8132
f 7987 8132 8131
f 7988 7989 8133
f 7988 8133 8132
f 7989 7990 8134
f 7989 8134 8133
f 7990 7991 8135
f 7990 8135 8134
f 7991 7992 8136
f 7991 8136 8135
f 7992 7921 8065
f 7992 8065 8136
f 8065 8066 8210
f 8065 8210 8209
f 8066 8067 8211
f 8066 8211 8210
f 8067 8068 8212
f 8067 8212 8211
f 8068 8069 8213
f 8068 8213 8212
f 8069 8070 8214
f 8069 8214 8213
f 8070 8071 8215
f 8070 8215 8214
f 8071 8072 8216
f 8071 8216 8215
f 8072 8073 8217
f 8072 8217 8216
f 8073 8074 8218
f 8073 8218 8217
f 8074 8075 8219
f 8074 8219 8218
f 8075 8076 8220
f 8075 8220 8219
f 8076 8077 8221
f 8076 8221 8220
f 8077 8078 8222
f 8077 8222 8221
f 8078 8079 8223
f 8078 8223 8222
f 8079 8080 8224
f 8079 8224 8223
f 8080 8081 8225
f 8080 8225 8224
f 8081 8082 8226
f 8081 8226 8225
f 8082 8083 8227
f 8082 8227 8226
f 8083 8084 8228
f 8083 8228 8227
f 8084 8085 8229
f 8084 8229 8228
f 8085 8086 8230
f 8085 8230 8229
f 8086 8087 8231
f 8086 8231 8230
f 8087 8088 8232
f 8087 8232 8231
f 8088 8089 8233
f 8088 8233 8232
f 8089 8090 8234
f 8089 8234 8233
f 8090 8091 8235
f 8090 8235 8234
f 8091 8092 8236
f 8091 8236 8235
f 8092 8093 8237
f 8092 8237 8236
f 8093 8094 8238
f 8093 8238 8237
f 8094 8095 8239
f 8094 8239 8238
f 8095 8096 8240
f 8095 8240 8239
f 8096 8097 8241
f 8096 8241 8240
f 8097 8098 8242
f 8097 8242 8241
f 8098 8099 8243
f 8098 8243 8242
f 8099 8100 8244
f 8099 8244 8243
f 8100 8101 8245
f 8100 8245 8244
f 8101 8102 8246
f 8101 8246 8245
f 8102 8103 8247
f 8102 8247 8246
f 8103 8104 8248
f 8103 8248 8247
f 8104 8105 8249
f 8104 8249 8248
f 8105 8106 8250
f 8105 8250 8249
f 8106 8107 8251
f 8106 8251 8250
f 8107 8108 8252
f 8107 8252 8251
f 8108 8109 8253
f 8108 8253 8252
f 8109 8110 8254
f 8109 8254 8253
f 8110 8111 8255
f 8110 8255 8254
f 8111 8112 8256
f 8111 8256 8255
f 8112 8113 8257
f 8112 8257 8256
f 8113 8114 8258
f 8113 8258 8257
f 8114 8115 8259
f 8114 8259 8258
f 8115 8116 8260
f 8115 8260 8259
f 8116 8117 8261
f 8116 8261 8260
f 8117 8118 8262
f 8117 8262 8261
f 8118 8119 8263
f 8118 8263 8262
f 8119 8120 8264
f 8119 8264 8263
f 8120 8121 8265
f 8120 8265 8264
f 8121 8122 8266
f 8121 8266 8265
f 8122 8123 8267
f 8122 8267 8266
f 8123 8124 8268
f 8123 8268 8267
f 8124 8125 8269
f 8124 8269 8268
f 8125 8126 8270
f 8125 8270 8269
f 8126 8127 8271
f 8126 8271 8270
f 8127 8128 8272
f 8127 8272 8271
f 8128 8129 8273
f 8128 8273 8272
f 8129 8130 8274
f 8129 8274 8273
f 8130 8131 8275
f 8130 8275 8274
f 8131 8132 8276
f 8131 8276 8275
f 8132 8133 8277
f 8132 8277 8276
f 8133 8134 8278
f 8133 8278 8277
f 8134 8135 8279
f 8134 8279 8278
f 8135 8136 8280
f 8135 8280 8279
f 8136 8065 8209
f 8136 8209 8280
f 8209 8210 8354
f 8209 8354 8353
f 8210 8211 8355
f 8210 8355 8354
f 8211 8212 8356
f 8211 8356 8355
f 8212 8213 8357
f 8212 8357 8356
f 8213 8214 8358
f 8213 8358 8357
f 8214 8215 8359
f 8214 8359 8358
f 8215 8216 8360
f 8215 8360 8359
f 8216 8217 8361
f 8216 8361 8360
f 8217 8218 8362
f 8217 8362 8361
f 8218 8219 8363
f 8218 8363 8362
f 8219 8220 8364
f 8219 8364 8363
f 8220 8221 8365
f 8220 8365 8364
f 8221 8222 8366
f 8221 8366 8365
f 8222 8223 8367
f 8222 8367 8366
f 8223 8224 8368
f 8223 8368 8367
f 8224 8225 8369
f 8224 8369 8368
f 8225 8226 8370
f 8225 8370 8369
f 8226 8227 8371
f 8226 8371 8370
f 8227 8228 8372
f 8227 8372 8371
f 8228 8229 8373
f 8228 8373 8372
f 8229 8230 8374
f 8229 8374 8373
f 8230 8231 8375
f 8230 8375 8374
f 8231 8232 8376
f 8231 8376 8375
f 8232 8233 8377
f 8232 8377 8376
f 8233 8234 8378
f 8233 8378 8377
f 8234 8235 8379
f 8234 8379 8378
f 8235 8236 8380
f 8235 8380 8379
f 8236 8237 8381
f 8236 8381 8380
f 8237 8238 8382
f 8237 8382 8381
f 8238 8239 8383
f 8238 8383 8382
f 8239 8240 8384
f 8239 8384 8383
f 8240 8241 8385
f 8240 8385 8384
f 8241 8242 8386
f 8241 8386 8385
f 8242 8243 8387
f 8242 8387 8386
f 8243 8244 8388
f 8243 8388 8387
f 8244 8245 8389
f 8244 8389 8388
f 8245 8246 8390
f 8245 8390 8389
f 8246 8247 8391
f 8246 8391 8390
f 8247 8248 8392
f 8247 8392 8391
f 8248 8249 8393
f 8248 8393 8392
f 8249 8250 8394
f 8249 8394 8393
f 8250 8251 8395
f 8250 8395 8394
f 8251 8252 8396
f 8251 8396 8395
f 8252 8253 8397
f 8252 8397 8396
f 8253 8254 8398
f 8253 8398 8397
f 8254 8255 8399
f 8254 8399 8398
f 8255 8256 8400
f 8255 8400 8399
f 8256 8257 8401
f 8256 8401 8400
f 8257 8258 8402
f 8257 8402 8401
f 8258 8259 8403
f 8258 8403 8402
f 8259 8260 8404
f 8259 8404 8403
f 8260 8261 8405
f 8260 8405 8404
f 8261 8262 8406
f 8261 8406 8405
f 8262 8263 8407
f 8262 8407 8406
f 8263 8264 8408
f 8263 8408 8407
f 8264 8265 8409
f 8264 8409 8408
f 8265 8266 8410
f 8265 8410 8409
f 8266 8267 8411
f 8266 8411 8410
f 8267 8268 8412
f 8267 8412 8411
f 8268 8269 8413
f 8268 8413 8412
f 8269 8270 8414
f 8269 8414 8413
f 8270 8271 8415
f 8270 8415 8414
f 8271 8272 8416
f 8271 8416 8415
f 8272 8273 8417
f 8272 8417 8416
f 8273 8274 8418
f 8273 8418 8417
f 8274 8275 8419
f 8274 8419 8418
f 8275 8276 8420
f 8275 8420 8419
f 8276 8277 8421
f 8276 8421 8420
f 8277 8278 8422
f 8277 8422 8421
f 8278 8279 8423
f 8278 8423 8422
f 8279 8280 8424
f 8279 8424 8423
f 8280 8209 8353
f 8280 8353 8424
f 8353 8354 8498
f 8353 8498 8497
f 8354 8355 8499
f 8354 8499 8498
f 8355 8356 8500
f 8355 8500 8499
f 8356 8357 8501
f 8356 8501 8500
f 8357 8358 8502
f 8357 8502 8501
f 8358 8359 8503
f 8358 8503 8502
f 8359 8360 8504
f 8359 8504 8503
f 8360 8361 8505
f 8360 8505 8504
f 8361 8362 8506
f 8361 8506 8505
f 8362 8363 8507
f 8362 8507 8506
f 8363 8364 8508
f 8363 8508 8507
f 8364 8365 8509
f 8364 8509 8508
f 8365 8366 8510
f 8365 8510 8509
f 8366 8367 8511
f 8366 8511 8510
f 8367 8368 8512
f 8367 8512 8511
f 8368 8369 8513
f 8368 8513 8512
f 8369 8370 8514
f 8369 8514 8513
f 8370 8371 8515
f 8370 8515 8514
f 8371 8372 8516
f 8371 8516 8515
f 8372 8373 8517
f 8372 8517 8516
f 8373 8374 8518
f 8373 8518 8517
f 8374 8375 8519
f 8374 8519 8518
f 8375 8376 8520
f 8375 8520 8519
f 8376 8377 8521
f 8376 8521 8520
f 8377 8378 8522
f 8377 8522 8521
f 8378 8379 8523
f 8378 8523 8522
f 8379 8380 8524
f 8379 8524 8523
f 8380 8381 8525
f 8380 8525 8524
f 8381 8382 8526
f 8381 8526 8525
f 8382 8383 8527
f 8382 8527 8526
f 8383 8384 8528
f 8383 8528 8527
f 8384 8385 8529
f 8384 8529 8528
f 8385 8386 8530
f 8385 8530 8529
f 8386 8387 8531
f 8386 8531 8530
f 8387 8388 8532
f 8387 8532 8531
f 8388 8389 8533
f 8388 8533 8532
f 8389 8390 8534
f 8389 8534 8533
f 8390 8391 8535
f 8390 8535 8534
f 8391 8392 8536
f 8391 8536 8535
f 8392 8393 8537
f 8392 8537 8536
f 8393 8394 8538
f 8393 8538 8537
f 8394 8395 8539
f 8394 8539 8538
f 8395 8396 8540
f 8395 8540 8539
f 8396 8397 8541
f 8396 8541 8540
f 8397 8398 8542
f 8397 8542 8541
f 8398 8399 8543
f 8398 8543 8542
f 8399 8400 8544
f 8399 8544 8543
f 8400 8401 8545
f 8400 8545 8544
f 8401 8402 8546
f 8401 8546 8545
f 8402 8403 8547
f 8402 8547 8546
f 8403 8404 8548
f 8403 8548 8547
f 8404 8405 8549
f 8404 8549 8548
f 8405 8406 8550
f 8405 8550 8549
f 8406 8407 8551
f 8406 8551 8550
f 8407 8408 8552
f 8407 8552 8551
f 8408 8409 8553
f 8408 8553 8552
f 8409 8410 8554
f 8409 8554 8553
f 8410 8411 8555
f 8410 8555 8554
f 8411 8412 8556
f 8411 8556 8555
f 8412 8413 8557
f 8412 8557 8556
f 8413 8414 8558
f 8413 8558 8557
f 8414 8415 8559
f 8414 8559 8558
f 8415 8416 8560
f 8415 8560 8559
f 8416 8417 8561
f 8416 8561 8560
f 8417 8418 8562
f 8417 8562 8561
f 8418 8419 8563
f 8418 8563 8562
f 8419 8420 8564
f 8419 8564 8563
f 8420 8421 8565
f 8420 8565 8564
f 8421 8422 8566
f 8421 8566 8565
f 8422 8423 8567
f 8422 8567 8566
f 8423 8424 8568
f 8423 8568 8567
f 8424 8353 8497
f 8424 8497 8568
f 8497 8498 8642
f 8497 8642 8641
f 8498 8499 8643
f 8498 8643 8642
f 8499 8500 8644
f 8499 8644 8643
f 8500 8501 8645
f 8500 8645 8644
f 8501 8502 8646
f 8501 8646 8645
f 8502 8503 8647
f 8502 8647 8646
f 8503 8504 8648
f 8503 8648 8647
f 8504 8505 8649
f 8504 8649 8648
f 8505 8506 8650
f 8505 8650 8649
f 8506 8507 8651
f 8506 8651 8650
f 8507 8508 8652
f 8507 8652 8651
f 8508 8509 8653
f 8508 8653 8652
f 8509 8510 8654
f 8509 8654 8653
f 8510 8511 8655
f 8510 8655 8654
f 8511 8512 8656
f 8511 8656 8655
f 8512 8513 8657
f 8512 8657 8656
f 8513 8514 8658
f 8513 8658 8657
f 8514 8515 8659
f 8514 8659 8658
f 8515 8516 8660
f 8515 8660 8659
f 8516 8517 8661
f 8516 8661 8660
f 8517 8518 8662
f 8517 8662 8661
f 8518 8519 8663
f 8518 8663 8662
f 8519 8520 8664
f 8519 8664 8663
f 8520 8521 8665
f 8520 8665 8664
f 8521 8522 8666
f 8521 8666 8665
f 8522 8523 8667
f 8522 8667 8666
f 8523 8524 8668
f 8523 8668 8667
f 8524 8525 8669
f 8524 8669 8668
f 8525 8526 8670
f 8525 8670 8669
f 8526 8527 8671
f 8526 8671 8670
f 8527 8528 8672
f 8527 8672 8671
f 8528 8529 8673
f 8528 8673 8672
f 8529 8530 8674
f 8529 8674 8673
f 8530 8531 8675
f 8530 8675 8674
f 8531 8532 8676
f 8531 8676 8675
f 8532 8533 8677
f 8532 8677 8676
f 8533 8534 8678
f 8533 8678 8677
f 8534 8535 8679
f 8534 8679 8678
f 8535 8536 8680
f 8535 8680 8679
f 8536 8537 8681
f 8536 8681 8680
f 8537 8538 8682
f 8537 8682 8681
f 8538 8539 8683
f 8538 8683 8682
f 8539 8540 8684
f 8539 8684 8683
f 8540 8541 8685
f 8540 8685 8684
f 8541 8542 8686
f 8541 8686 8685
f 8542 8543 8687
f 8542 8687 8686
f 8543 8544 8688
f 8543 8688 8687
f 8544 8545 8689
f 8544 8689 8688
f 8545 8546 8690
f 8545 8690 8689
f 8546 8547 8691
f 8546 8691 8690
f 8547 8548 8692
f 8547 8692 8691
f 8548 8549 8693
f 8548 8693 8692
f 8549 8550 8694
f 8549 8694 8693
f 8550 8551 8695
f 8550 8695 8694
f 8551 8552 8696
f 8551 8696 8695
f 8552 8553 8697
f 8552 8697 8696
f 8553 8554 8698
f 8553 8698 8697
f 8554 8555 8699
f 8554 8699 8698
f 8555 8556 8700
f 8555 8700 8699
f 8556 8557 8701
f 8556 8701 8700
f 8557 8558 8702
f 8557 8702 8701
f 8558 8559 8703
f 8558 8703 8702
f 8559 8560 8704
f 8559 8704 8703
f 8560 8561 8705
f 8560 8705 8704
f 8561 8562 8706
f 8561 8706 8705
f 8562 8563 8707
f 8562 8707 8706
f 8563 8564 8708
f 8563 8708 8707
f 8564 8565 8709
f 8564 8709 8708
f 8565 8566 8710
f 8565 8710 8709
f 8566 8567 8711
f 8566 8711 8710
f 8567 8568 8712
f 8567 8712 8711
f 8568 8497 8641
f 8568 8641 8712
f 8641 8642 8786
f 8641 8786 8785
f 8642 8643 8787
f 8642 8787 8786
f 8643 8644 8788
f 8643 8788 8787
f 8644 8645 8789
f 8644 8789 8788
f 8645 8646 8790
f 8645 8790 8789
f 8646 8647 8791
f 8646 8791 8790
f 8647 8648 8792
f 8647 8792 8791
f 8648 8649 8793
f 8648 8793 8792
f 8649 8650 8794
f 8649 8794 8793
f 8650 8651 8795
f 8650 8795 8794
f 8651 8652 8796
f 8651 8796 8795
f 8652 8653 8797
f 8652 8797 8796
f 8653 8654 8798
f 8653 8798 8797
f 8654 8655 8799
f 8654 8799 8798
f 8655 8656 8800
f 8655 8800 8799
f 8656 8657 8801
f 8656 8801 8800
f 8657 8658 8802
f 8657 8802 8801
f 8658 8659 8803
f 8658 8803 8802
f 8659 8660 8804
f 8659 8804 8803
f 8660 8661 8805
f 8660 8805 8804
f 8661 8662 8806
f 8661 8806 8805
f 8662 8663 8807
f 8662 8807 8806
f 8663 8664 8808
f 8663 8808 8807
f 8664 8665 8809
f 8664 8809 8808
f 8665 8666 8810
f 8665 8810 8809
f 8666 8667 8811
f 8666 8811 8810
f 8667 8668 8812
f 8667 8812 8811
f 8668 8669 8813
f 8668 8813 8812
f 8669 8670 8814
f 8669 8814 8813
f 8670 8671 8815
f 8670 8815 8814
f 8671 8672 8816
f 8671 8816 8815
f 8672 8673 8817
f 8672 8817 8816
f 8673 8674 8818
f 8673 8818 8817
f 8674 8675 8819
f 8674 8819 8818
f 8675 8676 8820
f 8675 8820 8819
f 8676 8677 8821
f 8676 8821 8820
f 8677 8678 8822
f 8677 8822 8821
f 8678 8679 8823
f 8678 8823 8822
f 8679 8680 8824
f 8679 8824 8823
f 8680 8681 8825
f 8680 8825 8824
f 8681 8682 8826
f 8681 8826 8825
f 8682 8683 8827
f 8682 8827 8826
f 8683 8684 8828
f 8683 8828 8827
f 8684 8685 8829
f 8684 8829 8828
f 8685 8686 8830
f 8685 8830 8829
f 8686 8687 8831
f 8686 8831 8830
f 8687 8688 8832
f 8687 8832 8831
f 8688 8689 8833
f 8688 8833 8832
f 8689 8690 8834
f 8689 8834 8833
f 8690 8691 8835
f 8690 8835 8834
f 8691 8692 8836
f 8691 8836 8835
f 8692 8693 8837
f 8692 8837 8836
f 8693 8694 8838
f 8693 8838 8837
f 8694 8695 8839
f 8694 8839 8838
f 8695 8696 8840
f 8695 8840 8839
f 8696 8697 8841
f 8696 8841 8840
f 8697 8698 8842
f 8697 8842 8841
f 8698 8699 8843
f 8698 8843 8842
f 8699 8700 8844
f 8699 8844 8843
f 8700 8701 8845
f 8700 8845 8844
f 8701 8702 8846
f 8701 8846 8845
f 8702 8703 8847
f 8702 8847 8846
f 8703 8704 8848
f 8703 8848 8847
f 8704 8705 8849
f 8704 8849 8848
f 8705 8706 8850
f 8705 8850 8849
f 8706 8707 8851
f 8706 8851 8850
f 8707 8708 8852
f 8707 8852 8851
f 8708 8709 8853
f 8708 8853 8852
f 8709 8710 8854
f 8709 8854 8853
f 8710 8711 8855
f 8710 8855 8854
f 8711 8712 8856
f 8711 8856 8855
f 8712 8641 8785
f 8712 8785 8856
f 8785 8786 8930
f 8785 8930 8929
f 8786 8787 8931
f 8786 8931 8930
f 8787 8788 8932
f 8787 8932 8931
f 8788 8789 8933
f 8788 8933 8932
f 8789 8790 8934
f 8789 8934 8933
f 8790 8791 8935
f 8790 8935 8934
f 8791 8792 8936
f 8791 8936 8935
f 8792 8793 8937
f 8792 8937 8936
f 8793 8794 8938
f 8793 8938 8937
f 8794 8795 8939
f 8794 8939 8938
f 8795 8796 8940
f 8795 8940 8939
f 8796 8797 8941
f 8796 8941 8940
f 8797 8798 8942
f 8797 8942 8941
f 8798 8799 8943
f 8798 8943 8942
f 8799 8800 8944
f 8799 8944 8943
f 8800 8801 8945
f 8800 8945 8944
f 8801 8802 8946
f 8801 8946 8945
f 8802 8803 8947
f 8802 8947 8946
f 8803 8804 8948
f 8803 8948 8947
f 8804 8805 8949
f 8804 8949 8948
f 8805 8806 8950
f 8805 8950 8949
f 8806 8807 8951
f 8806 8951 8950
f 8807 8808 8952
f 8807 8952 8951
f 8808 8809 8953
f 8808 8953 8952
f 8809 8810 8954
f 8809 8954 8953
f 8810 8811 8955
f 8810 8955 8954
f 8811 8812 8956
f 8811 8956 8955
f 8812 8813 8957
f 8812 8957 8956
f 8813 8814 8958
f 8813 8958 8957
f 8814 8815 8959
f 8814 8959 8958
f 8815 8816 8960
f 8815 8960 8959
f 8816 8817 8961
f 8816 8961 8960
f 8817 8818 8962
f 8817 8962 8961
f 8818 8819 8963
f 8818 8963 8962
f 8819 8820 8964
f 8819 8964 8963
f 8820 8821 8965
f 8820 8965 8964
f 8821 8822 8966
f 8821 8966 8965
f 8822 8823 8967
f 8822 8967 8966
f 8823 8824 8968
f 8823 8968 8967
f 8824 8825 8969
f 8824 8969 8968
f 8825 8826 8970
f 8825 8970 8969
f 8826 8827 8971
f 8826 8971 8970
f 8827 8828 8972
f 8827 8972 8971
f 8828 8829 8973
f 8828 8973 8972
f 8829 8830 8974
f 8829 8974 8973
f 8830 8831 8975
f 8830 8975 8974
f 8831 8832 8976
f 8831 8976 8975
f 8832 8833 8977
f 8832 8977 8976
f 8833 8834 8978
f 8833 8978 8977
f 8834 8835 8979
f 8834 8979 8978
f 8835 8836 8980
f 8835 8980 8979
f 8836 8837 8981
f 8836 8981 8980
f 8837 8838 8982
f 8837 8982 8981
f 8838 8839 8983
f 8838 8983 8982
f 8839 8840 8984
f 8839 8984 8983
f 8840 8841 8985
f 8840 8985 8984
f 8841 8842 8986
f 8841 8986 8985
f 8842 8843 8987
f 8842 8987 8986
f 8843 8844 8988
f 8843 8988 8987
f 8844 8845 8989
f 8844 8989 8988
f 8845 8846 8990
f 8845 8990 8989
f 8846 8847 8991
f 8846 8991 8990
f 8847 8848 8992
f 8847 8992 8991
f 8848 8849 8993
f 8848 8993 8992
f 8849 8850 8994
f 8849 8994 8993
f 8850 8851 8995
f 8850 8995 8994
f 8851 8852 8996
f 8851 8996 8995
f 8852 8853 8997
f 8852 8997 8996
f 8853 8854 8998
f 8853 8998 8997
f 8854 8855 8999
f 8854 8999 8998
f 8855 8856 9000
f 8855 9000 8999
f 8856 8785 8929
f 8856 8929 9000
f 8929 8930 9074
f 8929 9074 9073
f 8930 8931 9075
f 8930 9075 9074
f 8931 8932 9076
f 8931 9076 9075
f 8932 8933 9077
f 8932 9077 9076
f 8933 8934 9078
f 8933 9078 9077
f 8934 8935 9079
f 8934 9079 9078
f 8935 8936 9080
f 8935 9080 9079
f 8936 8937 9081
f 8936 9081 9080
f 8937 8938 9082
f 8937 9082 9081
f 8938 8939 9083
f 8938 9083 9082
f 8939 8940 9084
f 8939 9084 9083
f 8940 8941 9085
f 8940 9085 9084
f 8941 8942 9086
f 8941 9086 9085
f 8942 8943 9087
f 8942 9087 9086
f 8943 8944 9088
f 8943 9088 9087
f 8944 8945 9089
f 8944 9089 9088
f 8945 8946 9090
f 8945 9090 9089
f 8946 8947 9091
f 8946 9091 9090
f 8947 8948 9092
f 8947 9092 9091
f 8948 8949 9093
f 8948 9093 9092
f 8949 8950 9094
f 8949 9094 9093
f 8950 8951 9095
f 8950 9095 9094
f 8951 8952 9096
f 8951 9096 9095
f 8952 8953 9097
f 8952 9097 9096
f 8953 8954 9098
f 8953 9098 9097
f 8954 8955 9099
f 8954 9099 9098
f 8955 8956 9100
f 8955 9100 9099
f 8956 8957 9101
f 8956 9101 9100
f 8957 8958 9102
f 8957 9102 9101
f 8958 8959 9103
f 8958 9103 9102
f 8959 8960 9104
f 8959 9104 9103
f 8960 8961 9105
f 8960 9105 9104
f 8961 8962 9106
f 8961 9106 9105
f 8962 8963 9107
f 8962 9107 9106
f 8963 8964 9108
f 8963 9108 9107
f 8964 8965 9109
f 8964 9109 9108
f 8965 8966 9110
f 8965 9110 9109
f 8966 8967 9111
f 8966 9111 9110
f 8967 8968 9112
f 8967 9112 9111
f 8968 8969 9113
f 8968 9113 9112
f 8969 8970 9114
f 8969 9114 9113
f 8970 8971 9115
f 8970 9115 9114
f 8971 8972 9116
f 8971 9116 9115
f 8972 8973 9117
f 8972 9117 9116
f 8973 8974 9118
f 8973 9118 9117
f 8974 8975 9119
f 8974 9119 9118
f 8975 8976 9120
f 8975 9120 9119
f 8976 8977 9121
f 8976 9121 9120
f 8977 8978 9122
f 8977 9122 9121
f 8978 8979 9123
f 8978 9123 9122
f 8979 8980 9124
f 8979 9124 9123
f 8980 8981 9125
f 8980 9125 9124
f 8981 8982 9126
f 8981 9126 9125
f 8982 8983 9127
f 8982 9127 9126
f 8983 8984 9128
f 8983 9128 9127
f 8984 8985 9129
f 8984 9129 9128
f 8985 8986 9130
f 8985 9130 9129
f 8986 8987 9131
f 8986 9131 9130
f 8987 8988 9132
f 8987 9132 9131
f 8988 8989 9133
f 8988 9133 9132
f 8989 8990 9134
f 8989 9134 9133
f 8990 8991 9135
f 8990 9135 9134
f 8991 8992 9136
f 8991 9136 9135
f 8992 8993 9137
f 8992 9137 9136
f 8993 8994 9138
f 8993 9138 9137
f 8994 8995 9139
f 8994 9139 9138
f 8995 8996 9140
f 8995 9140 9139
f 8996 8997 9141
f 8996 9141 9140
f 8997 8998 9142
f 8997 9142 9141
f 8998 8999 9143
f 8998 9143 9142
f 8999 9000 9144
f 8999 9144 9143
f 9000 8929 9073
f 9000 9073 9144
f 9073 9074 9218
f 9073 9218 9217
f 9074 9075 9219
f 9074 9219 9218
f 9075 9076 9220
f 9075 9220 9219
f 9076 9077 9221
f 9076 9221 9220
f 9077 9078 9222
f 9077 9222 9221
f 9078 9079 9223
f 9078 9223 9222
f 9079 9080 9224
f 9079 9224 9223
f 9080 9081 9225
f 9080 9225 9224
f 9081 9082 9226
f 9081 9226 9225
f 9082 9083 9227
f 9082 9227 9226
f 9083 9084 9228
f 9083 9228 9227
f 9084 9085 9229
f 9084 9229 9228
f 9085 9086 9230
f 9085 9230 9229
f 9086 9087 9231
f 9086 9231 9230
f 9087 9088 9232
f 9087 9232 9231
f 9088 9089 9233
f 9088 9233 9232
f 9089 9090 9234
f 9089 9234 9233
f 9090 9091 9235
f 9090 9235 9234
f 9091 9092 9236
f 9091 9236 9235
f 9092 9093 9237
f 9092 9237 9236
f 9093 9094 9238
f 9093 9238 9237
f 9094 9095 9239
f 9094 9239 9238
f 9095 9096 9240
f 9095 9240 9239
f 9096 9097 9241
f 9096 9241 9240
f 9097 9098 9242
f 9097 9242 9241
f 9098 9099 9243
f 9098 9243 9242
f 9099 9100 9244
f 9099 9244 9243
f 9100 9101 9245
f 9100 9245 9244
f 9101 9102 9246
f 9101 9246 9245
f 9102 9103 9247
f 9102 9247 9246
f 9103 9104 9248
f 9103 9248 9247
f 9104 9105 9249
f 9104 9249 9248
f 9105 9106 9250
f 9105 9250 9249
f 9106 9107 9251
f 9106 9251 9250
f 9107 9108 9252
f 9107 9252 9251
f 9108 9109 9253
f 9108 9253 9252
f 9109 9110 9254
f 9109 9254 9253
f 9110 9111 9255
f 9110 9255 9254
f 9111 9112 9256
f 9111 9256 9255
f 9112 9113 9257
f 9112 9257 9256
f 9113 9114 9258
f 9113 9258 9257
f 9114 9115 9259
f 9114 9259 9258
f 9115 9116 9260
f 9115 9260 9259
f 9116 9117 9261
f 9116 9261 9260
f 9117 9118 9262
f 9117 9262 9261
f 9118 9119 9263
f 9118 9263 9262
f 9119 9120 9264
f 9119 9264 9263
f 9120 9121 9265
f 9120 9265 9264
f 9121 9122 9266
f 9121 9266 9265
f 9122 9123 9267
f 9122 9267 9266
f 9123 9124 9268
f 9123 9268 9267
f 9124 9125 9269
f 9124 9269 9268
f 9125 9126 9270
f 9125 9270 9269
f 9126 9127 9271
f 9126 9271 9270
f 9127 9128 9272
f 9127 9272 9271
f 9128 9129 9273
f 9128 9273 9272
f 9129 9130 9274
f 9129 9274 9273
f 9130 9131 9275
f 9130 9275 9274
f 9131 9132 9276
f 9131 9276 9275
f 9132 9133 9277
f 9132 9277 9276
f 9133 9134 9278
f 9133 9278 9277
f 9134 9135 9279
f 9134 9279 9278
f 9135 9136 9280
f 9135 9280 9279
f 9136 9137 9281
f 9136 9281 9280
f 9137 9138 9282
f 9137 9282 9281
f 9138 9139 9283
f 9138 9283 9282
f 9139 9140 9284
f 9139 9284 9283
f 9140 9141 9285
f 9140 9285 9284
f 9141 9142 9286
f 9141 9286 9285
f 9142 9143 9287
f 9142 9287 9286
f 9143 9144 9288
f 9143 9288 9287
f 9144 9073 9217
f 9144 9217 9288
f 9217 9218 9362
f 9217 9362 9361
f 9218 9219 9363
f 9218 9363 9362
f 9219 9220 9364
f 9219 9364 9363
f 9220 9221 9365
f 9220 9365 9364
f 9221 9222 9366
f 9221 9366 9365
f 9222 9223 9367
f 9222 9367 9366
f 9223 9224 9368
f 9223 9368 9367
f 9224 9225 9369
f 9224 9369 9368
f 9225 9226 9370
f 9225 9370 9369
f 9226 9227 9371
f 9226 9371 9370
f 9227 9228 9372
f 9227 9372 9371
f 9228 9229 9373
f 9228 9373 9372
f 9229 9230 9374
f 9229 9374 9373
f 9230 9231 9375
f 9230 9375 9374
f 9231 9232 9376
f 9231 9376 9375
f 9232 9233 9377
f 9232 9377 9376
f 9233 9234 9378
f 9233 9378 9377
f 9234 9235 9379
f 9234 9379 9378
f 9235 9236 9380
f 9235 9380 9379
f 9236 9237 9381
f 9236 9381 9380
f 9237 9238 9382
f 9237 9382 9381
f 9238 9239 9383
f 9238 9383 9382
f 9239 9240 9384
f 9239 9384 9383
f 9240 9241 9385
f 9240 9385 9384
f 9241 9242 9386
f 9241 9386 9385
f 9242 9243 9387
f 9242 9387 9386
f 9243 9244 9388
f 9243 9388 9387
f 9244 9245 9389
f 9244 9389 9388
f 9245 9246 9390
f 9245 9390 9389
f 9246 9247 9391
f 9246 9391 9390
f 9247 9248 9392
f 9247 9392 9391
f 9248 9249 9393
f 9248 9393 9392
f 9249 9250 9394
f 9249 9394 9393
f 9250 9251 9395
f 9250 9395 9394
f 9251 9252 9396
f 9251 9396 9395
f 9252 9253 9397
f 9252 9397 9396
f 9253 9254 9398
f 9253 9398 9397
f 9254 9255 9399
f 9254 9399 9398
f 9255 9256 9400
f 9255 9400 9399
f 9256 9257 9401
f 9256 9401 9400
f 9257 9258 9402
f 9257 9402 9401
f 9258 9259 9403
f 9258 9403 9402
f 9259 9260 9404
f 9259 9404 9403
f 9260 9261 9405
f 9260 9405 9404
f 9261 9262 9406
f 9261 9406 9405
f 9262 9263 9407
f 9262 9407 9406
f 9263 9264 9408
f 9263 9408 9407
f 9264 9265 9409
f 9264 9409 9408
f 9265 9266 9410
f 9265 9410 9409
f 9266 9267 9411
f 9266 9411 9410
f 9267 9268 9412
f 9267 9412 9411
f 9268 9269 9413
f 9268 9413 9412
f 9269 9270 9414
f 9269 9414 9413
f 9270 9271 9415
f 9270 9415 9414
f 9271 9272 9416
f 9271 9416 9415
f 9272 9273 9417
f 9272 9417 9416
f 9273 9274 9418
f 9273 9418 9417
f 9274 9275 9419
f 9274 9419 9418
f 9275 9276 9420
f 9275 9420 9419
f 9276 9277 9421
f 9276 9421 9420
f 9277 9278 9422
f 9277 9422 9421
f 9278 9279 9423
f 9278 9423 9422
f 9279 9280 9424
f 9279 9424 9423
f 9280 9281 9425
f 9280 9425 9424
f 9281 9282 9426
f 9281 9426 9425
f 9282 9283 9427
f 9282 9427 9426
f 9283 9284 9428
f 9283 9428 9427
f 9284 9285 9429
f 9284 9429 9428
f 9285 9286 9430
f 9285 9430 9429
f 9286 9287 9431
f 9286 9431 9430
f 9287 9288 9432
f 9287 9432 9431
f 9288 9217 9361
f 9288 9361 9432
f 9361 9362 9506
f 9361 9506 9505
f 9362 9363 9507
f 9362 9507 9506
f 9363 9364 9508
f 9363 9508 9507
f 9364 9365 9509
f 9364 9509 9508
f 9365 9366 9510
f 9365 9510 9509
f 9366 9367 9511
f 9366 9511 9510
f 9367 9368 9512
f 9367 9512 9511
f 9368 9369 9513
f 9368 9513 9512
f 9369 9370 9514
f 9369 9514 9513
f 9370 9371 9515
f 9370 9515 9514
f 9371 9372 9516
f 9371 9516 9515
f 9372 9373 9517
f 9372 9517 9516
f 9373 9374 9518
f 9373 9518 9517
f 9374 9375 9519
f 9374 9519 9518
f 9375 9376 9520
f 9375 9520 9519
f 9376 9377 9521
f 9376 9521 9520
f 9377 9378 9522
f 9377 9522 9521
f 9378 9379 9523
f 9378 9523 9522
f 9379 9380 9524
f 9379 9524 9523
f 9380 9381 9525
f 9380 9525 9524
f 9381 9382 9526
f 9381 9526 9525
f 9382 9383 9527
f 9382 9527 9526
f 9383 9384 9528
f 9383 9528 9527
f 9384 9385 9529
f 9384 9529 9528
f 9385 9386 9530
f 9385 9530 9529
f 9386 9387 9531
f 9386 9531 9530
f 9387 9388 9532
f 9387 9532 9531
f 9388 9389 9533
f 9388 9533 9532
f 9389 9390 9534
f 9389 9534 9533
f 9390 9391 9535
f 9390 9535 9534
f 9391 9392 9536
f 9391 9536 9535
f 9392 9393 9537
f 9392 9537 9536
f 9393 9394 9538
f 9393 9538 9537
f 9394 9395 9539
f 9394 9539 9538
f 9395 9396 9540
f 9395 9540 9539
f 9396 9397 9541
f 9396 9541 9540
f 9397 9398 9542
f 9397 9542 9541
f 9398 9399 9543
f 9398 9543 9542
f 9399 9400 9544
f 9399 9544 9543
f 9400 9401 9545
f 9400 9545 9544
f 9401 9402 9546
f 9401 9546 9545
f 9402 9403 9547
f 9402 9547 9546
f 9403 9404 9548
f 9403 9548 9547
f 9404 9405 9549
f 9404 9549 9548
f 9405 9406 9550
f 9405 9550 9549
f 9406 9407 9551
f 9406 9551 9550
f 9407 9408 9552
f 9407 9552 9551
f 9408 9409 9553
f 9408 9553 9552
f 9409 9410 9554
f 9409 9554 9553
f 9410 9411 9555
f 9410 9555 9554
f 9411 9412 9556
f 9411 9556 9555
f 9412 9413 9557
f 9412 9557 9556
f 9413 9414 9558
f 9413 9558 9557
f 9414 9415 9559
f 9414 9559 9558
f 9415 9416 9560
f 9415 9560 9559
f 9416 9417 9561
f 9416 9561 9560
f 9417 9418 9562
f 9417 9562 9561
f 9418 9419 9563
f 9418 9563 9562
f 9419 9420 9564
f 9419 9564 9563
f 9420 9421 9565
f 9420 9565 9564
f 9421 9422 9566
f 9421 9566 9565
f 9422 9423 9567
f 9422 9567 9566
f 9423 9424 9568
f 9423 9568 9567
f 9424 9425 9569
f 9424 9569 9568
f 9425 9426 9570
f 9425 9570 9569
f 9426 9427 9571
f 9426 9571 9570
f 9427 9428 9572
f 9427 9572 9571
f 9428 9429 9573
f 9428 9573 9572
f 9429 9430 9574
f 9429 9574 9573
f 9430 9431 9575
f 9430 9575 9574
f 9431 9432 9576
f 9431 9576 9575
f 9432 9361 9505
f 9432 9505 9576
f 9505 9506 9650
f 9505 9650 9649
f 9506 9507 9651
f 9506 9651 9650
f 9507 9508 9652
f 9507 9652 9651
f 9508 9509 9653
f 9508 9653 9652
f 9509 9510 9654
f 9509 9654 9653
f 9510 9511 9655
f 9510 9655 9654
f 9511 9512 9656
f 9511 9656 9655
f 9512 9513 9657
f 9512 9657 9656
f 9513 9514 9658
f 9513 9658 9657
f 9514 9515 9659
f 9514 9659 9658
f 9515 9516 9660
f 9515 9660 9659
f 9516 9517 9661
f 9516 9661 9660
f 9517 9518 9662
f 9517 9662 9661
f 9518 9519 9663
f 9518 9663 9662
f 9519 9520 9664
f 9519 9664 9663
f 9520 9521 9665
f 9520 9665 9664
f 9521 9522 9666
f 9521 9666 9665
f 9522 9523 9667
f 9522 9667 9666
f 9523 9524 9668
f 9523 9668 9667
f 9524 9525 9669
f 9524 9669 9668
f 9525 9526 9670
f 9525 9670 9669
f 9526 9527 9671
f 9526 9671 9670
f 9527 9528 9672
f 9527 9672 9671
f 9528 9529 9673
f 9528 9673 9672
f 9529 9530 9674
f 9529 9674 9673
f 9530 9531 9675
f 9530 9675 9674
f 9531 9532 9676
f 9531 9676 9675
f 9532 9533 9677
f 9532 9677 9676
f 9533 9534 9678
f 9533 9678 9677
f 9534 9535 9679
f 9534 9679 9678
f 9535 9536 9680
f 9535 9680 9679
f 9536 9537 9681
f 9536 9681 9680
f 9537 9538 9682
f 9537 9682 9681
f 9538 9539 9683
f 9538 9683 9682
f 9539 9540 9684
f 9539 9684 9683
f 9540 9541 9685
f 9540 9685 9684
f 9541 9542 9686
f 9541 9686 9685
f 9542 9543 9687
f 9542 9687 9686
f 9543 9544 9688
f 9543 9688 9687
f 9544 9545 9689
f 9544 9689 9688
f 9545 9546 9690
f 9545 9690 9689
f 9546 9547 9691
f 9546 9691 9690
f 9547 9548 9692
f 9547 9692 9691
f 9548 9549 9693
f 9548 9693 9692
f 9549 9550 9694
f 9549 9694 9693
f 9550 9551 9695
f 9550 9695 9694
f 9551 9552 9696
f 9551 9696 9695
f 9552 9553 9697
f 9552 9697 9696
f 9553 9554 9698
f 9553 9698 9697
f 9554 9555 9699
f 9554 9699 9698
f 9555 9556 9700
f 9555 9700 9699
f 9556 9557 9701
f 9556 9701 9700
f 9557 9558 9702
f 9557 9702 9701
f 9558 9559 9703
f 9558 9703 9702
f 9559 9560 9704
f 9559 9704 9703
f 9560 9561 9705
f 9560 9705 9704
f 9561 9562 9706
f 9561 9706 9705
f 9562 9563 9707
f 9562 9707 9706
f 9563 9564 9708
f 9563 9708 9707
f 9564 9565 9709
f 9564 9709 9708
f 9565 9566 9710
f 9565 9710 9709
f 9566 9567 9711
f 9566 9711 9710
f 9567 9568 9712
f 9567 9712 9711
f 9568 9569 9713
f 9568 9713 9712
f 9569 9570 9714
f 9569 9714 9713
f 9570 9571 9715
f 9570 9715 9714
f 9571 9572 9716
f 9571 9716 9715
f 9572 9573 9717
f 9572 9717 9716
f 9573 9574 9718
f 9573 9718 9717
f 9574 9575 9719
f 9574 9719 9718
f 9575 9576 9720
f 9575 9720 9719
f 9576 9505 9649
f 9576 9649 9720
f 9649 9650 9794
f 9649 9794 9793
f 9650 9651 9795
f 9650 9795 9794
f 9651 9652 9796
f 9651 9796 9795
f 9652 9653 9797
f 9652 9797 9796
f 9653 9654 9798
f 9653 9798 9797
f 9654 9655 9799
f 9654 9799 9798
f 9655 9656 9800
f 9655 9800 9799
f 9656 9657 9801
f 9656 9801 9800
f 9657 9658 9802
f 9657 9802 9801
f 9658 9659 9803
f 9658 9803 9802
f 9659 9660 9804
f 9659 9804 9803
f 9660 9661 9805
f 9660 9805 9804
f 9661 9662 9806
f 9661 9806 9805
f 9662 9663 9807
f 9662 9807 9806
f 9663 9664 9808
f 9663 9808 9807
f 9664 9665 9809
f 9664 9809 9808
f 9665 9666 9810
f 9665 9810 9809
f 9666 9667 9811
f 9666 9811 9810
f 9667 9668 9812
f 9667 9812 9811
f 9668 9669 9813
f 9668 9813 9812
f 9669 9670 9814
f 9669 9814 9813
f 9670 9671 9815
f 9670 9815 9814
f 9671 9672 9816
f 9671 9816 9815
f 9672 9673 9817
f 9672 9817 9816
f 9673 9674 9818
f 9673 9818 9817
f 9674 9675 9819
f 9674 9819 9818
f 9675 9676 9820
f 9675 9820 9819
f 9676 9677 9821
f 9676 9821 9820
f 9677 9678 9822
f 9677 9822 9821
f 9678 9679 9823
f 9678 9823 9822
f 9679 9680 9824
f 9679 9824 9823
f 9680 9681 9825
f 9680 9825 9824
f 9681 9682 9826
f 9681 9826 9825
f 9682 9683 9827
f 9682 9827 9826
f 9683 9684 9828
f 9683 9828 9827
f 9684 9685 9829
f 9684 9829 9828
f 9685 9686 9830
f 9685 9830 9829
f 9686 9687 9831
f 9686 9831 9830
f 9687 9688 9832
f 9687 9832 9831
f 9688 9689 9833
f 9688 9833 9832
f 9689 9690 9834
f 9689 9834 9833
f 9690 9691 9835
f 9690 9835 9834
f 9691 9692 9836
f 9691 9836 9835
f 9692 9693 9837
f 9692 9837 9836
f 9693 9694 9838
f 9693 9838 9837
f 9694 9695 9839
f 9694 9839 9838
f 9695 9696 9840
f 9695 9840 9839
f 9696 9697 9841
f 9696 9841 9840
f 9697 9698 9842
f 9697 9842 9841
f 9698 9699 9843
f 9698 9843 9842
f 9699 9700 9844
f 9699 9844 9843
f 9700 9701 9845
f 9700 9845 9844
f 9701 9702 9846
f 9701 9846 9845
f 9702 9703 9847
f 9702 9847 9846
f 9703 9704 9848
f 9703 9848 9847
f 9704 9705 9849
f 9704 9849 9848
f 9705 9706 9850
f 9705 9850 9849
f 9706 9707 9851
f 9706 9851 9850
f 9707 9708 9852
f 9707 9852 9851
f 9708 9709 9853
f 9708 9853 9852
f 9709 9710 9854
f 9709 9854 9853
f 9710 9711 9855
f 9710 9855 9854
f 9711 9712 9856
f 9711 9856 9855
f 9712 9713 9857
f 9712 9857 9856
f 9713 9714 9858
f 9713 9858 9857
f 9714 9715 9859
f 9714 9859 9858
f 9715 9716 9860
f 9715 9860 9859
f 9716 9717 9861
f 9716 9861 9860
f 9717 9718 9862
f 9717 9862 9861
f 9718 9719 9863
f 9718 9863 9862
f 9719 9720 9864
f 9719 9864 9863
f 9720 9649 9793
f 9720 9793 9864
f 9793 9794 9938
f 9793 9938 9937
f 9794 9795 9939
f 9794 9939 9938
f 9795 9796 9940
f 9795 9940 9939
f 9796 9797 9941
f 9796 9941 9940
f 9797 9798 9942
f 9797 9942 9941
f 9798 9799 9943
f 9798 9943 9942
f 9799 9800 9944
f 9799 9944 9943
f 9800 9801 9945
f 9800 9945 9944
f 9801 9802 9946
f 9801 9946 9945
f 9802 9803 9947
f 9802 9947 9946
f 9803 9804 9948
f 9803 9948 9947
f 9804 9805 9949
f 9804 9949 9948
f 9805 9806 9950
f 9805 9950 9949
f 9806 9807 9951
f 9806 9951 9950
f 9807 9808 9952
f 9807 9952 9951
f 9808 9809 9953
f 9808 9953 9952
f 9809 9810 9954
f 9809 9954 9953
f 9810 9811 9955
f 9810 9955 9954
f 9811 9812 9956
f 9811 9956 9955
f 9812 9813 9957
f 9812 9957 9956
f 9813 9814 9958
f 9813 9958 9957
f 9814 9815 9959
f 9814 9959 9958
f 9815 9816 9960
f 9815 9960 9959
f 9816 9817 9961
f 9816 9961 9960
f 9817 9818 9962
f 9817 9962 9961
f 9818 9819 9963
f 9818 9963 9962
f 9819 9820 9964
f 9819 9964 9963
f 9820 9821 9965
f 9820 9965 9964
f 9821 9822 9966
f 9821 9966 9965
f 9822 9823 9967
f 9822 9967 9966
f 9823 9824 9968
f 9823 9968 9967
f 9824 9825 9969
f 9824 9969 9968
f 9825 9826 9970
f 9825 9970 9969
f 9826 9827 9971
f 9826 9971 9970
f 9827 9828 9972
f 9827 9972 9971
f 9828 9829 9973
f 9828 9973 9972
f 9829 9830 9974
f 9829 9974 9973
f 9830 9831 9975
f 9830 9975 9974
f 9831 9832 9976
f 9831 9976 9975
f 9832 9833 9977
f 9832 9977 9976
f 9833 9834 9978
f 9833 9978 9977
f 9834 9835 9979
f 9834 9979 9978
f 9835 9836 9980
f 9835 9980 9979
f 9836 9837 9981
f 9836 9981 9980
f 9837 9838 9982
f 9837 9982 9981
f 9838 9839 9983
f 9838 9983 9982
f 9839 9840 9984
f 9839 9984 9983
f 9840 9841 9985
f 9840 9985 9984
f 9841 9842 9986
f 9841 9986 9985
f 9842 9843 9987
f 9842 9987 9986
f 9843 9844 9988
f 9843 9988 9987
f 9844 9845 9989
f 9844 9989 9988
f 9845 9846 9990
f 9845 9990 9989
f 9846 9847 9991
f 9846 9991 9990
f 9847 9848 9992
f 9847 9992 9991
f 9848 9849 9993
f 9848 9993 9992
f 9849 9850 9994
f 9849 9994 9993
f 9850 9851 9995
f 9850 9995 9994
f 9851 9852 9996
f 9851 9996 9995
f 9852 9853 9997
f 9852 9997 9996
f 9853 9854 9998
f 9853 9998 9997
f 9854 9855 9999
f 9854 9999 9998
f 9855 9856 10000
f 9855 10000 9999
f 9856 9857 10001
f 9856 10001 10000
f 9857 9858 10002
f 9857 10002 10001
f 9858 9859 10003
f 9858 10003 10002
f 9859 9860 10004
f 9859 10004 10003
f 9860 9861 10005
f 9860 10005 10004
f 9861 9862 10006
f 9861 10006 10005
f 9862 9863 10007
f 9862 10007 10006
f 9863 9864 10008
f 9863 10008 10007
f 9864 9793 9937
f 9864 9937 10008
f 9937 9938 10082
f 9937 10082 10081
f 9938 9939 10083
f 9938 10083 10082
f 9939 9940 10084
f 9939 10084 10083
f 9940 9941 10085
f 9940 10085 10084
f 9941 9942 10086
f 9941 10086 10085
f 9942 9943 10087
f 9942 10087 10086
f 9943 9944 10088
f 9943 10088 10087
f 9944 9945 10089
f 9944 10089 10088
f 9945 9946 10090
f 9945 10090 10089
f 9946 9947 10091
f 9946 10091 10090
f 9947 9948 10092
f 9947 10092 10091
f 9948 9949 10093
f 9948 10093 10092
f 9949 9950 10094
f 9949 10094 10093
f 9950 9951 10095
f 9950 10095 10094
f 9951 9952 10096
f 9951 10096 10095
f 9952 9953 10097
f 9952 10097 10096
f 9953 9954 10098
f 9953 10098 10097
f 9954 9955 10099
f 9954 10099 10098
f 9955 9956 10100
f 9955 10100 10099
f 9956 9957 10101
f 9956 10101 10100
f 9957 9958 10102
f 9957 10102 10101
f 9958 9959 10103
f 9958 10103 10102
f 9959 9960 10104
f 9959 10104 10103
f 9960 9961 10105
f 9960 10105 10104
f 9961 9962 10106
f 9961 10106 10105
f 9962 9963 10107
f 9962 10107 10106
f 9963 9964 10108
f 9963 10108 10107
f 9964 9965 10109
f 9964 10109 10108
f 9965 9966 10110
f 9965 10110 10109
f 9966 9967 10111
f 9966 10111 10110
f 9967 9968 10112
f 9967 10112 10111
f 9968 9969 10113
f 9968 10113 10112
f 9969 9970 10114
f 9969 10114 10113
f 9970 9971 10115
f 9970 10115 10114
f 9971 9972 10116
f 9971 10116 10115
f 9972 9973 10117
f 9972 10117 10116
f 9973 9974 10118
f 9973 10118 10117
f 9974 9975 10119
f 9974 10119 10118
f 9975 9976 10120
f 9975 10120 10119
f 9976 9977 10121
f 9976 10121 10120
f 9977 9978 10122
f 9977 10122 10121
f 9978 9979 10123
f 9978 10123 10122
f 9979 9980 10124
f 9979 10124 10123
f 9980 9981 10125
f 9980 10125 10124
f 9981 9982 10126
f 9981 10126 10125
f 9982 9983 10127
f 9982 10127 10126
f 9983 9984 10128
f 9983 10128 10127
f 9984 9985 10129
f 9984 10129 10128
f 9985 9986 10130
f 9985 10130 10129
f 9986 9987 10131
f 9986 10131 10130
f 9987 9988 10132
f 9987 10132 10131
f 9988 9989 10133
f 9988 10133 10132
f 9989 9990 10134
f 9989 10134 10133
f 9990 9991 10135
f 9990 10135 10134
f 9991 9992 10136
f 9991 10136 10135
f 9992 9993 10137
f 9992 10137 10136
f 9993 9994 10138
f 9993 10138 10137
f 9994 9995 10139
f 9994 10139 10138
f 9995 9996 10140
f 9995 10140 10139
f 9996 9997 10141
f 9996 10141 10140
f 9997 9998 10142
f 9997 10142 10141
f 9998 9999 10143
f 9998 10143 10142
f 9999 10000 10144
f 9999 10144 10143
f 10000 10001 10145
f 10000 10145 10144
f 10001 10002 10146
f 10001 10146 10145
f 10002 10003 10147
f 10002 10147 10146
f 10003 10004 10148
f 10003 10148 10147
f 10004 10005 10149
f 10004 10149 10148
f 10005 10006 10150
f 10005 10150 10149
f 10006 10007 10151
f 10006 10151 10150
f 10007 10008 10152
f 10007 10152 10151
f 10008 9937 10081
f 10008 10081 10152
f 10081 10082 10226
f 10081 10226 10225
f 10082 10083 10227
f 10082 10227 10226
f 10083 10084 10228
f 10083 10228 10227
f 10084 10085 10229
f 10084 10229 10228
f 10085 10086 10230
f 10085 10230 10229
f 10086 10087 10231
f 10086 10231 10230
f 10087 10088 10232
f 10087 10232 10231
f 10088 10089 10233
f 10088 10233 10232
f 10089 10090 10234
f 10089 10234 10233
f 10090 10091 10235
f 10090 10235 10234
f 10091 10092 10236
f 10091 10236 10235
f 10092 10093 10237
f 10092 10237 10236
f 10093 10094 10238
f 10093 10238 10237
f 10094 10095 10239
f 10094 10239 10238
f 10095 10096 10240
f 10095 10240 10239
f 10096 10097 10241
f 10096 10241 10240
f 10097 10098 10242
f 10097 10242 10241
f 10098 10099 10243
f 10098 10243 10242
f 10099 10100 10244
f 10099 10244 10243
f 10100 10101 10245
f 10100 10245 10244
f 10101 10102 10246
f 10101 10246 10245
f 10102 10103 10247
f 10102 10247 10246
f 10103 10104 10248
f 10103 10248 10247
f 10104 10105 10249
f 10104 10249 10248
f 10105 10106 10250
f 10105 10250 10249
f 10106 10107 10251
f 10106 10251 10250
f 10107 10108 10252
f 10107 10252 10251
f 10108 10109 10253
f 10108 10253 10252
f 10109 10110 10254
f 10109 10254 10253
f 10110 10111 10255
f 10110 10255 10254
f 10111 10112 10256
f 10111 10256 10255
f 10112 10113 10257
f 10112 10257 10256
f 10113 10114 10258
f 10113 10258 10257
f 10114 10115 10259
f 10114 10259 10258
f 10115 10116 10260
f 10115 10260 10259
f 10116 10117 10261
f 10116 10261 10260
f 10117 10118 10262
f 10117 10262 10261
f 10118 10119 10263
f 10118 10263 10262
f 10119 10120 10264
f 10119 10264 10263
f 10120 10121 10265
f 10120 10265 10264
f 10121 10122 10266
f 10121 10266 10265
f 10122 10123 10267
f 10122 10267 10266
f 10123 10124 10268
f 10123 10268 10267
f 10124 10125 10269
f 10124 10269 10268
f 10125 10126 10270
f 10125 10270 10269
f 10126 10127 10271
f 10126 10271 10270
f 10127 10128 10272
f 10127 10272 10271
f 10128 10129 10273
f 10128 10273 10272
f 10129 10130 10274
f 10129 10274 10273
f 10130 10131 10275
f 10130 10275 10274
f 10131 10132 10276
f 10131 10276 10275
f 10132 10133 10277
f 10132 10277 10276
f 10133 10134 10278
f 10133 10278 10277
f 10134 10135 10279
f 10134 10279 10278
f 10135 10136 10280
f 10135 10280 10279
f 10136 10137 10281
f 10136 10281 10280
f 10137 10138 10282
f 10137 10282 10281
f 10138 10139 10283
f 10138 10283 10282
f 10139 10140 10284
f 10139 10284 10283
f 10140 10141 10285
f 10140 10285 10284
f 10141 10142 10286
f 10141 10286 10285
f 10142 10143 10287
f 10142 10287 10286
f 10143 10144 10288
f 10143 10288 10287
f 10144 10145 10289
f 10144 10289 10288
f 10145 10146 10290
f 10145 10290 10289
f 10146 10147 10291
f 10146 10291 10290
f 10147 10148 10292
f 10147 10292 10291
f 10148 10149 10293
f 10148 10293 10292
f 10149 10150 10294
f 10149 10294 10293
f 10150 10151 10295
f 10150 10295 10294
f 10151 10152 10296
f 10151 10296 10295
f 10152 10081 10225
f 10152 10225 10296
f 10225 10226 10370
f 10225 10370 10369
f 10226 10227 10371
f 10226 10371 10370
f 10227 10228 10372
f 10227 10372 10371
f 10228 10229 10373
f 10228 10373 10372
f 10229 10230 10374
f 10229 10374 10373
f 10230 10231 10375
f 10230 10375 10374
f 10231 10232 10376
f 10231 10376 10375
f 10232 10233 10377
f 10232 10377 10376
f 10233 10234 10378
f 10233 10378 10377
f 10234 10235 10379
f 10234 10379 10378
f 10235 10236 10380
f 10235 10380 10379
f 10236 10237 10381
f 10236 10381 10380
f 10237 10238 10382
f 10237 10382 10381
f 10238 10239 10383
f 10238 10383 10382
f 10239 10240 10384
f 10239 10384 10383
f 10240 10241 10385
f 10240 10385 10384
f 10241 10242 10386
f 10241 10386 10385
f 10242 10243 10387
f 10242 10387 10386
f 10243 10244 10388
f 10243 10388 10387
f 10244 10245 10389
f 10244 10389 10388
f 10245 10246 10390
f 10245 10390 10389
f 10246 10247 10391
f 10246 10391 10390
f 10247 10248 10392
f 10247 10392 10391
f 10248 10249 10393
f 10248 10393 10392
f 10249 10250 10394
f 10249 10394 10393
f 10250 10251 10395
f 10250 10395 10394
f 10251 10252 10396
f 10251 10396 10395
f 10252 10253 10397
f 10252 10397 10396
f 10253 10254 10398
f 10253 10398 10397
f 10254 10255 10399
f 10254 10399 10398
f 10255 10256 10400
f 10255 10400 10399
f 10256 10257 10401
f 10256 10401 10400
f 10257 10258 10402
f 10257 10402 10401
f 10258 10259 10403
f 10258 10403 10402
f 10259 10260 10404
f 10259 10404 10403
f 10260 10261 10405
f 10260 10405 10404
f 10261 10262 10406
f 10261 10406 10405
f 10262 10263 10407
f 10262 10407 10406
f 10263 10264 10408
f 10263 10408 10407
f 10264 10265 10409
f 10264 10409 10408
f 10265 10266 10410
f 10265 10410 10409
f 10266 10267 10411
f 10266 10411 10410
f 10267 10268 10412
f 10267 10412 10411
f 10268 10269 10413
f 10268 10413 10412
f 10269 10270 10414
f 10269 10414 10413
f 10270 10271 10415
f 10270 10415 10414
f 10271 10272 10416
f 10271 10416 10415
f 10272 10273 10417
f 10272 10417 10416
f 10273 10274 10418
f 10273 10418 10417
f 10274 10275 10419
f 10274 10419 10418
f 10275 10276 10420
f 10275 10420 10419
f 10276 10277 10421
f 10276 10421 10420
f 10277 10278 10422
f 10277 10422 10421
f 10278 10279 10423
f 10278 10423 10422
f 10279 10280 10424
f 10279 10424 10423
f 10280 10281 10425
f 10280 10425 10424
f 10281 10282 10426
f 10281 10426 10425
f 10282 10283 10427
f 10282 10427 10426
f 10283 10284 10428
f 10283 10428 10427
f 10284 10285 10429
f 10284 10429 10428
f 10285 10286 10430
f 10285 10430 10429
f 10286 10287 10431
f 10286 10431 10430
f 10287 10288 10432
f 10287 10432 10431
f 10288 10289 10433
f 10288 10433 10432
f 10289 10290 10434
f 10289 10434 10433
f 10290 10291 10435
f 10290 10435 10434
f 10291 10292 10436
f 10291 10436 10435
f 10292 10293 10437
f 10292 10437 10436
f 10293 10294 10438
f 10293 10438 10437
f 10294 10295 10439
f 10294 10439 10438
f 10295 10296 10440
f 10295 10440 10439
f 10296 10225 10369
f 10296 10369 10440
f 10369 10370 10514
f 10369 10514 10513
f 10370 10371 10515
f 10370 10515 10514
f 10371 10372 10516
f 10371 10516 10515
f 10372 10373 10517
f 10372 10517 10516
f 10373 10374 10518
f 10373 10518 10517
f 10374 10375 10519
f 10374 10519 10518
f 10375 10376 10520
f 10375 10520 10519
f 10376 10377 10521
f 10376 10521 10520
f 10377 10378 10522
f 10377 10522 10521
f 10378 10379 10523
f 10378 10523 10522
f 10379 10380 10524
f 10379 10524 10523
f 10380 10381 10525
f 10380 10525 10524
f 10381 10382 10526
f 10381 10526 10525
f 10382 10383 10527
f 10382 10527 10526
f 10383 10384 10528
f 10383 10528 10527
f 10384 10385 10529
f 10384 10529 10528
f 10385 10386 10530
f 10385 10530 10529
f 10386 10387 10531
f 10386 10531 10530
f 10387 10388 10532
f 10387 10532 10531
f 10388 10389 10533
f 10388 10533 10532
f 10389 10390 10534
f 10389 10534 10533
f 10390 10391 10535
f 10390 10535 10534
f 10391 10392 10536
f 10391 10536 10535
f 10392 10393 10537
f 10392 10537 10536
f 10393 10394 10538
f 10393 10538 10537
f 10394 10395 10539
f 10394 10539 10538
f 10395 10396 10540
f 10395 10540 10539
f 10396 10397 10541
f 10396 10541 10540
f 10397 10398 10542
f 10397 10542 10541
f 10398 10399 10543
f 10398 10543 10542
f 10399 10400 10544
f 10399 10544 10543
f 10400 10401 10545
f 10400 10545 10544
f 10401 10402 10546
f 10401 10546 10545
f 10402 10403 10547
f 10402 10547 10546
f 10403 10404 10548
f 10403 10548 10547
f 10404 10405 10549
f 10404 10549 10548
f 10405 10406 10550
f 10405 10550 10549
f 10406 10407 10551
f 10406 10551 10550
f 10407 10408 10552
f 10407 10552 10551
f 10408 10409 10553
f 10408 10553 10552
f 10409 10410 10554
f 10409 10554 10553
f 10410 10411 10555
f 10410 10555 10554
f 10411 10412 10556
f 10411 10556 10555
f 10412 10413 10557
f 10412 10557 10556
f 10413 10414 10558
f 10413 10558 10557
f 10414 10415 10559
f 10414 10559 10558
f 10415 10416 10560
f 10415 10560 10559
f 10416 10417 10561
f 10416 10561 10560
f 10417 10418 10562
f 10417 10562 10561
f 10418 10419 10563
f 10418 10563 10562
f 10419 10420 10564
f 10419 10564 10563
f 10420 10421 10565
f 10420 10565 10564
f 10421 10422 10566
f 10421 10566 10565
f 10422 10423 10567
f 10422 10567 10566
f 10423 10424 10568
f 10423 10568 10567
f 10424 10425 10569
f 10424 10569 10568
f 10425 10426 10570
f 10425 10570 10569
f 10426 10427 10571
f 10426 10571 10570
f 10427 10428 10572
f 10427 10572 10571
f 10428 10429 10573
f 10428 10573 10572
f 10429 10430 10574
f 10429 10574 10573
f 10430 10431 10575
f 10430 10575 10574
f 10431 10432 10576
f 10431 10576 10575
f 10432 10433 10577
f 10432 10577 10576
f 10433 10434 10578
f 10433 10578 10577
f 10434 10435 10579
f 10434 10579 10578
f 10435 10436 10580
f 10435 10580 10579
f 10436 10437 10581
f 10436 10581 10580
f 10437 10438 10582
f 10437 10582 10581
f 10438 10439 10583
f 10438 10583 10582
f 10439 10440 10584
f 10439 10584 10583
f 10440 10369 10513
f 10440 10513 10584
f 73 218 74
f 73 217 218
f 74 219 75
f 74 218 219
f 75 220 76
f 75 219 220
f 76 221 77
f 76 220 221
f 77 222 78
f 77 221 222
f 78 223 79
f 78 222 223
f 79 224 80
f 79 223 224
f 80 225 81
f 80 224 225
f 81 226 82
f 81 225 226
f 82 227 83
f 82 226 227
f 83 228 84
f 83 227 228
f 84 229 85
f 84 228 229
f 85 230 86
f 85 229 230
f 86 231 87
f 86 230 231
f 87 232 88
f 87 231 232
f 88 233 89
f 88 232 233
f 89 234 90
f 89 233 234
f 90 235 91
f 90 234 235
f 91 236 92
f 91 235 236
f 92 237 93
f 92 236 237
f 93 238 94
f 93 237 238
f 94 239 95
f 94 238 239
f 95 240 96
f 95 239 240
f 96 241 97
f 96 240 241
f 97 242 98
f 97 241 242
f 98 243 99
f 98 242 243
f 99 244 100
f 99 243 244
f 100 245 101
f 100 244 245
f 101 246 102
f 101 245 246
f 102 247 103
f 102 246 247
f 103 248 104
f 103 247 248
f 104 249 105
f 104 248 249
f 105 250 106
f 105 249 250
f 106 251 107
f 106 250 251
f 107 252 108
f 107 251 252
f 108 253 109
f 108 252 253
f 109 254 110
f 109 253 254
f 110 255 111
f 110 254 255
f 111 256 112
f 111 255 256
f 112 257 113
f 112 256 257
f 113 258 114
f 113 257 258
f 114 259 115
f 114 258 259
f 115 260 116
f 115 259 260
f 116 261 117
f 116 260 261
f 117 262 118
f 117 261 262
f 118 263 119
f 118 262 263
f 119 264 120
f 119 263 264
f 120 265 121
f 120 264 265
f 121 266 122
f 121 265 266
f 122 267 123
f 122 266 267
f 123 268 124
f 123 267 268
f 124 269 125
f 124 268 269
f 125 270 126
f 125 269 270
f 126 271 127
f 126 270 271
f 127 272 128
f 127 271 272
f 128 273 129
f 128 272 273
f 129 274 130
f 129 273 274
f 130 275 131
f 130 274 275
f 131 276 132
f 131 275 276
f 132 277 133
f 132 276 277
f 133 278 134
f 133 277 278
f 134 279 135
f 134 278 279
f 135 280 136
f 135 279 280
f 136 281 137
f 136 280 281
f 137 282 138
f 137 281 282
f 138 283 139
f 138 282 283
f 139 284 140
f 139 283 284
f 140 285 141
f 140 284 285
f 141 286 142
f 141 285 286
f 142 287 143
f 142 286 287
f 143 288 144
f 143 287 288
f 144 217 73
f 144 288 217
f 217 362 218
f 217 361 362
f 218 363 219
f 218 362 363
f 219 364 220
f 219 363 364
f 220 365 221
f 220 364 365
f 221 366 222
f 221 365 366
f 222 367 223
f 222 366 367
f 223 368 224
f 223 367 368
f 224 369 225
f 224 368 369
f 225 370 226
f 225 369 370
f 226 371 227
f 226 370 371
f 227 372 228
f 227 371 372
f 228 373 229
f 228 372 373
f 229 374 230
f 229 373 374
f 230 375 231
f 230 374 375
f 231 376 232
f 231 375 376
f 232 377 233
f 232 376 377
f 233 378 234
f 233 377 378
f 234 379 235
f 234 378 379
f 235 380 236
f 235 379 380
f 236 381 237
f 236 380 381
f 237 382 238
f 237 381 382
f 238 383 239
f 238 382 383
f 239 384 240
f 239 383 384
f 240 385 241
f 240 384 385
f 241 386 242
f 241 385 386
f 242 387 243
f 242 386 387
f 243 388 244
f 243 387 388
f 244 389 245
f 244 388 389
f 245 390 246
f 245 389 390
f 246 391 247
f 246 390 391
f 247 392 248
f 247 391 392
f 248 393 249
f 248 392 393
f 249 394 250
f 249 393 394
f 250 395 251
f 250 394 395
f 251 396 252
f 251 395 396
f 252 397 253
f 252 396 397
f 253 398 254
f 253 397 398
f 254 399 255
f 254 398 399
f 255 400 256
f 255 399 400
f 256 401 257
f 256 400 401
f 257 402 258
f 257 401 402
f 258 403 259
f 258 402 403
f 259 404 260
f 259 403 404
f 260 405 261
f 260 404 405
f 261 406 262
f 261 405 406
f 262 407 263
f 262 406 407
f 263 408 264
f 263 407 408
f 264 409 265
f 264 408 409
f 265 410 266
f 265 409 410
f 266 411 267
f 266 410 411
f 267 412 268
f 267 411 412
f 268 413 269
f 268 412 413
f 269 414 270
f 269 413 414
f 270 415 271
f 270 414 415
f 271 416 272
f 271 415 416
f 272 417 273
f 272 416 417
f 273 418 274
f 273 417 418
f 274 419 275
f 274 418 419
f 275 420 276
f 275 419 420
f 276 421 277
f 276 420 421
f 277 422 278
f 277 421 422
f 278 423 279
f 278 422 423
f 279 424 280
f 279 423 424
f 280 425 281
f 280 424 425
f 281 426 282
f 281 425 426
f 282 427 283
f 282 426 427
f 283 428 284
f 283 427 428
f 284 429 285
f 284 428 429
f 285 430 286
f 285 429 430
f 286 431 287
f 286 430 431
f 287 432 288
f 287 431 432
f 288 361 217
f 288 432 361
f 361 506 362
f 361 505 506
f 362 507 363
f 362 506 507
f 363 508 364
f 363 507 508
f 364 509 365
f 364 508 509
f 365 510 366
f 365 509 510
f 366 511 367
f 366 510 511
f 367 512 368
f 367 511 512
f 368 513 369
f 368 512 513
f 369 514 370
f 369 513 514
f 370 515 371
f 370 514 515
f 371 516 372
f 371 515 516
f 372 517 373
f 372 516 517
f 373 518 374
f 373 517 518
f 374 519 375
f 374 518 519
f 375 520 376
f 375 519 520
f 376 521 377
f 376 520 521
f 377 522 378
f 377 521 522
f 378 523 379
f 378 522 523
f 379 524 380
f 379 523 524
f 380 525 381
f 380 524 525
f 381 526 382
f 381 525 526
f 382 527 383
f 382 526 527
f 383 528 384
f 383 527 528
f 384 529 385
f 384 528 529
f 385 530 386
f 385 529 530
f 386 531 387
f 386 530 531
f 387 532 388
f 387 531 532
f 388 533 389
f 388 532 533
f 389 534 390
f 389 533 534
f 390 535 391
f 390 534 535
f 391 536 392
f 391 535 536
f 392 537 393
f 392 536 537
f 393 538 394
f 393 537 538
f 394 539 395
f 394 538 539
f 395 540 396
f 395 539 540
f 396 541 397
f 396 540 541
f 397 542 398
f 397 541 542
f 398 543 399
f 398 542 543
f 399 544 400
f 399 543 544
f 400 545 401
f 400 544 545
f 401 546 402
f 401 545 546
f 402 547 403
f 402 546 547
f 403 548 404
f 403 547 548
f 404 549 405
f 404 548 549
f 405 550 406
f 405 549 550
f 406 551 407
f 406 550 551
f 407 552 408
f 407 551 552
f 408 553 409
f 408 552 553
f 409 554 410
f 409 553 554
f 410 555 411
f 410 554 555
f 411 556 412
f 411 555 556
f 412 557 413
f 412 556 557
f 413 558 414
f 413 557 558
f 414 559 415
f 414 558 559
f 415 560 416
f 415 559 560
f 416 561 417
f 416 560 561
f 417 562 418
f 417 561 562
f 418 563 419
f 418 562 563
f 419 564 420
f 419 563 564
f 420 565 421
f 420 564 565
f 421 566 422
f 421 565 566
f 422 567 423
f 422 566 567
f 423 568 424
f 423 567 568
f 424 569 425
f 424 568 569
f 425 570 426
f 425 569 570
f 426 571 427
f 426 570 571
f 427 572 428
f 427 571 572
f 428 573 429
f 428 572 573
f 429 574 430
f 429 573 574
f 430 575 431
f 430 574 575
f 431 576 432
f 431 575 576
f 432 505 361
f 432 576 505
f 505 650 506
f 505 649 650
f 506 651 507
f 506 650 651
f 507 652 508
f 507 651 652
f 508 653 509
f 508 652 653
f 509 654 510
f 509 653 654
f 510 655 511
f 510 654 655
f 511 656 512
f 511 655 656
f 512 657 513
f 512 656 657
f 513 658 514
f 513 657 658
f 514 659 515
f 514 658 659
f 515 660 516
f 515 659 660
f 516 661 517
f 516 660 661
f 517 662 518
f 517 661 662
f 518 663 519
f 518 662 663
f 519 664 520
f 519 663 664
f 520 665 521
f 520 664 665
f 521 666 522
f 521 665 666
f 522 667 523
f 522 666 667
f 523 668 524
f 523 667 668
f 524 669 525
f 524 668 669
f 525 670 526
f 525 669 670
f 526 671 527
f 526 670 671
f 527 672 528
f 527 671 672
f 528 673 529
f 528 672 673
f 529 674 530
f 529 673 674
f 530 675 531
f 530 674 675
f 531 676 532
f 531 675 676
f 532 677 533
f 532 676 677
f 533 678 534
f 533 677 678
f 534 679 535
f 534 678 679
f 535 680 536
f 535 679 680
f 536 681 537
f 536 680 681
f 537 682 538
f 537 681 682
f 538 683 539
f 538 682 683
f 539 684 540
f 539 683 684
f 540 685 541
f 540 684 685
f 541 686 542
f 541 685 686
f 542 687 543
f 542 686 687
f 543 688 544
f 543 687 688
f 544 689 545
f 544 688 689
f 545 690 546
f 545 689 690
f 546 691 547
f 546 690 691
f 547 692 548
f 547 691 692
f 548 693 549
f 548 692 693
f 549 694 550
f 549 693 694
f 550 695 551
f 550 694 695
f 551 696 552
f 551 695 696
f 552 697 553
f 552 696 697
f 553 698 554
f 553 697 698
f 554 699 555
f 554 698 699
f 555 700 556
f 555 699 700
f 556 701 557
f 556 700 701
f 557 702 558
f 557 701 702
f 558 703 559
f 558 702 703
f 559 704 560
f 559 703 704
f 560 705 561
f 560 704 705
f 561 706 562
f 561 705 706
f 562 707 563
f 562 706 707
f 563 708 564
f 563 707 708
f 564 709 565
f 564 708 709
f 565 710 566
f 565 709 710
f 566 711 567
f 566 710 711
f 567 712 568
f 567 711 712
f 568 713 569
f 568 712 713
f 569 714 570
f 569 713 714
f 570 715 571
f 570 714 715
f 571 716 572
f 571 715 716
f 572 717 573
f 572 716 717
f 573 718 574
f 573 717 718
f 574 719 575
f 574 718 719
f 575 720 576
f 575 719 720
f 576 649 505
f 576 720 649
f 649 794 650
f 649 793 794
f 650 795 651
f 650 794 795
f 651 796 652
f 651 795 796
f 652 797 653
f 652 796 797
f 653 798 654
f 653 797 798
f 654 799 655
f 654 798 799
f 655 800 656
f 655 799 800
f 656 801 657
f 656 800 801
f 657 802 658
f 657 801 802
f 658 803 659
f 658 802 803
f 659 804 660
f 659 803 804
f 660 805 661
f 660 804 805
f 661 806 662
f 661 805 806
f 662 807 663
f 662 806 807
f 663 808 664
f 663 807 808
f 664 809 665
f 664 808 809
f 665 810 666
f 665 809 810
f 666 811 667
f 666 810 811
f 667 812 668
f 667 811 812
f 668 813 669
f 668 812 813
f 669 814 670
f 669 813 814
f 670 815 671
f 670 814 815
f 671 816 672
f 671 815 816
f 672 817 673
f 672 816 817
f 673 818 674
f 673 817 818
f 674 819 675
f 674 818 819
f 675 820 676
f 675 819 820
f 676 821 677
f 676 820 821
f 677 822 678
f 677 821 822
f 678 823 679
f 678 822 823
f 679 824 680
f 679 823 824
f 680 825 681
f 680 824 825
f 681 826 682
f 681 825 826
f 682 827 683
f 682 826 827
f 683 828 684
f 683 827 828
f 684 829 685
f 684 828 829
f 685 830 686
f 685 829 830
f 686 831 687
f 686 830 831
f 687 832 688
f 687 831 832
f 688 833 689
f 688 832 833
f 689 834 690
f 689 833 834
f 690 835 691
f 690 834 835
f 691 836 692
f 691 835 836
f 692 837 693
f 692 836 837
f 693 838 694
f 693 837 838
f 694 839 695
f 694 838 839
f 695 840 696
f 695 839 840
f 696 841 697
f 696 840 841
f 697 842 698
f 697 841 842
f 698 843 699
f 698 842 843
f 699 844 700
f 699 843 844
f 700 845 701
f 700 844 845
f 701 846 702
f 701 845 846
f 702 847 703
f 702 846 847
f 703 848 704
f 703 847 848
f 704 849 705
f 704 848 849
f 705 850 706
f 705 849 850
f 706 851 707
f 706 850 851
f 707 852 708
f 707 851 852
f 708 853 709
f 708 852 853
f 709 854 710
f 709 853 854
f 710 855 711
f 710 854 855
f 711 856 712
f 711 855 856
f 712 857 713
f 712 856 857
f 713 858 714
f 713 857 858
f 714 859 715
f 714 858 859
f 715 860 716
f 715 859 860
f 716 861 717
f 716 860 861
f 717 862 718
f 717 861 862
f 718 863 719
f 718 862 863
f 719 864 720
f 719 863 864
f 720 793 649
f 720 864 793
f 793 938 794
f 793 937 938
f 794 939 795
f 794 938 939
f 795 940 796
f 795 939 940
f 796 941 797
f 796 940 941
f 797 942 798
f 797 941 942
f 798 943 799
f 798 942 943
f 799 944 800
f 799 943 944
f 800 945 801
f 800 944 945
f 801 946 802
f 801 945 946
f 802 947 803
f 802 946 947
f 803 948 804
f 803 947 948
f 804 949 805
f 804 948 949
f 805 950 806
f 805 949 950
f 806 951 807
f 806 950 951
f 807 952 808
f 807 951 952
f 808 953 809
f 808 952 953
f 809 954 810
f 809 953 954
f 810 955 811
f 810 954 955
f 811 956 812
f 811 955 956
f 812 957 813
f 812 956 957
f 813 958 814
f 813 957 958
f 814 959 815
f 814 958 959
f 815 960 816
f 815 959 960
f 816 961 817
f 816 960 961
f 817 962 818
f 817 961 962
f 818 963 819
f 818 962 963
f 819 964 820
f 819 963 964
f 820 965 821
f 820 964 965
f 821 966 822
f 821 965 966
f 822 967 823
f 822 966 967
f 823 968 824
f 823 967 968
f 824 969 825
f 824 968 969
f 825 970 826
f 825 969 970
f 826 971 827
f 826 970 971
f 827 972 828
f 827 971 972
f 828 973 829
f 828 972 973
f 829 974 830
f 829 973 974
f 830 975 831
f 830 974 975
f 831 976 832
f 831 975 976
f 832 977 833
f 832 976 977
f 833 978 834
f 833 977 978
f 834 979 835
f 834 978 979
f 835 980 836
f 835 979 980
f 836 981 837
f 836 980 981
f 837 982 838
f 837 981 982
f 838 983 839
f 838 982 983
f 839 984 840
f 839 983 984
f 840 985 841
f 840 984 985
f 841 986 842
f 841 985 986
f 842 987 843
f 842 986 987
f 843 988 844
f 843 987 988
f 844 989 845
f 844 988 989
f 845 990 846
f 845 989 990
f 846 991 847
f 846 990 991
f 847 992 848
f 847 991 992
f 848 993 849
f 848 992 993
f 849 994 850
f 849 993 994
f 850 995 851
f 850 994 995
f 851 996 852
f 851 995 996
f 852 997 853
f 852 996 997
f 853 998 854
f 853 997 998
f 854 999 855
f 854 998 999
f 855 1000 856
f 855 999 1000
f 856 1001 857
f 856 1000 1001
f 857 1002 858
f 857 1001 1002
f 858 1003 859
f 858 1002 1003
f 859 1004 860
f 859 1003 1004
f 860 1005 861
f 860 1004 1005
f 861 1006 862
f 861 1005 1006
f 862 1007 863
f 862 1006 1007
f 863 1008 864
f 863 1007 1008
f 864 937 793
f 864 1008 937
f 937 1082 938
f 937 1081 1082
f 938 1083 939
f 938 1082 1083
f 939 1084 940
f 939 1083 1084
f 940 1085 941
f 940 1084 1085
f 941 1086 942
f 941 1085 1086
f 942 1087 943
f 942 1086 1087
f 943 1088 944
f 943 1087 1088
f 944 1089 945
f 944 1088 1089
f 945 1090 946
f 945 1089 1090
f 946 1091 947
f 946 1090 1091
f 947 1092 948
f 947 1091 1092
f 948 1093 949
f 948 1092 1093
f 949 1094 950
f 949 1093 1094
f 950 1095 951
f 950 1094 1095
f 951 1096 952
f 951 1095 1096
f 952 1097 953
f 952 1096 1097
f 953 1098 954
f 953 1097 1098
f 954 1099 955
f 954 1098 1099
f 955 1100 956
f 955 1099 1100
f 956 1101 957
f 956 1100 1101
f 957 1102 958
f 957 1101 1102
f 958 1103 959
f 958 1102 1103
f 959 1104 960
f 959 1103 1104
f 960 1105 961
f 960 1104 1105
f 961 1106 962
f 961 1105 1106
f 962 1107 963
f 962 1106 1107
f 963 1108 964
f 963 1107 1108
f 964 1109 965
f 964 1108 1109
f 965 1110 966
f 965 1109 1110
f 966 1111 967
f 966 1110 1111
f 967 1112 968
f 967 1111 1112
f 968 1113 969
f 968 1112 1113
f 969 1114 970
f 969 1113 1114
f 970 1115 971
f 970 1114 1115
f 971 1116 972
f 971 1115 1116
f 972 1117 973
f 972 1116 1117
f 973 1118 974
f 973 1117 1118
f 974 1119 975
f 974 1118 1119
f 975 1120 976
f 975 1119 1120
f 976 1121 977
f 976 1120 1121
f 977 1122 978
f 977 1121 1122
f 978 1123 979
f 978 1122 1123
f 979 1124 980
f 979 1123 1124
f 980 1125 981
f 980 1124 1125
f 981 1126 982
f 981 1125 1126
f 982 1127 983
f 982 1126 1127
f 983 1128 984
f 983 1127 1128
f 984 1129 985
f 984 1128 1129
f 985 1130 986
f 985 1129 1130
f 986 1131 987
f 986 1130 1131
f 987 1132 988
f 987 1131 1132
f 988 1133 989
f 988 1132 1133
f 989 1134 990
f 989 1133 1134
f 990 1135 991
f 990 1134 1135
f 991 1136 992
f 991 1135 1136
f 992 1137 993
f 992 1136 1137
f 993 1138 994
f 993 1137 1138
f 994 1139 995
f 994 1138 1139
f 995 1140 996
f 995 1139 1140
f 996 1141 997
f 996 1140 1141
f 997 1142 998
f 997 1141 1142
f 998 1143 999
f 998 1142 1143
f 999 1144 1000
f 999 1143 1144
f 1000 1145 1001
f 1000 1144 1145
f 1001 1146 1002
f 1001 1145 1146
f 1002 1147 1003
f 1002 1146 1147
f 1003 1148 1004
f 1003 1147 1148
f 1004 1149 1005
f 1004 1148 1149
f 1005 1150 1006
f 1005 1149 1150
f 1006 1151 1007
f 1006 1150 1151
f 1007 1152 1008
f 1007 1151 1152
f 1008 1081 937
f 1008 1152 1081
f 1081 1226 1082
f 1081 1225 1226
f 1082 1227 1083
f 1082 1226 1227
f 1083 1228 1084
f 1083 1227 1228
f 1084 1229 1085
f 1084 1228 1229
f 1085 1230 1086
f 1085 1229 1230
f 1086 1231 1087
f 1086 1230 1231
f 1087 1232 1088
f 1087 1231 1232
f 1088 1233 1089
f 1088 1232 1233
f 1089 1234 1090
f 1089 1233 1234
f 1090 1235 1091
f 1090 1234 1235
f 1091 1236 1092
f 1091 1235 1236
f 1092 1237 1093
f 1092 1236 1237
f 1093 1238 1094
f 1093 1237 1238
f 1094 1239 1095
f 1094 1238 1239
f 1095 1240 1096
f 1095 1239 1240
f 1096 1241 1097
f 1096 1240 1241
f 1097 1242 1098
f 1097 1241 1242
f 1098 1243 1099
f 1098 1242 1243
f 1099 1244 1100
f 1099 1243 1244
f 1100 1245 1101
f 1100 1244 1245
f 1101 1246 1102
f 1101 1245 1246
f 1102 1247 1103
f 1102 1246 1247
f 1103 1248 1104
f 1103 1247 1248
f 1104 1249 1105
f 1104 1248 1249
f 1105 1250 1106
f 1105 1249 1250
f 1106 1251 1107
f 1106 1250 1251
f 1107 1252 1108
f 1107 1251 1252
f 1108 1253 1109
f 1108 1252 1253
f 1109 1254 1110
f 1109 1253 1254
f 1110 1255 1111
f 1110 1254 1255
f 1111 1256 1112
f 1111 1255 1256
f 1112 1257 1113
f 1112 1256 1257
f 1113 1258 1114
f 1113 1257 1258
f 1114 1259 1115
f 1114 1258 1259
f 1115 1260 1116
f 1115 1259 1260
f 1116 1261 1117
f 1116 1260 1261
f 1117 1262 1118
f 1117 1261 1262
f 1118 1263 1119
f 1118 1262 1263
f 1119 1264 1120
f 1119 1263 1264
f 1120 1265 1121
f 1120 1264 1265
f 1121 1266 1122
f 1121 1265 1266
f 1122 1267 1123
f 1122 1266 1267
f 1123 1268 1124
f 1123 1267 1268
f 1124 1269 1125
f 1124 1268 1269
f 1125 1270 1126
f 1125 1269 1270
f 1126 1271 1127
f 1126 1270 1271
f 1127 1272 1128
f 1127 1271 1272
f 1128 1273 1129
f 1128 1272 1273
f 1129 1274 1130
f 1129 1273 1274
f 1130 1275 1131
f 1130 1274 1275
f 1131 1276 1132
f 1131 1275 1276
f 1132 1277 1133
f 1132 1276 1277
f 1133 1278 1134
f 1133 1277 1278
f 1134 1279 1135
f 1134 1278 1279
f 1135 1280 1136
f 1135 1279 1280
f 1136 1281 1137
f 1136 1280 1281
f 1137 1282 1138
f 1137 1281 1282
f 1138 1283 1139
f 1138 1282 1283
f 1139 1284 1140
f 1139 1283 1284
f 1140 1285 1141
f 1140 1284 1285
f 1141 1286 1142
f 1141 1285 1286
f 1142 1287 1143
f 1142 1286 1287
f 1143 1288 1144
f 1143 1287 1288
f 1144 1289 1145
f 1144 1288 1289
f 1145 1290 1146
f 1145 1289 1290
f 1146 1291 1147
f 1146 1290 1291
f 1147 1292 1148
f 1147 1291 1292
f 1148 1293 1149
f 1148 1292 1293
f 1149 1294 1150
f 1149 1293 1294
f 1150 1295 1151
f 1150 1294 1295
f 1151 1296 1152
f 1151 1295 1296
f 1152 1225 1081
f 1152 1296 1225
f 1225 1370 1226
f 1225 1369 1370
f 1226 1371 1227
f 1226 1370 1371
f 1227 1372 1228
f 1227 1371 1372
f 1228 1373 1229
f 1228 1372 1373
f 1229 1374 1230
f 1229 1373 1374
f 1230 1375 1231
f 1230 1374 1375
f 1231 1376 1232
f 1231 1375 1376
f 1232 1377 1233
f 1232 1376 1377
f 1233 1378 1234
f 1233 1377 1378
f 1234 1379 1235
f 1234 1378 1379
f 1235 1380 1236
f 1235 1379 1380
f 1236 1381 1237
f 1236 1380 1381
f 1237 1382 1238
f 1237 1381 1382
f 1238 1383 1239
f 1238 1382 1383
f 1239 1384 1240
f 1239 1383 1384
f 1240 1385 1241
f 1240 1384 1385
f 1241 1386 1242
f 1241 1385 1386
f 1242 1387 1243
f 1242 1386 1387
f 1243 1388 1244
f 1243 1387 1388
f 1244 1389 1245
f 1244 1388 1389
f 1245 1390 1246
f 1245 1389 1390
f 1246 1391 1247
f 1246 1390 1391
f 1247 1392 1248
f 1247 1391 1392
f 1248 1393 1249
f 1248 1392 1393
f 1249 1394 1250
f 1249 1393 1394
f 1250 1395 1251
f 1250 1394 1395
f 1251 1396 1252
f 1251 1395 1396
f 1252 1397 1253
f 1252 1396 1397
f 1253 1398 1254
f 1253 1397 1398
f 1254 1399 1255
f 1254 1398 1399
f 1255 1400 1256
f 1255 1399 1400
f 1256 1401 1257
f 1256 1400 1401
f 1257 1402 1258
f 1257 1401 1402
f 1258 1403 1259
f 1258 1402 1403
f 1259 1404 1260
f 1259 1403 1404
f 1260 1405 1261
f 1260 1404 1405
f 1261 1406 1262
f 1261 1405 1406
f 1262 1407 1263
f 1262 1406 1407
f 1263 1408 1264
f 1263 1407 1408
f 1264 1409 1265
f 1264 1408 1409
f 1265 1410 1266
f 1265 1409 1410
f 1266 1411 1267
f 1266 1410 1411
f 1267 1412 1268
f 1267 1411 1412
f 1268 1413 1269
f 1268 1412 1413
f 1269 1414 1270
f 1269 1413 1414
f 1270 1415 1271
f 1270 1414 1415
f 1271 1416 1272
f 1271 1415 1416
f 1272 1417 1273
f 1272 1416 1417
f 1273 1418 1274
f 1273 1417 1418
f 1274 1419 1275
f 1274 1418 1419
f 1275 1420 1276
f 1275 1419 1420
f 1276 1421 1277
f 1276 1420 1421
f 1277 1422 1278
f 1277 1421 1422
f 1278 1423 1279
f 1278 1422 1423
f 1279 1424 1280
f 1279 1423 1424
f 1280 1425 1281
f 1280 1424 1425
f 1281 1426 1282
f 1281 1425 1426
f 1282 1427 1283
f 1282 1426 1427
f 1283 1428 1284
f 1283 1427 1428
f 1284 1429 1285
f 1284 1428 1429
f 1285 1430 1286
f 1285 1429 1430
f 1286 1431 1287
f 1286 1430 1431
f 1287 1432 1288
f 1287 1431 1432
f 1288 1433 1289
f 1288 1432 1433
f 1289 1434 1290
f 1289 1433 1434
f 1290 1435 1291
f 1290 1434 1435
f 1291 1436 1292
f 1291 1435 1436
f 1292 1437 1293
f 1292 1436 1437
f 1293 1438 1294
f 1293 1437 1438
f 1294 1439 1295
f 1294 1438 1439
f 1295 1440 1296
f 1295 1439 1440
f 1296 1369 1225
f 1296 1440 1369
f 1369 1514 1370
f 1369 1513 1514
f 1370 1515 1371
f 1370 1514 1515
f 1371 1516 1372
f 1371 1515 1516
f 1372 1517 1373
f 1372 1516 1517
f 1373 1518 1374
f 1373 1517 1518
f 1374 1519 1375
f 1374 1518 1519
f 1375 1520 1376
f 1375 1519 1520
f 1376 1521 1377
f 1376 1520 1521
f 1377 1522 1378
f 1377 1521 1522
f 1378 1523 1379
f 1378 1522 1523
f 1379 1524 1380
f 1379 1523 1524
f 1380 1525 1381
f 1380 1524 1525
f 1381 1526 1382
f 1381 1525 1526
f 1382 1527 1383
f 1382 1526 1527
f 1383 1528 1384
f 1383 1527 1528
f 1384 1529 1385
f 1384 1528 1529
f 1385 1530 1386
f 1385 1529 1530
f 1386 1531 1387
f 1386 1530 1531
f 1387 1532 1388
f 1387 1531 1532
f 1388 1533 1389
f 1388 1532 1533
f 1389 1534 1390
f 1389 1533 1534
f 1390 1535 1391
f 1390 1534 1535
f 1391 1536 1392
f 1391 1535 1536
f 1392 1537 1393
f 1392 1536 1537
f 1393 1538 1394
f 1393 1537 1538
f 1394 1539 1395
f 1394 1538 1539
f 1395 1540 1396
f 1395 1539 1540
f 1396 1541 1397
f 1396 1540 1541
f 1397 1542 1398
f 1397 1541 1542
f 1398 1543 1399
f 1398 1542 1543
f 1399 1544 1400
f 1399 1543 1544
f 1400 1545 1401
f 1400 1544 1545
f 1401 1546 1402
f 1401 1545 1546
f 1402 1547 1403
f 1402 1546 1547
f 1403 1548 1404
f 1403 1547 1548
f 1404 1549 1405
f 1404 1548 1549
f 1405 1550 1406
f 1405 1549 1550
f 1406 1551 1407
f 1406 1550 1551
f 1407 1552 1408
f 1407 1551 1552
f 1408 1553 1409
f 1408 1552 1553
f 1409 1554 1410
f 1409 1553 1554
f 1410 1555 1411
f 1410 1554 1555
f 1411 1556 1412
f 1411 1555 1556
f 1412 1557 1413
f 1412 1556 1557
f 1413 1558 1414
f 1413 1557 1558
f 1414 1559 1415
f 1414 1558 1559
f 1415 1560 1416
f 1415 1559 1560
f 1416 1561 1417
f 1416 1560 1561
f 1417 1562 1418
f 1417 1561 1562
f 1418 1563 1419
f 1418 1562 1563
f 1419 1564 1420
f 1419 1563 1564
f 1420 1565 1421
f 1420 1564 1565
f 1421 1566 1422
f 1421 1565 1566
f 1422 1567 1423
f 1422 1566 1567
f 1423 1568 1424
f 1423 1567 1568
f 1424 1569 1425
f 1424 1568 1569
f 1425 1570 1426
f 1425 1569 1570
f 1426 1571 1427
f 1426 1570 1571
f 1427 1572 1428
f 1427 1571 1572
f 1428 1573 1429
f 1428 1572 1573
f 1429 1574 1430
f 1429 1573 1574
f 1430 1575 1431
f 1430 1574 1575
f 1431 1576 1432
f 1431 1575 1576
f 1432 1577 1433
f 1432 1576 1577
f 1433 1578 1434
f 1433 1577 1578
f 1434 1579 1435
f 1434 1578 1579
f 1435 1580 1436
f 1435 1579 1580
f 1436 1581 1437
f 1436 1580 1581
f 1437 1582 1438
f 1437 1581 1582
f 1438 1583 1439
f 1438 1582 1583
f 1439 1584 1440
f 1439 1583 1584
f 1440 1513 1369
f 1440 1584 1513
f 1513 1658 1514
f 1513 1657 1658
f 1514 1659 1515
f 1514 1658 1659
f 1515 1660 1516
f 1515 1659 1660
f 1516 1661 1517
f 1516 1660 1661
f 1517 1662 1518
f 1517 1661 1662
f 1518 1663 1519
f 1518 1662 1663
f 1519 1664 1520
f 1519 1663 1664
f 1520 1665 1521
f 1520 1664 1665
f 1521 1666 1522
f 1521 1665 1666
f 1522 1667 1523
f 1522 1666 1667
f 1523 1668 1524
f 1523 1667 1668
f 1524 1669 1525
f 1524 1668 1669
f 1525 1670 1526
f 1525 1669 1670
f 1526 1671 1527
f 1526 1670 1671
f 1527 1672 1528
f 1527 1671 1672
f 1528 1673 1529
f 1528 1672 1673
f 1529 1674 1530
f 1529 1673 1674
f 1530 1675 1531
f 1530 1674 1675
f 1531 1676 1532
f 1531 1675 1676
f 1532 1677 1533
f 1532 1676 1677
f 1533 1678 1534
f 1533 1677 1678
f 1534 1679 1535
f 1534 1678 1679
f 1535 1680 1536
f 1535 1679 1680
f 1536 1681 1537
f 1536 1680 1681
f 1537 1682 1538
f 1537 1681 1682
f 1538 1683 1539
f 1538 1682 1683
f 1539 1684 1540
f 1539 1683 1684
f 1540 1685 1541
f 1540 1684 1685
f 1541 1686 1542
f 1541 1685 1686
f 1542 1687 1543
f 1542 1686 1687
f 1543 1688 1544
f 1543 1687 1688
f 1544 1689 1545
f 1544 1688 1689
f 1545 1690 1546
f 1545 1689 1690
f 1546 1691 1547
f 1546 1690 1691
f 1547 1692 1548
f 1547 1691 1692
f 1548 1693 1549
f 1548 1692 1693
f 1549 1694 1550
f 1549 1693 1694
f 1550 1695 1551
f 1550 1694 1695
f 1551 1696 1552
f 1551 1695 1696
f 1552 1697 1553
f 1552 1696 1697
f 1553 1698 1554
f 1553 1697 1698
f 1554 1699 1555
f 1554 1698 1699
f 1555 1700 1556
f 1555 1699 1700
f 1556 1701 1557
f 1556 1700 1701
f 1557 1702 1558
f 1557 1701 1702
f 1558 1703 1559
f 1558 1702 1703
f 1559 1704 1560
f 1559 1703 1704
f 1560 1705 1561
f 1560 1704 1705
f 1561 1706 1562
f 1561 1705 1706
f 1562 1707 1563
f 1562 1706 1707
f 1563 1708 1564
f 1563 1707 1708
f 1564 1709 1565
f 1564 1708 1709
f 1565 1710 1566
f 1565 1709 1710
f 1566 1711 1567
f 1566 1710 1711
f 1567 1712 1568
f 1567 1711 1712
f 1568 1713 1569
f 1568 1712 1713
f 1569 1714 1570
f 1569 1713 1714
f 1570 1715 1571
f 1570 1714 1715
f 1571 1716 1572
f 1571 1715 1716
f 1572 1717 1573
f 1572 1716 1717
f 1573 1718 1574
f 1573 1717 1718
f 1574 1719 1575
f 1574 1718 1719
f 1575 1720 1576
f 1575 1719 1720
f 1576 1721 1577
f 1576 1720 1721
f 1577 1722 1578
f 1577 1721 1722
f 1578 1723 1579
f 1578 1722 1723
f 1579 1724 1580
f 1579 1723 1724
f 1580 1725 1581
f 1580 1724 1725
f 1581 1726 1582
f 1581 1725 1726
f 1582 1727 1583
f 1582 1726 1727
f 1583 1728 1584
f 1583 1727 1728
f 1584 1657 1513
f 1584 1728 1657
f 1657 1802 1658
f 1657 1801 1802
f 1658 1803 1659
f 1658 1802 1803
f 1659 1804 1660
f 1659 1803 1804
f 1660 1805 1661
f 1660 1804 1805
f 1661 1806 1662
f 1661 1805 1806
f 1662 1807 1663
f 1662 1806 1807
f 1663 1808 1664
f 1663 1807 1808
f 1664 1809 1665
f 1664 1808 1809
f 1665 1810 1666
f 1665 1809 1810
f 1666 1811 1667
f 1666 1810 1811
f 1667 1812 1668
f 1667 1811 1812
f 1668 1813 1669
f 1668 1812 1813
f 1669 1814 1670
f 1669 1813 1814
f 1670 1815 1671
f 1670 1814 1815
f 1671 1816 1672
f 1671 1815 1816
f 1672 1817 1673
f 1672 1816 1817
f 1673 1818 1674
f 1673 1817 1818
f 1674 1819 1675
f 1674 1818 1819
f 1675 1820 1676
f 1675 1819 1820
f 1676 1821 1677
f 1676 1820 1821
f 1677 1822 1678
f 1677 1821 1822
f 1678 1823 1679
f 1678 1822 1823
f 1679 1824 1680
f 1679 1823 1824
f 1680 1825 1681
f 1680 1824 1825
f 1681 1826 1682
f 1681 1825 1826
f 1682 1827 1683
f 1682 1826 1827
f 1683 1828 1684
f 1683 1827 1828
f 1684 1829 1685
f 1684 1828 1829
f 1685 1830 1686
f 1685 1829 1830
f 1686 1831 1687
f 1686 1830 1831
f 1687 1832 1688
f 1687 1831 1832
f 1688 1833 1689
f 1688 1832 1833
f 1689 1834 1690
f 1689 1833 1834
f 1690 1835 1691
f 1690 1834 1835
f 1691 1836 1692
f 1691 1835 1836
f 1692 1837 1693
f 1692 1836 1837
f 1693 1838 1694
f 1693 1837 1838
f 1694 1839 1695
f 1694 1838 1839
f 1695 1840 1696
f 1695 1839 1840
f 1696 1841 1697
f 1696 1840 1841
f 1697 1842 1698
f 1697 1841 1842
f 1698 1843 1699
f 1698 1842 1843
f 1699 1844 1700
f 1699 1843 1844
f 1700 1845 1701
f 1700 1844 1845
f 1701 1846 1702
f 1701 1845 1846
f 1702 1847 1703
f 1702 1846 1847
f 1703 1848 1704
f 1703 1847 1848
f 1704 1849 1705
f 1704 1848 1849
f 1705 1850 1706
f 1705 1849 1850
f 1706 1851 1707
f 1706 1850 1851
f 1707 1852 1708
f 1707 1851 1852
f 1708 1853 1709
f 1708 1852 1853
f 1709 1854 1710
f 1709 1853 1854
f 1710 1855 1711
f 1710 1854 1855
f 1711 1856 1712
f 1711 1855 1856
f 1712 1857 1713
f 1712 1856 1857
f 1713 1858 1714
f 1713 1857 1858
f 1714 1859 1715
f 1714 1858 1859
f 1715 1860 1716
f 1715 1859 1860
f 1716 1861 1717
f 1716 1860 1861
f 1717 1862 1718
f 1717 1861 1862
f 1718 1863 1719
f 1718 1862 1863
f 1719 1864 1720
f 1719 1863 1864
f 1720 1865 1721
f 1720 1864 1865
f 1721 1866 1722
f 1721 1865 1866
f 1722 1867 1723
f 1722 1866 1867
f 1723 1868 1724
f 1723 1867 1868
f 1724 1869 1725
f 1724 1868 1869
f 1725 1870 1726
f 1725 1869 1870
f 1726 1871 1727
f 1726 1870 1871
f 1727 1872 1728
f 1727 1871 1872
f 1728 1801 1657
f 1728 1872 1801
f 1801 1946 1802
f 1801 1945 1946
f 1802 1947 1803
f 1802 1946 1947
f 1803 1948 1804
f 1803 1947 1948
f 1804 1949 1805
f 1804 1948 1949
f 1805 1950 1806
f 1805 1949 1950
f 1806 1951 1807
f 1806 1950 1951
f 1807 1952 1808
f 1807 1951 1952
f 1808 1953 1809
f 1808 1952 1953
f 1809 1954 1810
f 1809 1953 1954
f 1810 1955 1811
f 1810 1954 1955
f 1811 1956 1812
f 1811 1955 1956
f 1812 1957 1813
f 1812 1956 1957
f 1813 1958 1814
f 1813 1957 1958
f 1814 1959 1815
f 1814 1958 1959
f 1815 1960 1816
f 1815 1959 1960
f 1816 1961 1817
f 1816 1960 1961
f 1817 1962 1818
f 1817 1961 1962
f 1818 1963 1819
f 1818 1962 1963
f 1819 1964 1820
f 1819 1963 1964
f 1820 1965 1821
f 1820 1964 1965
f 1821 1966 1822
f 1821 1965 1966
f 1822 1967 1823
f 1822 1966 1967
f 1823 1968 1824
f 1823 1967 1968
f 1824 1969 1825
f 1824 1968 1969
f 1825 1970 1826
f 1825 1969 1970
f 1826 1971 1827
f 1826 1970 1971
f 1827 1972 1828
f 1827 1971 1972
f 1828 1973 1829
f 1828 1972 1973
f 1829 1974 1830
f 1829 1973 1974
f 1830 1975 1831
f 1830 1974 1975
f 1831 1976 1832
f 1831 1975 1976
f 1832 1977 1833
f 1832 1976 1977
f 1833 1978 1834
f 1833 1977 1978
f 1834 1979 1835
f 1834 1978 1979
f 1835 1980 1836
f 1835 1979 1980
f 1836 1981 1837
f 1836 1980 1981
f 1837 1982 1838
f 1837 1981 1982
f 1838 1983 1839
f 1838 1982 1983
f 1839 1984 1840
f 1839 1983 1984
f 1840 1985 1841
f 1840 1984 1985
f 1841 1986 1842
f 1841 1985 1986
f 1842 1987 1843
f 1842 1986 1987
f 1843 1988 1844
f 1843 1987 1988
f 1844 1989 1845
f 1844 1988 1989
f 1845 1990 1846
f 1845 1989 1990
f 1846 1991 1847
f 1846 1990 1991
f 1847 1992 1848
f 1847 1991 1992
f 1848 1993 1849
f 1848 1992 1993
f 1849 1994 1850
f 1849 1993 1994
f 1850 1995 1851
f 1850 1994 1995
f 1851 1996 1852
f 1851 1995 1996
f 1852 1997 1853
f 1852 1996 1997
f 1853 1998 1854
f 1853 1997 1998
f 1854 1999 1855
f 1854 1998 1999
f 1855 2000 1856
f 1855 1999 2000
f 1856 2001 1857
f 1856 2000 2001
f 1857 2002 1858
f 1857 2001 2002
f 1858 2003 1859
f 1858 2002 2003
f 1859 2004 1860
f 1859 2003 2004
f 1860 2005 1861
f 1860 2004 2005
f 1861 2006 1862
f 1861 2005 2006
f 1862 2007 1863
f 1862 2006 2007
f 1863 2008 1864
f 1863 2007 2008
f 1864 2009 1865
f 1864 2008 2009
f 1865 2010 1866
f 1865 2009 2010
f 1866 2011 1867
f 1866 2010 2011
f 1867 2012 1868
f 1867 2011 2012
f 1868 2013 1869
f 1868 2012 2013
f 1869 2014 1870
f 1869 2013 2014
f 1870 2015 1871
f 1870 2014 2015
f 1871 2016 1872
f 1871 2015 2016
f 1872 1945 1801
f 1872 2016 1945
f 1945 2090 1946
f 1945 2089 2090
f 1946 2091 1947
f 1946 2090 2091
f 1947 2092 1948
f 1947 2091 2092
f 1948 2093 1949
f 1948 2092 2093
f 1949 2094 1950
f 1949 2093 2094
f 1950 2095 1951
f 1950 2094 2095
f 1951 2096 1952
f 1951 2095 2096
f 1952 2097 1953
f 1952 2096 2097
f 1953 2098 1954
f 1953 2097 2098
f 1954 2099 1955
f 1954 2098 2099
f 1955 2100 1956
f 1955 2099 2100
f 1956 2101 1957
f 1956 2100 2101
f 1957 2102 1958
f 1957 2101 2102
f 1958 2103 1959
f 1958 2102 2103
f 1959 2104 1960
f 1959 2103 2104
f 1960 2105 1961
f 1960 2104 2105
f 1961 2106 1962
f 1961 2105 2106
f 1962 2107 1963
f 1962 2106 2107
f 1963 2108 1964
f 1963 2107 2108
f 1964 2109 1965
f 1964 2108 2109
f 1965 2110 1966
f 1965 2109 2110
f 1966 2111 1967
f 1966 2110 2111
f 1967 2112 1968
f 1967 2111 2112
f 1968 2113 1969
f 1968 2112 2113
f 1969 2114 1970
f 1969 2113 2114
f 1970 2115 1971
f 1970 2114 2115
f 1971 2116 1972
f 1971 2115 2116
f 1972 2117 1973
f 1972 2116 2117
f 1973 2118 1974
f 1973 2117 2118
f 1974 2119 1975
f 1974 2118 2119
f 1975 2120 1976
f 1975 2119 2120
f 1976 2121 1977
f 1976 2120 2121
f 1977 2122 1978
f 1977 2121 2122
f 1978 2123 1979
f 1978 2122 2123
f 1979 2124 1980
f 1979 2123 2124
f 1980 2125 1981
f 1980 2124 2125
f 1981 2126 1982
f 1981 2125 2126
f 1982 2127 1983
f 1982 2126 2127
f 1983 2128 1984
f 1983 2127 2128
f 1984 2129 1985
f 1984 2128 2129
f 1985 2130 1986
f 1985 2129 2130
f 1986 2131 1987
f 1986 2130 2131
f 1987 2132 1988
f 1987 2131 2132
f 1988 2133 1989
f 1988 2132 2133
f 1989 2134 1990
f 1989 2133 2134
f 1990 2135 1991
f 1990 2134 2135
f 1991 2136 1992
f 1991 2135 2136
f 1992 2137 1993
f 1992 2136 2137
f 1993 2138 1994
f 1993 2137 2138
f 1994 2139 1995
f 1994 2138 2139
f 1995 2140 1996
f 1995 2139 2140
f 1996 2141 1997
f 1996 2140 2141
f 1997 2142 1998
f 1997 2141 2142
f 1998 2143 1999
f 1998 2142 2143
f 1999 2144 2000
f 1999 2143 2144
f 2000 2145 2001
f 2000 2144 2145
f 2001 2146 2002
f 2001 2145 2146
f 2002 2147 2003
f 2002 2146 2147
f 2003 2148 2004
f 2003 2147 2148
f 2004 2149 2005
f 2004 2148 2149
f 2005 2150 2006
f 2005 2149 2150
f 2006 2151 2007
f 2006 2150 2151
f 2007 2152 2008
f 2007 2151 2152
f 2008 2153 2009
f 2008 2152 2153
f 2009 2154 2010
f 2009 2153 2154
f 2010 2155 2011
f 2010 2154 2155
f 2011 2156 2012
f 2011 2155 2156
f 2012 2157 2013
f 2012 2156 2157
f 2013 2158 2014
f 2013 2157 2158
f 2014 2159 2015
f 2014 2158 2159
f 2015 2160 2016
f 2015 2159 2160
f 2016 2089 1945
f 2016 2160 2089
f 2089 2234 2090
f 2089 2233 2234
f 2090 2235 2091
f 2090 2234 2235
f 2091 2236 2092
f 2091 2235 2236
f 2092 2237 2093
f 2092 2236 2237
f 2093 2238 2094
f 2093 2237 2238
f 2094 2239 2095
f 2094 2238 2239
f 2095 2240 2096
f 2095 2239 2240
f 2096 2241 2097
f 2096 2240 2241
f 2097 2242 2098
f 2097 2241 2242
f 2098 2243 2099
f 2098 2242 2243
f 2099 2244 2100
f 2099 2243 2244
f 2100 2245 2101
f 2100 2244 2245
f 2101 2246 2102
f 2101 2245 2246
f 2102 2247 2103
f 2102 2246 2247
f 2103 2248 2104
f 2103 2247 2248
f 2104 2249 2105
f 2104 2248 2249
f 2105 2250 2106
f 2105 2249 2250
f 2106 2251 2107
f 2106 2250 2251
f 2107 2252 2108
f 2107 2251 2252
f 2108 2253 2109
f 2108 2252 2253
f 2109 2254 2110
f 2109 2253 2254
f 2110 2255 2111
f 2110 2254 2255
f 2111 2256 2112
f 2111 2255 2256
f 2112 2257 2113
f 2112 2256 2257
f 2113 2258 2114
f 2113 2257 2258
f 2114 2259 2115
f 2114 2258 2259
f 2115 2260 2116
f 2115 2259 2260
f 2116 2261 2117
f 2116 2260 2261
f 2117 2262 2118
f 2117 2261 2262
f 2118 2263 2119
f 2118 2262 2263
f 2119 2264 2120
f 2119 2263 2264
f 2120 2265 2121
f 2120 2264 2265
f 2121 2266 2122
f 2121 2265 2266
f 2122 2267 2123
f 2122 2266 2267
f 2123 2268 2124
f 2123 2267 2268
f 2124 2269 2125
f 2124 2268 2269
f 2125 2270 2126
f 2125 2269 2270
f 2126 2271 2127
f 2126 2270 2271
f 2127 2272 2128
f 2127 2271 2272
f 2128 2273 2129
f 2128 2272 2273
f 2129 2274 2130
f 2129 2273 2274
f 2130 2275 2131
f 2130 2274 2275
f 2131 2276 2132
f 2131 2275 2276
f 2132 2277 2133
f 2132 2276 2277
f 2133 2278 2134
f 2133 2277 2278
f 2134 2279 2135
f 2134 2278 2279
f 2135 2280 2136
f 2135 2279 2280
f 2136 2281 2137
f 2136 2280 2281
f 2137 2282 2138
f 2137 2281 2282
f 2138 2283 2139
f 2138 2282 2283
f 2139 2284 2140
f 2139 2283 2284
f 2140 2285 2141
f 2140 2284 2285
f 2141 2286 2142
f 2141 2285 2286
f 2142 2287 2143
f 2142 2286 2287
f 2143 2288 2144
f 2143 2287 2288
f 2144 2289 2145
f 2144 2288 2289
f 2145 2290 2146
f 2145 2289 2290
f 2146 2291 2147
f 2146 2290 2291
f 2147 2292 2148
f 2147 2291 2292
f 2148 2293 2149
f 2148 2292 2293
f 2149 2294 2150
f 2149 2293 2294
f 2150 2295 2151
f 2150 2294 2295
f 2151 2296 2152
f 2151 2295 2296
f 2152 2297 2153
f 2152 2296 2297
f 2153 2298 2154
f 2153 2297 2298
f 2154 2299 2155
f 2154 2298 2299
f 2155 2300 2156
f 2155 2299 2300
f 2156 2301 2157
f 2156 2300 2301
f 2157 2302 2158
f 2157 2301 2302
f 2158 2303 2159
f 2158 2302 2303
f 2159 2304 2160
f 2159 2303 2304
f 2160 2233 2089
f 2160 2304 2233
f 2233 2378 2234
f 2233 2377 2378
f 2234 2379 2235
f 2234 2378 2379
f 2235 2380 2236
f 2235 2379 2380
f 2236 2381 2237
f 2236 2380 2381
f 2237 2382 2238
f 2237 2381 2382
f 2238 2383 2239
f 2238 2382 2383
f 2239 2384 2240
f 2239 2383 2384
f 2240 2385 2241
f 2240 2384 2385
f 2241 2386 2242
f 2241 2385 2386
f 2242 2387 2243
f 2242 2386 2387
f 2243 2388 2244
f 2243 2387 2388
f 2244 2389 2245
f 2244 2388 2389
f 2245 2390 2246
f 2245 2389 2390
f 2246 2391 2247
f 2246 2390 2391
f 2247 2392 2248
f 2247 2391 2392
f 2248 2393 2249
f 2248 2392 2393
f 2249 2394 2250
f 2249 2393 2394
f 2250 2395 2251
f 2250 2394 2395
f 2251 2396 2252
f 2251 2395 2396
f 2252 2397 2253
f 2252 2396 2397
f 2253 2398 2254
f 2253 2397 2398
f 2254 2399 2255
f 2254 2398 2399
f 2255 2400 2256
f 2255 2399 2400
f 2256 2401 2257
f 2256 2400 2401
f 2257 2402 2258
f 2257 2401 2402
f 2258 2403 2259
f 2258 2402 2403
f 2259 2404 2260
f 2259 2403 2404
f 2260 2405 2261
f 2260 2404 2405
f 2261 2406 2262
f 2261 2405 2406
f 2262 2407 2263
f 2262 2406 2407
f 2263 2408 2264
f 2263 2407 2408
f 2264 2409 2265
f 2264 2408 2409
f 2265 2410 2266
f 2265 2409 2410
f 2266 2411 2267
f 2266 2410 2411
f 2267 2412 2268
f 2267 2411 2412
f 2268 2413 2269
f 2268 2412 2413
f 2269 2414 2270
f 2269 2413 2414
f 2270 2415 2271
f 2270 2414 2415
f 2271 2416 2272
f 2271 2415 2416
f 2272 2417 2273
f 2272 2416 2417
f 2273 2418 2274
f 2273 2417 2418
f 2274 2419 2275
f 2274 2418 2419
f 2275 2420 2276
f 2275 2419 2420
f 2276 2421 2277
f 2276 2420 2421
f 2277 2422 2278
f 2277 2421 2422
f 2278 2423 2279
f 2278 2422 2423
f 2279 2424 2280
f 2279 2423 2424
f 2280 2425 2281
f 2280 2424 2425
f 2281 2426 2282
f 2281 2425 2426
f 2282 2427 2283
f 2282 2426 2427
f 2283 2428 2284
f 2283 2427 2428
f 2284 2429 2285
f 2284 2428 2429
f 2285 2430 2286
f 2285 2429 2430
f 2286 2431 2287
f 2286 2430 2431
f 2287 2432 2288
f 2287 2431 2432
f 2288 2433 2289
f 2288 2432 2433
f 2289 2434 2290
f 2289 2433 2434
f 2290 2435 2291
f 2290 2434 2435
f 2291 2436 2292
f 2291 2435 2436
f 2292 2437 2293
f 2292 2436 2437
f 2293 2438 2294
f 2293 2437 2438
f 2294 2439 2295
f 2294 2438 2439
f 2295 2440 2296
f 2295 2439 2440
f 2296 2441 2297
f 2296 2440 2441
f 2297 2442 2298
f 2297 2441 2442
f 2298 2443 2299
f 2298 2442 2443
f 2299 2444 2300
f 2299 2443 2444
f 2300 2445 2301
f 2300 2444 2445
f 2301 2446 2302
f 2301 2445 2446
f 2302 2447 2303
f 2302 2446 2447
f 2303 2448 2304
f 2303 2447 2448
f 2304 2377 2233
f 2304 2448 2377
f 2377 2522 2378
f 2377 2521 2522
f 2378 2523 2379
f 2378 2522 2523
f 2379 2524 2380
f 2379 2523 2524
f 2380 2525 2381
f 2380 2524 2525
f 2381 2526 2382
f 2381 2525 2526
f 2382 2527 2383
f 2382 2526 2527
f 2383 2528 2384
f 2383 2527 2528
f 2384 2529 2385
f 2384 2528 2529
f 2385 2530 2386
f 2385 2529 2530
f 2386 2531 2387
f 2386 2530 2531
f 2387 2532 2388
f 2387 2531 2532
f 2388 2533 2389
f 2388 2532 2533
f 2389 2534 2390
f 2389 2533 2534
f 2390 2535 2391
f 2390 2534 2535
f 2391 2536 2392
f 2391 2535 2536
f 2392 2537 2393
f 2392 2536 2537
f 2393 2538 2394
f 2393 2537 2538
f 2394 2539 2395
f 2394 2538 2539
f 2395 2540 2396
f 2395 2539 2540
f 2396 2541 2397
f 2396 2540 2541
f 2397 2542 2398
f 2397 2541 2542
f 2398 2543 2399
f 2398 2542 2543
f 2399 2544 2400
f 2399 2543 2544
f 2400 2545 2401
f 2400 2544 2545
f 2401 2546 2402
f 2401 2545 2546
f 2402 2547 2403
f 2402 2546 2547
f 2403 2548 2404
f 2403 2547 2548
f 2404 2549 2405
f 2404 2548 2549
f 2405 2550 2406
f 2405 2549 2550
f 2406 2551 2407
f 2406 2550 2551
f 2407 2552 2408
f 2407 2551 2552
f 2408 2553 2409
f 2408 2552 2553
f 2409 2554 2410
f 2409 2553 2554
f 2410 2555 2411
f 2410 2554 2555
f 2411 2556 2412
f 2411 2555 2556
f 2412 2557 2413
f 2412 2556 2557
f 2413 2558 2414
f 2413 2557 2558
f 2414 2559 2415
f 2414 2558 2559
f 2415 2560 2416
f 2415 2559 2560
f 2416 2561 2417
f 2416 2560 2561
f 2417 2562 2418
f 2417 2561 2562
f 2418 2563 2419
f 2418 2562 2563
f 2419 2564 2420
f 2419 2563 2564
f 2420 2565 2421
f 2420 2564 2565
f 2421 2566 2422
f 2421 2565 2566
f 2422 2567 2423
f 2422 2566 2567
f 2423 2568 2424
f 2423 2567 2568
f 2424 2569 2425
f 2424 2568 2569
f 2425 2570 2426
f 2425 2569 2570
f 2426 2571 2427
f 2426 2570 2571
f 2427 2572 2428
f 2427 2571 2572
f 2428 2573 2429
f 2428 2572 2573
f 2429 2574 2430
f 2429 2573 2574
f 2430 2575 2431
f 2430 2574 2575
f 2431 2576 2432
f 2431 2575 2576
f 2432 2577 2433
f 2432 2576 2577
f 2433 2578 2434
f 2433 2577 2578
f 2434 2579 2435
f 2434 2578 2579
f 2435 2580 2436
f 2435 2579 2580
f 2436 2581 2437
f 2436 2580 2581
f 2437 2582 2438
f 2437 2581 2582
f 2438 2583 2439
f 2438 2582 2583
f 2439 2584 2440
f 2439 2583 2584
f 2440 2585 2441
f 2440 2584 2585
f 2441 2586 2442
f 2441 2585 2586
f 2442 2587 2443
f 2442 2586 2587
f 2443 2588 2444
f 2443 2587 2588
f 2444 2589 2445
f 2444 2588 2589
f 2445 2590 2446
f 2445 2589 2590
f 2446 2591 2447
f 2446 2590 2591
f 2447 2592 2448
f 2447 2591 2592
f 2448 2521 2377
f 2448 2592 2521
f 2521 2666 2522
f 2521 2665 2666
f 2522 2667 2523
f 2522 2666 2667
f 2523 2668 2524
f 2523 2667 2668
f 2524 2669 2525
f 2524 2668 2669
f 2525 2670 2526
f 2525 2669 2670
f 2526 2671 2527
f 2526 2670 2671
f 2527 2672 2528
f 2527 2671 2672
f 2528 2673 2529
f 2528 2672 2673
f 2529 2674 2530
f 2529 2673 2674
f 2530 2675 2531
f 2530 2674 2675
f 2531 2676 2532
f 2531 2675 2676
f 2532 2677 2533
f 2532 2676 2677
f 2533 2678 2534
f 2533 2677 2678
f 2534 2679 2535
f 2534 2678 2679
f 2535 2680 2536
f 2535 2679 2680
f 2536 2681 2537
f 2536 2680 2681
f 2537 2682 2538
f 2537 2681 2682
f 2538 2683 2539
f 2538 2682 2683
f 2539 2684 2540
f 2539 2683 2684
f 2540 2685 2541
f 2540 2684 2685
f 2541 2686 2542
f 2541 2685 2686
f 2542 2687 2543
f 2542 2686 2687
f 2543 2688 2544
f 2543 2687 2688
f 2544 2689 2545
f 2544 2688 2689
f 2545 2690 2546
f 2545 2689 2690
f 2546 2691 2547
f 2546 2690 2691
f 2547 2692 2548
f 2547 2691 2692
f 2548 2693 2549
f 2548 2692 2693
f 2549 2694 2550
f 2549 2693 2694
f 2550 2695 2551
f 2550 2694 2695
f 2551 2696 2552
f 2551 2695 2696
f 2552 2697 2553
f 2552 2696 2697
f 2553 2698 2554
f 2553 2697 2698
f 2554 2699 2555
f 2554 2698 2699
f 2555 2700 2556
f 2555 2699 2700
f 2556 2701 2557
f 2556 2700 2701
f 2557 2702 2558
f 2557 2701 2702
f 2558 2703 2559
f 2558 2702 2703
f 2559 2704 2560
f 2559 2703 2704
f 2560 2705 2561
f 2560 2704 2705
f 2561 2706 2562
f 2561 2705 2706
f 2562 2707 2563
f 2562 2706 2707
f 2563 2708 2564
f 2563 2707 2708
f 2564 2709 2565
f 2564 2708 2709
f 2565 2710 2566
f 2565 2709 2710
f 2566 2711 2567
f 2566 2710 2711
f 2567 2712 2568
f 2567 2711 2712
f 2568 2713 2569
f 2568 2712 2713
f 2569 2714 2570
f 2569 2713 2714
f 2570 2715 2571
f 2570 2714 2715
f 2571 2716 2572
f 2571 2715 2716
f 2572 2717 2573
f 2572 2716 2717
f 2573 2718 2574
f 2573 2717 2718
f 2574 2719 2575
f 2574 2718 2719
f 2575 2720 2576
f 2575 2719 2720
f 2576 2721 2577
f 2576 2720 2721
f 2577 2722 2578
f 2577 2721 2722
f 2578 2723 2579
f 2578 2722 2723
f 2579 2724 2580
f 2579 2723 2724
f 2580 2725 2581
f 2580 2724 2725
f 2581 2726 2582
f 2581 2725 2726
f 2582 2727 2583
f 2582 2726 2727
f 2583 2728 2584
f 2583 2727 2728
f 2584 2729 2585
f 2584 2728 2729
f 2585 2730 2586
f 2585 2729 2730
f 2586 2731 2587
f 2586 2730 2731
f 2587 2732 2588
f 2587 2731 2732
f 2588 2733 2589
f 2588 2732 2733
f 2589 2734 2590
f 2589 2733 2734
f 2590 2735 2591
f 2590 2734 2735
f 2591 2736 2592
f 2591 2735 2736
f 2592 2665 2521
f 2592 2736 2665
f 2665 2810 2666
f 2665 2809 2810
f 2666 2811 2667
f 2666 2810 2811
f 2667 2812 2668
f 2667 2811 2812
f 2668 2813 2669
f 2668 2812 2813
f 2669 2814 2670
f 2669 2813 2814
f 2670 2815 2671
f 2670 2814 2815
f 2671 2816 2672
f 2671 2815 2816
f 2672 2817 2673
f 2672 2816 2817
f 2673 2818 2674
f 2673 2817 2818
f 2674 2819 2675
f 2674 2818 2819
f 2675 2820 2676
f 2675 2819 2820
f 2676 2821 2677
f 2676 2820 2821
f 2677 2822 2678
f 2677 2821 2822
f 2678 2823 2679
f 2678 2822 2823
f 2679 2824 2680
f 2679 2823 2824
f 2680 2825 2681
f 2680 2824 2825
f 2681 2826 2682
f 2681 2825 2826
f 2682 2827 2683
f 2682 2826 2827
f 2683 2828 2684
f 2683 2827 2828
f 2684 2829 2685
f 2684 2828 2829
f 2685 2830 2686
f 2685 2829 2830
f 2686 2831 2687
f 2686 2830 2831
f 2687 2832 2688
f 2687 2831 2832
f 2688 2833 2689
f 2688 2832 2833
f 2689 2834 2690
f 2689 2833 2834
f 2690 2835 2691
f 2690 2834 2835
f 2691 2836 2692
f 2691 2835 2836
f 2692 2837 2693
f 2692 2836 2837
f 2693 2838 2694
f 2693 2837 2838
f 2694 2839 2695
f 2694 2838 2839
f 2695 2840 2696
f 2695 2839 2840
f 2696 2841 2697
f 2696 2840 2841
f 2697 2842 2698
f 2697 2841 2842
f 2698 2843 2699
f 2698 2842 2843
f 2699 2844 2700
f 2699 2843 2844
f 2700 2845 2701
f 2700 2844 2845
f 2701 2846 2702
f 2701 2845 2846
f 2702 2847 2703
f 2702 2846 2847
f 2703 2848 2704
f 2703 2847 2848
f 2704 2849 2705
f 2704 2848 2849
f 2705 2850 2706
f 2705 2849 2850
f 2706 2851 2707
f 2706 2850 2851
f 2707 2852 2708
f 2707 2851 2852
f 2708 2853 2709
f 2708 2852 2853
f 2709 2854 2710
f 2709 2853 2854
f 2710 2855 2711
f 2710 2854 2855
f 2711 2856 2712
f 2711 2855 2856
f 2712 2857 2713
f 2712 2856 2857
f 2713 2858 2714
f 2713 2857 2858
f 2714 2859 2715
f 2714 2858 2859
f 2715 2860 2716
f 2715 2859 2860
f 2716 2861 2717
f 2716 2860 2861
f 2717 2862 2718
f 2717 2861 2862
f 2718 2863 2719
f 2718 2862 2863
f 2719 2864 2720
f 2719 2863 2864
f 2720 2865 2721
f 2720 2864 2865
f 2721 2866 2722
f 2721 2865 2866
f 2722 2867 2723
f 2722 2866 2867
f 2723 2868 2724
f 2723 2867 2868
f 2724 2869 2725
f 2724 2868 2869
f 2725 2870 2726
f 2725 2869 2870
f 2726 2871 2727
f 2726 2870 2871
f 2727 2872 2728
f 2727 2871 2872
f 2728 2873 2729
f 2728 2872 2873
f 2729 2874 2730
f 2729 2873 2874
f 2730 2875 2731
f 2730 2874 2875
f 2731 2876 2732
f 2731 2875 2876
f 2732 2877 2733
f 2732 2876 2877
f 2733 2878 2734
f 2733 2877 2878
f 2734 2879 2735
f 2734 2878 2879
f 2735 2880 2736
f 2735 2879 2880
f 2736 2809 2665
f 2736 2880 2809
f 2809 2954 2810
f 2809 2953 2954
f 2810 2955 2811
f 2810 2954 2955
f 2811 2956 2812
f 2811 2955 2956
f 2812 2957 2813
f 2812 2956 2957
f 2813 2958 2814
f 2813 2957 2958
f 2814 2959 2815
f 2814 2958 2959
f 2815 2960 2816
f 2815 2959 2960
f 2816 2961 2817
f 2816 2960 2961
f 2817 2962 2818
f 2817 2961 2962
f 2818 2963 2819
f 2818 2962 2963
f 2819 2964 2820
f 2819 2963 2964
f 2820 2965 2821
f 2820 2964 2965
f 2821 2966 2822
f 2821 2965 2966
f 2822 2967 2823
f 2822 2966 2967
f 2823 2968 2824
f 2823 2967 2968
f 2824 2969 2825
f 2824 2968 2969
f 2825 2970 2826
f 2825 2969 2970
f 2826 2971 2827
f 2826 2970 2971
f 2827 2972 2828
f 2827 2971 2972
f 2828 2973 2829
f 2828 2972 2973
f 2829 2974 2830
f 2829 2973 2974
f 2830 2975 2831
f 2830 2974 2975
f 2831 2976 2832
f 2831 2975 2976
f 2832 2977 2833
f 2832 2976 2977
f 2833 2978 2834
f 2833 2977 2978
f 2834 2979 2835
f 2834 2978 2979
f 2835 2980 2836
f 2835 2979 2980
f 2836 2981 2837
f 2836 2980 2981
f 2837 2982 2838
f 2837 2981 2982
f 2838 2983 2839
f 2838 2982 2983
f 2839 2984 2840
f 2839 2983 2984
f 2840 2985 2841
f 2840 2984 2985
f 2841 2986 2842
f 2841 2985 2986
f 2842 2987 2843
f 2842 2986 2987
f 2843 2988 2844
f 2843 2987 2988
f 2844 2989 2845
f 2844 2988 2989
f 2845 2990 2846
f 2845 2989 2990
f 2846 2991 2847
f 2846 2990 2991
f 2847 2992 2848
f 2847 2991 2992
f 2848 2993 2849
f 2848 2992 2993
f 2849 2994 2850
f 2849 2993 2994
f 2850 2995 2851
f 2850 2994 2995
f 2851 2996 2852
f 2851 2995 2996
f 2852 2997 2853
f 2852 2996 2997
f 2853 2998 2854
f 2853 2997 2998
f 2854 2999 2855
f 2854 2998 2999
f 2855 3000 2856
f 2855 2999 3000
f 2856 3001 2857
f 2856 3000 3001
f 2857 3002 2858
f 2857 3001 3002
f 2858 3003 2859
f 2858 3002 3003
f 2859 3004 2860
f 2859 3003 3004
f 2860 3005 2861
f 2860 3004 3005
f 2861 3006 2862
f 2861 3005 3006
f 2862 3007 2863
f 2862 3006 3007
f 2863 3008 2864
f 2863 3007 3008
f 2864 3009 2865
f 2864 3008 3009
f 2865 3010 2866
f 2865 3009 3010
f 2866 3011 2867
f 2866 3010 3011
f 2867 3012 2868
f 2867 3011 3012
f 2868 3013 2869
f 2868 3012 3013
f 2869 3014 2870
f 2869 3013 3014
f 2870 3015 2871
f 2870 3014 3015
f 2871 3016 2872
f 2871 3015 3016
f 2872 3017 2873
f 2872 3016 3017
f 2873 3018 2874
f 2873 3017 3018
f 2874 3019 2875
f 2874 3018 3019
f 2875 3020 2876
f 2875 3019 3020
f 2876 3021 2877
f 2876 3020 3021
f 2877 3022 2878
f 2877 3021 3022
f 2878 3023 2879
f 2878 3022 3023
f 2879 3024 2880
f 2879 3023 3024
f 2880 2953 2809
f 2880 3024 2953
f 2953 3098 2954
f 2953 3097 3098
f 2954 3099 2955
f 2954 3098 3099
f 2955 3100 2956
f 2955 3099 3100
f 2956 3101 2957
f 2956 3100 3101
f 2957 3102 2958
f 2957 3101 3102
f 2958 3103 2959
f 2958 3102 3103
f 2959 3104 2960
f 2959 3103 3104
f 2960 3105 2961
f 2960 3104 3105
f 2961 3106 2962
f 2961 3105 3106
f 2962 3107 2963
f 2962 3106 3107
f 2963 3108 2964
f 2963 3107 3108
f 2964 3109 2965
f 2964 3108 3109
f 2965 3110 2966
f 2965 3109 3110
f 2966 3111 2967
f 2966 3110 3111
f 2967 3112 2968
f 2967 3111 3112
f 2968 3113 2969
f 2968 3112 3113
f 2969 3114 2970
f 2969 3113 3114
f 2970 3115 2971
f 2970 3114 3115
f 2971 3116 2972
f 2971 3115 3116
f 2972 3117 2973
f 2972 3116 3117
f 2973 3118 2974
f 2973 3117 3118
f 2974 3119 2975
f 2974 3118 3119
f 2975 3120 2976
f 2975 3119 3120
f 2976 3121 2977
f 2976 3120 3121
f 2977 3122 2978
f 2977 3121 3122
f 2978 3123 2979
f 2978 3122 3123
f 2979 3124 2980
f 2979 3123 3124
f 2980 3125 2981
f 2980 3124 3125
f 2981 3126 2982
f 2981 3125 3126
f 2982 3127 2983
f 2982 3126 3127
f 2983 3128 2984
f 2983 3127 3128
f 2984 3129 2985
f 2984 3128 3129
f 2985 3130 2986
f 2985 3129 3130
f 2986 3131 2987
f 2986 3130 3131
f 2987 3132 2988
f 2987 3131 3132
f 2988 3133 2989
f 2988 3132 3133
f 2989 3134 2990
f 2989 3133 3134
f 2990 3135 2991
f 2990 3134 3135
f 2991 3136 2992
f 2991 3135 3136
f 2992 3137 2993
f 2992 3136 3137
f 2993 3138 2994
f 2993 3137 3138
f 2994 3139 2995
f 2994 3138 3139
f 2995 3140 2996
f 2995 3139 3140
f 2996 3141 2997
f 2996 3140 3141
f 2997 3142 2998
f 2997 3141 3142
f 2998 3143 2999
f 2998 3142 3143
f 2999 3144 3000
f 2999 3143 3144
f 3000 3145 3001
f 3000 3144 3145
f 3001 3146 3002
f 3001 3145 3146
f 3002 3147 3003
f 3002 3146 3147
f 3003 3148 3004
f 3003 3147 3148
f 3004 3149 3005
f 3004 3148 3149
f 3005 3150 3006
f 3005 3149 3150
f 3006 3151 3007
f 3006 3150 3151
f 3007 3152 3008
f 3007 3151 3152
f 3008 3153 3009
f 3008 3152 3153
f 3009 3154 3010
f 3009 3153 3154
f 3010 3155 3011
f 3010 3154 3155
f 3011 3156 3012
f 3011 3155 3156
f 3012 3157 3013
f 3012 3156 3157
f 3013 3158 3014
f 3013 3157 3158
f 3014 3159 3015
f 3014 3158 3159
f 3015 3160 3016
f 3015 3159 3160
f 3016 3161 3017
f 3016 3160 3161
f 3017 3162 3018
f 3017 3161 3162
f 3018 3163 3019
f 3018 3162 3163
f 3019 3164 3020
f 3019 3163 3164
f 3020 3165 3021
f 3020 3164 3165
f 3021 3166 3022
f 3021 3165 3166
f 3022 3167 3023
f 3022 3166 3167
f 3023 3168 3024
f 3023 3167 3168
f 3024 3097 2953
f 3024 3168 3097
f 3097 3242 3098
f 3097 3241 3242
f 3098 3243 3099
f 3098 3242 3243
f 3099 3244 3100
f 3099 3243 3244
f 3100 3245 3101
f 3100 3244 3245
f 3101 3246 3102
f 3101 3245 3246
f 3102 3247 3103
f 3102 3246 3247
f 3103 3248 3104
f 3103 3247 3248
f 3104 3249 3105
f 3104 3248 3249
f 3105 3250 3106
f 3105 3249 3250
f 3106 3251 3107
f 3106 3250 3251
f 3107 3252 3108
f 3107 3251 3252
f 3108 3253 3109
f 3108 3252 3253
f 3109 3254 3110
f 3109 3253 3254
f 3110 3255 3111
f 3110 3254 3255
f 3111 3256 3112
f 3111 3255 3256
f 3112 3257 3113
f 3112 3256 3257
f 3113 3258 3114
f 3113 3257 3258
f 3114 3259 3115
f 3114 3258 3259
f 3115 3260 3116
f 3115 3259 3260
f 3116 3261 3117
f 3116 3260 3261
f 3117 3262 3118
f 3117 3261 3262
f 3118 3263 3119
f 3118 3262 3263
f 3119 3264 3120
f 3119 3263 3264
f 3120 3265 3121
f 3120 3264 3265
f 3121 3266 3122
f 3121 3265 3266
f 3122 3267 3123
f 3122 3266 3267
f 3123 3268 3124
f 3123 3267 3268
f 3124 3269 3125
f 3124 3268 3269
f 3125 3270 3126
f 3125 3269 3270
f 3126 3271 3127
f 3126 3270 3271
f 3127 3272 3128
f 3127 3271 3272
f 3128 3273 3129
f 3128 3272 3273
f 3129 3274 3130
f 3129 3273 3274
f 3130 3275 3131
f 3130 3274 3275
f 3131 3276 3132
f 3131 3275 3276
f 3132 3277 3133
f 3132 3276 3277
f 3133 3278 3134
f 3133 3277 3278
f 3134 3279 3135
f 3134 3278 3279
f 3135 3280 3136
f 3135 3279 3280
f 3136 3281 3137
f 3136 3280 3281
f 3137 3282 3138
f 3137 3281 3282
f 3138 3283 3139
f 3138 3282 3283
f 3139 3284 3140
f 3139 3283 3284
f 3140 3285 3141
f 3140 3284 3285
f 3141 3286 3142
f 3141 3285 3286
f 3142 3287 3143
f 3142 3286 3287
f 3143 3288 3144
f 3143 3287 3288
f 3144 3289 3145
f 3144 3288 3289
f 3145 3290 3146
f 3145 3289 3290
f 3146 3291 3147
f 3146 3290 3291
f 3147 3292 3148
f 3147 3291 3292
f 3148 3293 3149
f 3148 3292 3293
f 3149 3294 3150
f 3149 3293 3294
f 3150 3295 3151
f 3150 3294 3295
f 3151 3296 3152
f 3151 3295 3296
f 3152 3297 3153
f 3152 3296 3297
f 3153 3298 3154
f 3153 3297 3298
f 3154 3299 3155
f 3154 3298 3299
f 3155 3300 3156
f 3155 3299 3300
f 3156 3301 3157
f 3156 3300 3301
f 3157 3302 3158
f 3157 3301 3302
f 3158 3303 3159
f 3158 3302 3303
f 3159 3304 3160
f 3159 3303 3304
f 3160 3305 3161
f 3160 3304 3305
f 3161 3306 3162
f 3161 3305 3306
f 3162 3307 3163
f 3162 3306 3307
f 3163 3308 3164
f 3163 3307 3308
f 3164 3309 3165
f 3164 3308 3309
f 3165 3310 3166
f 3165 3309 3310
f 3166 3311 3167
f 3166 3310 3311
f 3167 3312 3168
f 3167 3311 3312
f 3168 3241 3097
f 3168 3312 3241
f 3241 3386 3242
f 3241 3385 3386
f 3242 3387 3243
f 3242 3386 3387
f 3243 3388 3244
f 3243 3387 3388
f 3244 3389 3245
f 3244 3388 3389
f 3245 3390 3246
f 3245 3389 3390
f 3246 3391 3247
f 3246 3390 3391
f 3247 3392 3248
f 3247 3391 3392
f 3248 3393 3249
f 3248 3392 3393
f 3249 3394 3250
f 3249 3393 3394
f 3250 3395 3251
f 3250 3394 3395
f 3251 3396 3252
f 3251 3395 3396
f 3252 3397 3253
f 3252 3396 3397
f 3253 3398 3254
f 3253 3397 3398
f 3254 3399 3255
f 3254 3398 3399
f 3255 3400 3256
f 3255 3399 3400
f 3256 3401 3257
f 3256 3400 3401
f 3257 3402 3258
f 3257 3401 3402
f 3258 3403 3259
f 3258 3402 3403
f 3259 3404 3260
f 3259 3403 3404
f 3260 3405 3261
f 3260 3404 3405
f 3261 3406 3262
f 3261 3405 3406
f 3262 3407 3263
f 3262 3406 3407
f 3263 3408 3264
f 3263 3407 3408
f 3264 3409 3265
f 3264 3408 3409
f 3265 3410 3266
f 3265 3409 3410
f 3266 3411 3267
f 3266 3410 3411
f 3267 3412 3268
f 3267 3411 3412
f 3268 3413 3269
f 3268 3412 3413
f 3269 3414 3270
f 3269 3413 3414
f 3270 3415 3271
f 3270 3414 3415
f 3271 3416 3272
f 3271 3415 3416
f 3272 3417 3273
f 3272 3416 3417
f 3273 3418 3274
f 3273 3417 3418
f 3274 3419 3275
f 3274 3418 3419
f 3275 3420 3276
f 3275 3419 3420
f 3276 3421 3277
f 3276 3420 3421
f 3277 3422 3278
f 3277 3421 3422
f 3278 3423 3279
f 3278 3422 3423
f 3279 3424 3280
f 3279 3423 3424
f 3280 3425 3281
f 3280 3424 3425
f 3281 3426 3282
f 3281 3425 3426
f 3282 3427 3283
f 3282 3426 3427
f 3283 3428 3284
f 3283 3427 3428
f 3284 3429 3285
f 3284 3428 3429
f 3285 3430 3286
f 3285 3429 3430
f 3286 3431 3287
f 3286 3430 3431
f 3287 3432 3288
f 3287 3431 3432
f 3288 3433 3289
f 3288 3432 3433
f 3289 3434 3290
f 3289 3433 3434
f 3290 3435 3291
f 3290 3434 3435
f 3291 3436 3292
f 3291 3435 3436
f 3292 3437 3293
f 3292 3436 3437
f 3293 3438 3294
f 3293 3437 3438
f 3294 3439 3295
f 3294 3438 3439
f 3295 3440 3296
f 3295 3439 3440
f 3296 3441 3297
f 3296 3440 3441
f 3297 3442 3298
f 3297 3441 3442
f 3298 3443 3299
f 3298 3442 3443
f 3299 3444 3300
f 3299 3443 3444
f 3300 3445 3301
f 3300 3444 3445
f 3301 3446 3302
f 3301 3445 3446
f 3302 3447 3303
f 3302 3446 3447
f 3303 3448 3304
f 3303 3447 3448
f 3304 3449 3305
f 3304 3448 3449
f 3305 3450 3306
f 3305 3449 3450
f 3306 3451 3307
f 3306 3450 3451
f 3307 3452 3308
f 3307 3451 3452
f 3308 3453 3309
f 3308 3452 3453
f 3309 3454 3310
f 3309 3453 3454
f 3310 3455 3311
f 3310 3454 3455
f 3311 3456 3312
f 3311 3455 3456
f 3312 3385 3241
f 3312 3456 3385
f 3385 3530 3386
f 3385 3529 3530
f 3386 3531 3387
f 3386 3530 3531
f 3387 3532 3388
f 3387 3531 3532
f 3388 3533 3389
f 3388 3532 3533
f 3389 3534 3390
f 3389 3533 3534
f 3390 3535 3391
f 3390 3534 3535
f 3391 3536 3392
f 3391 3535 3536
f 3392 3537 3393
f 3392 3536 3537
f 3393 3538 3394
f 3393 3537 3538
f 3394 3539 3395
f 3394 3538 3539
f 3395 3540 3396
f 3395 3539 3540
f 3396 3541 3397
f 3396 3540 3541
f 3397 3542 3398
f 3397 3541 3542
f 3398 3543 3399
f 3398 3542 3543
f 3399 3544 3400
f 3399 3543 3544
f 3400 3545 3401
f 3400 3544 3545
f 3401 3546 3402
f 3401 3545 3546
f 3402 3547 3403
f 3402 3546 3547
f 3403 3548 3404
f 3403 3547 3548
f 3404 3549 3405
f 3404 3548 3549
f 3405 3550 3406
f 3405 3549 3550
f 3406 3551 3407
f 3406 3550 3551
f 3407 3552 3408
f 3407 3551 3552
f 3408 3553 3409
f 3408 3552 3553
f 3409 3554 3410
f 3409 3553 3554
f 3410 3555 3411
f 3410 3554 3555
f 3411 3556 3412
f 3411 3555 3556
f 3412 3557 3413
f 3412 3556 3557
f 3413 3558 3414
f 3413 3557 3558
f 3414 3559 3415
f 3414 3558 3559
f 3415 3560 3416
f 3415 3559 3560
f 3416 3561 3417
f 3416 3560 3561
f 3417 3562 3418
f 3417 3561 3562
f 3418 3563 3419
f 3418 3562 3563
f 3419 3564 3420
f 3419 3563 3564
f 3420 3565 3421
f 3420 3564 3565
f 3421 3566 3422
f 3421 3565 3566
f 3422 3567 3423
f 3422 3566 3567
f 3423 3568 3424
f 3423 3567 3568
f 3424 3569 3425
f 3424 3568 3569
f 3425 3570 3426
f 3425 3569 3570
f 3426 3571 3427
f 3426 3570 3571
f 3427 3572 3428
f 3427 3571 3572
f 3428 3573 3429
f 3428 3572 3573
f 3429 3574 3430
f 3429 3573 3574
f 3430 3575 3431
f 3430 3574 3575
f 3431 3576 3432
f 3431 3575 3576
f 3432 3577 3433
f 3432 3576 3577
f 3433 3578 3434
f 3433 3577 3578
f 3434 3579 3435
f 3434 3578 3579
f 3435 3580 3436
f 3435 3579 3580
f 3436 3581 3437
f 3436 3580 3581
f 3437 3582 3438
f 3437 3581 3582
f 3438 3583 3439
f 3438 3582 3583
f 3439 3584 3440
f 3439 3583 3584
f 3440 3585 3441
f 3440 3584 3585
f 3441 3586 3442
f 3441 3585 3586
f 3442 3587 3443
f 3442 3586 3587
f 3443 3588 3444
f 3443 3587 3588
f 3444 3589 3445
f 3444 3588 3589
f 3445 3590 3446
f 3445 3589 3590
f 3446 3591 3447
f 3446 3590 3591
f 3447 3592 3448
f 3447 3591 3592
f 3448 3593 3449
f 3448 3592 3593
f 3449 3594 3450
f 3449 3593 3594
f 3450 3595 3451
f 3450 3594 3595
f 3451 3596 3452
f 3451 3595 3596
f 3452 3597 3453
f 3452 3596 3597
f 3453 3598 3454
f 3453 3597 3598
f 3454 3599 3455
f 3454 3598 3599
f 3455 3600 3456
f 3455 3599 3600
f 3456 3529 3385
f 3456 3600 3529
f 3529 3674 3530
f 3529 3673 3674
f 3530 3675 3531
f 3530 3674 3675
f 3531 3676 3532
f 3531 3675 3676
f 3532 3677 3533
f 3532 3676 3677
f 3533 3678 3534
f 3533 3677 3678
f 3534 3679 3535
f 3534 3678 3679
f 3535 3680 3536
f 3535 3679 3680
f 3536 3681 3537
f 3536 3680 3681
f 3537 3682 3538
f 3537 3681 3682
f 3538 3683 3539
f 3538 3682 3683
f 3539 3684 3540
f 3539 3683 3684
f 3540 3685 3541
f 3540 3684 3685
f 3541 3686 3542
f 3541 3685 3686
f 3542 3687 3543
f 3542 3686 3687
f 3543 3688 3544
f 3543 3687 3688
f 3544 3689 3545
f 3544 3688 3689
f 3545 3690 3546
f 3545 3689 3690
f 3546 3691 3547
f 3546 3690 3691
f 3547 3692 3548
f 3547 3691 3692
f 3548 3693 3549
f 3548 3692 3693
f 3549 3694 3550
f 3549 3693 3694
f 3550 3695 3551
f 3550 3694 3695
f 3551 3696 3552
f 3551 3695 3696
f 3552 3697 3553
f 3552 3696 3697
f 3553 3698 3554
f 3553 3697 3698
f 3554 3699 3555
f 3554 3698 3699
f 3555 3700 3556
f 3555 3699 3700
f 3556 3701 3557
f 3556 3700 3701
f 3557 3702 3558
f 3557 3701 3702
f 3558 3703 3559
f 3558 3702 3703
f 3559 3704 3560
f 3559 3703 3704
f 3560 3705 3561
f 3560 3704 3705
f 3561 3706 3562
f 3561 3705 3706
f 3562 3707 3563
f 3562 3706 3707
f 3563 3708 3564
f 3563 3707 3708
f 3564 3709 3565
f 3564 3708 3709
f 3565 3710 3566
f 3565 3709 3710
f 3566 3711 3567
f 3566 3710 3711
f 3567 3712 3568
f 3567 3711 3712
f 3568 3713 3569
f 3568 3712 3713
f 3569 3714 3570
f 3569 3713 3714
f 3570 3715 3571
f 3570 3714 3715
f 3571 3716 3572
f 3571 3715 3716
f 3572 3717 3573
f 3572 3716 3717
f 3573 3718 3574
f 3573 3717 3718
f 3574 3719 3575
f 3574 3718 3719
f 3575 3720 3576
f 3575 3719 3720
f 3576 3721 3577
f 3576 3720 3721
f 3577 3722 3578
f 3577 3721 3722
f 3578 3723 3579
f 3578 3722 3723
f 3579 3724 3580
f 3579 3723 3724
f 3580 3725 3581
f 3580 3724 3725
f 3581 3726 3582
f 3581 3725 3726
f 3582 3727 3583
f 3582 3726 3727
f 3583 3728 3584
f 3583 3727 3728
f 3584 3729 3585
f 3584 3728 3729
f 3585 3730 3586
f 3585 3729 3730
f 3586 3731 3587
f 3586 3730 3731
f 3587 3732 3588
f 3587 3731 3732
f 3588 3733 3589
f 3588 3732 3733
f 3589 3734 3590
f 3589 3733 3734
f 3590 3735 3591
f 3590 3734 3735
f 3591 3736 3592
f 3591 3735 3736
f 3592 3737 3593
f 3592 3736 3737
f 3593 3738 3594
f 3593 3737 3738
f 3594 3739 3595
f 3594 3738 3739
f 3595 3740 3596
f 3595 3739 3740
f 3596 3741 3597
f 3596 3740 3741
f 3597 3742 3598
f 3597 3741 3742
f 3598 3743 3599
f 3598 3742 3743
f 3599 3744 3600
f 3599 3743 3744
f 3600 3673 3529
f 3600 3744 3673
f 3673 3818 3674
f 3673 3817 3818
f 3674 3819 3675
f 3674 3818 3819
f 3675 3820 3676
f 3675 3819 3820
f 3676 3821 3677
f 3676 3820 3821
f 3677 3822 3678
f 3677 3821 3822
f 3678 3823 3679
f 3678 3822 3823
f 3679 3824 3680
f 3679 3823 3824
f 3680 3825 3681
f 3680 3824 3825
f 3681 3826 3682
f 3681 3825 3826
f 3682 3827 3683
f 3682 3826 3827
f 3683 3828 3684
f 3683 3827 3828
f 3684 3829 3685
f 3684 3828 3829
f 3685 3830 3686
f 3685 3829 3830
f 3686 3831 3687
f 3686 3830 3831
f 3687 3832 3688
f 3687 3831 3832
f 3688 3833 3689
f 3688 3832 3833
f 3689 3834 3690
f 3689 3833 3834
f 3690 3835 3691
f 3690 3834 3835
f 3691 3836 3692
f 3691 3835 3836
f 3692 3837 3693
f 3692 3836 3837
f 3693 3838 3694
f 3693 3837 3838
f 3694 3839 3695
f 3694 3838 3839
f 3695 3840 3696
f 3695 3839 3840
f 3696 3841 3697
f 3696 3840 3841
f 3697 3842 3698
f 3697 3841 3842
f 3698 3843 3699
f 3698 3842 3843
f 3699 3844 3700
f 3699 3843 3844
f 3700 3845 3701
f 3700 3844 3845
f 3701 3846 3702
f 3701 3845 3846
f 3702 3847 3703
f 3702 3846 3847
f 3703 3848 3704
f 3703 3847 3848
f 3704 3849 3705
f 3704 3848 3849
f 3705 3850 3706
f 3705 3849 3850
f 3706 3851 3707
f 3706 3850 3851
f 3707 3852 3708
f 3707 3851 3852
f 3708 3853 3709
f 3708 3852 3853
f 3709 3854 3710
f 3709 3853 3854
f 3710 3855 3711
f 3710 3854 3855
f 3711 3856 3712
f 3711 3855 3856
f 3712 3857 3713
f 3712 3856 3857
f 3713 3858 3714
f 3713 3857 3858
f 3714 3859 3715
f 3714 3858 3859
f 3715 3860 3716
f 3715 3859 3860
f 3716 3861 3717
f 3716 3860 3861
f 3717 3862 3718
f 3717 3861 3862
f 3718 3863 3719
f 3718 3862 3863
f 3719 3864 3720
f 3719 3863 3864
f 3720 3865 3721
f 3720 3864 3865
f 3721 3866 3722
f 3721 3865 3866
f 3722 3867 3723
f 3722 3866 3867
f 3723 3868 3724
f 3723 3867 3868
f 3724 3869 3725
f 3724 3868 3869
f 3725 3870 3726
f 3725 3869 3870
f 3726 3871 3727
f 3726 3870 3871
f 3727 3872 3728
f 3727 3871 3872
f 3728 3873 3729
f 3728 3872 3873
f 3729 3874 3730
f 3729 3873 3874
f 3730 3875 3731
f 3730 3874 3875
f 3731 3876 3732
f 3731 3875 3876
f 3732 3877 3733
f 3732 3876 3877
f 3733 3878 3734
f 3733 3877 3878
f 3734 3879 3735
f 3734 3878 3879
f 3735 3880 3736
f 3735 3879 3880
f 3736 3881 3737
f 3736 3880 3881
f 3737 3882 3738
f 3737 3881 3882
f 3738 3883 3739
f 3738 3882 3883
f 3739 3884 3740
f 3739 3883 3884
f 3740 3885 3741
f 3740 3884 3885
f 3741 3886 3742
f 3741 3885 3886
f 3742 3887 3743
f 3742 3886 3887
f 3743 3888 3744
f 3743 3887 3888
f 3744 3817 3673
f 3744 3888 3817
f 3817 3962 3818
f 3817 3961 3962
f 3818 3963 3819
f 3818 3962 3963
f 3819 3964 3820
f 3819 3963 3964
f 3820 3965 3821
f 3820 3964 3965
f 3821 3966 3822
f 3821 3965 3966
f 3822 3967 3823
f 3822 3966 3967
f 3823 3968 3824
f 3823 3967 3968
f 3824 3969 3825
f 3824 3968 3969
f 3825 3970 3826
f 3825 3969 3970
f 3826 3971 3827
f 3826 3970 3971
f 3827 3972 3828
f 3827 3971 3972
f 3828 3973 3829
f 3828 3972 3973
f 3829 3974 3830
f 3829 3973 3974
f 3830 3975 3831
f 3830 3974 3975
f 3831 3976 3832
f 3831 3975 3976
f 3832 3977 3833
f 3832 3976 3977
f 3833 3978 3834
f 3833 3977 3978
f 3834 3979 3835
f 3834 3978 3979
f 3835 3980 3836
f 3835 3979 3980
f 3836 3981 3837
f 3836 3980 3981
f 3837 3982 3838
f 3837 3981 3982
f 3838 3983 3839
f 3838 3982 3983
f 3839 3984 3840
f 3839 3983 3984
f 3840 3985 3841
f 3840 3984 3985
f 3841 3986 3842
f 3841 3985 3986
f 3842 3987 3843
f 3842 3986 3987
f 3843 3988 3844
f 3843 3987 3988
f 3844 3989 3845
f 3844 3988 3989
f 3845 3990 3846
f 3845 3989 3990
f 3846 3991 3847
f 3846 3990 3991
f 3847 3992 3848
f 3847 3991 3992
f 3848 3993 3849
f 3848 3992 3993
f 3849 3994 3850
f 3849 3993 3994
f 3850 3995 3851
f 3850 3994 3995
f 3851 3996 3852
f 3851 3995 3996
f 3852 3997 3853
f 3852 3996 3997
f 3853 3998 3854
f 3853 3997 3998
f 3854 3999 3855
f 3854 3998 3999
f 3855 4000 3856
f 3855 3999 4000
f 3856 4001 3857
f 3856 4000 4001
f 3857 4002 3858
f 3857 4001 4002
f 3858 4003 3859
f 3858 4002 4003
f 3859 4004 3860
f 3859 4003 4004
f 3860 4005 3861
f 3860 4004 4005
f 3861 4006 3862
f 3861 4005 4006
f 3862 4007 3863
f 3862 4006 4007
f 3863 4008 3864
f 3863 4007 4008
f 3864 4009 3865
f 3864 4008 4009
f 3865 4010 3866
f 3865 4009 4010
f 3866 4011 3867
f 3866 4010 4011
f 3867 4012 3868
f 3867 4011 4012
f 3868 4013 3869
f 3868 4012 4013
f 3869 4014 3870
f 3869 4013 4014
f 3870 4015 3871
f 3870 4014 4015
f 3871 4016 3872
f 3871 4015 4016
f 3872 4017 3873
f 3872 4016 4017
f 3873 4018 3874
f 3873 4017 4018
f 3874 4019 3875
f 3874 4018 4019
f 3875 4020 3876
f 3875 4019 4020
f 3876 4021 3877
f 3876 4020 4021
f 3877 4022 3878
f 3877 4021 4022
f 3878 4023 3879
f 3878 4022 4023
f 3879 4024 3880
f 3879 4023 4024
f 3880 4025 3881
f 3880 4024 4025
f 3881 4026 3882
f 3881 4025 4026
f 3882 4027 3883
f 3882 4026 4027
f 3883 4028 3884
f 3883 4027 4028
f 3884 4029 3885
f 3884 4028 4029
f 3885 4030 3886
f 3885 4029 4030
f 3886 4031 3887
f 3886 4030 4031
f 3887 4032 3888
f 3887 4031 4032
f 3888 3961 3817
f 3888 4032 3961
f 3961 4106 3962
f 3961 4105 4106
f 3962 4107 3963
f 3962 4106 4107
f 3963 4108 3964
f 3963 4107 4108
f 3964 4109 3965
f 3964 4108 4109
f 3965 4110 3966
f 3965 4109 4110
f 3966 4111 3967
f 3966 4110 4111
f 3967 4112 3968
f 3967 4111 4112
f 3968 4113 3969
f 3968 4112 4113
f 3969 4114 3970
f 3969 4113 4114
f 3970 4115 3971
f 3970 4114 4115
f 3971 4116 3972
f 3971 4115 4116
f 3972 4117 3973
f 3972 4116 4117
f 3973 4118 3974
f 3973 4117 4118
f 3974 4119 3975
f 3974 4118 4119
f 3975 4120 3976
f 3975 4119 4120
f 3976 4121 3977
f 3976 4120 4121
f 3977 4122 3978
f 3977 4121 4122
f 3978 4123 3979
f 3978 4122 4123
f 3979 4124 3980
f 3979 4123 4124
f 3980 4125 3981
f 3980 4124 4125
f 3981 4126 3982
f 3981 4125 4126
f 3982 4127 3983
f 3982 4126 4127
f 3983 4128 3984
f 3983 4127 4128
f 3984 4129 3985
f 3984 4128 4129
f 3985 4130 3986
f 3985 4129 4130
f 3986 4131 3987
f 3986 4130 4131
f 3987 4132 3988
f 3987 4131 4132
f 3988 4133 3989
f 3988 4132 4133
f 3989 4134 3990
f 3989 4133 4134
f 3990 4135 3991
f 3990 4134 4135
f 3991 4136 3992
f 3991 4135 4136
f 3992 4137 3993
f 3992 4136 4137
f 3993 4138 3994
f 3993 4137 4138
f 3994 4139 3995
f 3994 4138 4139
f 3995 4140 3996
f 3995 4139 4140
f 3996 4141 3997
f 3996 4140 4141
f 3997 4142 3998
f 3997 4141 4142
f 3998 4143 3999
f 3998 4142 4143
f 3999 4144 4000
f 3999 4143 4144
f 4000 4145 4001
f 4000 4144 4145
f 4001 4146 4002
f 4001 4145 4146
f 4002 4147 4003
f 4002 4146 4147
f 4003 4148 4004
f 4003 4147 4148
f 4004 4149 4005
f 4004 4148 4149
f 4005 4150 4006
f 4005 4149 4150
f 4006 4151 4007
f 4006 4150 4151
f 4007 4152 4008
f 4007 4151 4152
f 4008 4153 4009
f 4008 4152 4153
f 4009 4154 4010
f 4009 4153 4154
f 4010 4155 4011
f 4010 4154 4155
f 4011 4156 4012
f 4011 4155 4156
f 4012 4157 4013
f 4012 4156 4157
f 4013 4158 4014
f 4013 4157 4158
f 4014 4159 4015
f 4014 4158 4159
f 4015 4160 4016
f 4015 4159 4160
f 4016 4161 4017
f 4016 4160 4161
f 4017 4162 4018
f 4017 4161 4162
f 4018 4163 4019
f 4018 4162 4163
f 4019 4164 4020
f 4019 4163 4164
f 4020 4165 4021
f 4020 4164 4165
f 4021 4166 4022
f 4021 4165 4166
f 4022 4167 4023
f 4022 4166 4167
f 4023 4168 4024
f 4023 4167 4168
f 4024 4169 4025
f 4024 4168 4169
f 4025 4170 4026
f 4025 4169 4170
f 4026 4171 4027
f 4026 4170 4171
f 4027 4172 4028
f 4027 4171 4172
f 4028 4173 4029
f 4028 4172 4173
f 4029 4174 4030
f 4029 4173 4174
f 4030 4175 4031
f 4030 4174 4175
f 4031 4176 4032
f 4031 4175 4176
f 4032 4105 3961
f 4032 4176 4105
f 4105 4250 4106
f 4105 4249 4250
f 4106 4251 4107
f 4106 4250 4251
f 4107 4252 4108
f 4107 4251 4252
f 4108 4253 4109
f 4108 4252 4253
f 4109 4254 4110
f 4109 4253 4254
f 4110 4255 4111
f 4110 4254 4255
f 4111 4256 4112
f 4111 4255 4256
f 4112 4257 4113
f 4112 4256 4257
f 4113 4258 4114
f 4113 4257 4258
f 4114 4259 4115
f 4114 4258 4259
f 4115 4260 4116
f 4115 4259 4260
f 4116 4261 4117
f 4116 4260 4261
f 4117 4262 4118
f 4117 4261 4262
f 4118 4263 4119
f 4118 4262 4263
f 4119 4264 4120
f 4119 4263 4264
f 4120 4265 4121
f 4120 4264 4265
f 4121 4266 4122
f 4121 4265 4266
f 4122 4267 4123
f 4122 4266 4267
f 4123 4268 4124
f 4123 4267 4268
f 4124 4269 4125
f 4124 4268 4269
f 4125 4270 4126
f 4125 4269 4270
f 4126 4271 4127
f 4126 4270 4271
f 4127 4272 4128
f 4127 4271 4272
f 4128 4273 4129
f 4128 4272 4273
f 4129 4274 4130
f 4129 4273 4274
f 4130 4275 4131
f 4130 4274 4275
f 4131 4276 4132
f 4131 4275 4276
f 4132 4277 4133
f 4132 4276 4277
f 4133 4278 4134
f 4133 4277 4278
f 4134 4279 4135
f 4134 4278 4279
f 4135 4280 4136
f 4135 4279 4280
f 4136 4281 4137
f 4136 4280 4281
f 4137 4282 4138
f 4137 4281 4282
f 4138 4283 4139
f 4138 4282 4283
f 4139 4284 4140
f 4139 4283 4284
f 4140 4285 4141
f 4140 4284 4285
f 4141 4286 4142
f 4141 4285 4286
f 4142 4287 4143
f 4142 4286 4287
f 4143 4288 4144
f 4143 4287 4288
f 4144 4289 4145
f 4144 4288 4289
f 4145 4290 4146
f 4145 4289 4290
f 4146 4291 4147
f 4146 4290 4291
f 4147 4292 4148
f 4147 4291 4292
f 4148 4293 4149
f 4148 4292 4293
f 4149 4294 4150
f 4149 4293 4294
f 4150 4295 4151
f 4150 4294 4295
f 4151 4296 4152
f 4151 4295 4296
f 4152 4297 4153
f 4152 4296 4297
f 4153 4298 4154
f 4153 4297 4298
f 4154 4299 4155
f 4154 4298 4299
f 4155 4300 4156
f 4155 4299 4300
f 4156 4301 4157
f 4156 4300 4301
f 4157 4302 4158
f 4157 4301 4302
f 4158 4303 4159
f 4158 4302 4303
f 4159 4304 4160
f 4159 4303 4304
f 4160 4305 4161
f 4160 4304 4305
f 4161 4306 4162
f 4161 4305 4306
f 4162 4307 4163
f 4162 4306 4307
f 4163 4308 4164
f 4163 4307 4308
f 4164 4309 4165
f 4164 4308 4309
f 4165 4310 4166
f 4165 4309 4310
f 4166 4311 4167
f 4166 4310 4311
f 4167 4312 4168
f 4167 4311 4312
f 4168 4313 4169
f 4168 4312 4313
f 4169 4314 4170
f 4169 4313 4314
f 4170 4315 4171
f 4170 4314 4315
f 4171 4316 4172
f 4171 4315 4316
f 4172 4317 4173
f 4172 4316 4317
f 4173 4318 4174
f 4173 4317 4318
f 4174 4319 4175
f 4174 4318 4319
f 4175 4320 4176
f 4175 4319 4320
f 4176 4249 4105
f 4176 4320 4249
f 4249 4394 4250
f 4249 4393 4394
f 4250 4395 4251
f 4250 4394 4395
f 4251 4396 4252
f 4251 4395 4396
f 4252 4397 4253
f 4252 4396 4397
f 4253 4398 4254
f 4253 4397 4398
f 4254 4399 4255
f 4254 4398 4399
f 4255 4400 4256
f 4255 4399 4400
f 4256 4401 4257
f 4256 4400 4401
f 4257 4402 4258
f 4257 4401 4402
f 4258 4403 4259
f 4258 4402 4403
f 4259 4404 4260
f 4259 4403 4404
f 4260 4405 4261
f 4260 4404 4405
f 4261 4406 4262
f 4261 4405 4406
f 4262 4407 4263
f 4262 4406 4407
f 4263 4408 4264
f 4263 4407 4408
f 4264 4409 4265
f 4264 4408 4409
f 4265 4410 4266
f 4265 4409 4410
f 4266 4411 4267
f 4266 4410 4411
f 4267 4412 4268
f 4267 4411 4412
f 4268 4413 4269
f 4268 4412 4413
f 4269 4414 4270
f 4269 4413 4414
f 4270 4415 4271
f 4270 4414 4415
f 4271 4416 4272
f 4271 4415 4416
f 4272 4417 4273
f 4272 4416 4417
f 4273 4418 4274
f 4273 4417 4418
f 4274 4419 4275
f 4274 4418 4419
f 4275 4420 4276
f 4275 4419 4420
f 4276 4421 4277
f 4276 4420 4421
f 4277 4422 4278
f 4277 4421 4422
f 4278 4423 4279
f 4278 4422 4423
f 4279 4424 4280
f 4279 4423 4424
f 4280 4425 4281
f 4280 4424 4425
f 4281 4426 4282
f 4281 4425 4426
f 4282 4427 4283
f 4282 4426 4427
f 4283 4428 4284
f 4283 4427 4428
f 4284 4429 4285
f 4284 4428 4429
f 4285 4430 4286
f 4285 4429 4430
f 4286 4431 4287
f 4286 4430 4431
f 4287 4432 4288
f 4287 4431 4432
f 4288 4433 4289
f 4288 4432 4433
f 4289 4434 4290
f 4289 4433 4434
f 4290 4435 4291
f 4290 4434 4435
f 4291 4436 4292
f 4291 4435 4436
f 4292 4437 4293
f 4292 4436 4437
f 4293 4438 4294
f 4293 4437 4438
f 4294 4439 4295
f 4294 4438 4439
f 4295 4440 4296
f 4295 4439 4440
f 4296 4441 4297
f 4296 4440 4441
f 4297 4442 4298
f 4297 4441 4442
f 4298 4443 4299
f 4298 4442 4443
f 4299 4444 4300
f 4299 4443 4444
f 4300 4445 4301
f 4300 4444 4445
f 4301 4446 4302
f 4301 4445 4446
f 4302 4447 4303
f 4302 4446 4447
f 4303 4448 4304
f 4303 4447 4448
f 4304 4449 4305
f 4304 4448 4449
f 4305 4450 4306
f 4305 4449 4450
f 4306 4451 4307
f 4306 4450 4451
f 4307 4452 4308
f 4307 4451 4452
f 4308 4453 4309
f 4308 4452 4453
f 4309 4454 4310
f 4309 4453 4454
f 4310 4455 4311
f 4310 4454 4455
f 4311 4456 4312
f 4311 4455 4456
f 4312 4457 4313
f 4312 4456 4457
f 4313 4458 4314
f 4313 4457 4458
f 4314 4459 4315
f 4314 4458 4459
f 4315 4460 4316
f 4315 4459 4460
f 4316 4461 4317
f 4316 4460 4461
f 4317 4462 4318
f 4317 4461 4462
f 4318 4463 4319
f 4318 4462 4463
f 4319 4464 4320
f 4319 4463 4464
f 4320 4393 4249
f 4320 4464 4393
f 4393 4538 4394
f 4393 4537 4538
f 4394 4539 4395
f 4394 4538 4539
f 4395 4540 4396
f 4395 4539 4540
f 4396 4541 4397
f 4396 4540 4541
f 4397 4542 4398
f 4397 4541 4542
f 4398 4543 4399
f 4398 4542 4543
f 4399 4544 4400
f 4399 4543 4544
f 4400 4545 4401
f 4400 4544 4545
f 4401 4546 4402
f 4401 4545 4546
f 4402 4547 4403
f 4402 4546 4547
f 4403 4548 4404
f 4403 4547 4548
f 4404 4549 4405
f 4404 4548 4549
f 4405 4550 4406
f 4405 4549 4550
f 4406 4551 4407
f 4406 4550 4551
f 4407 4552 4408
f 4407 4551 4552
f 4408 4553 4409
f 4408 4552 4553
f 4409 4554 4410
f 4409 4553 4554
f 4410 4555 4411
f 4410 4554 4555
f 4411 4556 4412
f 4411 4555 4556
f 4412 4557 4413
f 4412 4556 4557
f 4413 4558 4414
f 4413 4557 4558
f 4414 4559 4415
f 4414 4558 4559
f 4415 4560 4416
f 4415 4559 4560
f 4416 4561 4417
f 4416 4560 4561
f 4417 4562 4418
f 4417 4561 4562
f 4418 4563 4419
f 4418 4562 4563
f 4419 4564 4420
f 4419 4563 4564
f 4420 4565 4421
f 4420 4564 4565
f 4421 4566 4422
f 4421 4565 4566
f 4422 4567 4423
f 4422 4566 4567
f 4423 4568 4424
f 4423 4567 4568
f 4424 4569 4425
f 4424 4568 4569
f 4425 4570 4426
f 4425 4569 4570
f 4426 4571 4427
f 4426 4570 4571
f 4427 4572 4428
f 4427 4571 4572
f 4428 4573 4429
f 4428 4572 4573
f 4429 4574 4430
f 4429 4573 4574
f 4430 4575 4431
f 4430 4574 4575
f 4431 4576 4432
f 4431 4575 4576
f 4432 4577 4433
f 4432 4576 4577
f 4433 4578 4434
f 4433 4577 4578
f 4434 4579 4435
f 4434 4578 4579
f 4435 4580 4436
f 4435 4579 4580
f 4436 4581 4437
f 4436 4580 4581
f 4437 4582 4438
f 4437 4581 4582
f 4438 4583 4439
f 4438 4582 4583
f 4439 4584 4440
f 4439 4583 4584
f 4440 4585 4441
f 4440 4584 4585
f 4441 4586 4442
f 4441 4585 4586
f 4442 4587 4443
f 4442 4586 4587
f 4443 4588 4444
f 4443 4587 4588
f 4444 4589 4445
f 4444 4588 4589
f 4445 4590 4446
f 4445 4589 4590
f 4446 4591 4447
f 4446 4590 4591
f 4447 4592 4448
f 4447 4591 4592
f 4448 4593 4449
f 4448 4592 4593
f 4449 4594 4450
f 4449 4593 4594
f 4450 4595 4451
f 4450 4594 4595
f 4451 4596 4452
f 4451 4595 4596
f 4452 4597 4453
f 4452 4596 4597
f 4453 4598 4454
f 4453 4597 4598
f 4454 4599 4455
f 4454 4598 4599
f 4455 4600 4456
f 4455 4599 4600
f 4456 4601 4457
f 4456 4600 4601
f 4457 4602 4458
f 4457 4601 4602
f 4458 4603 4459
f 4458 4602 4603
f 4459 4604 4460
f 4459 4603 4604
f 4460 4605 4461
f 4460 4604 4605
f 4461 4606 4462
f 4461 4605 4606
f 4462 4607 4463
f 4462 4606 4607
f 4463 4608 4464
f 4463 4607 4608
f 4464 4537 4393
f 4464 4608 4537
f 4537 4682 4538
f 4537 4681 4682
f 4538 4683 4539
f 4538 4682 4683
f 4539 4684 4540
f 4539 4683 4684
f 4540 4685 4541
f 4540 4684 4685
f 4541 4686 4542
f 4541 4685 4686
f 4542 4687 4543
f 4542 4686 4687
f 4543 4688 4544
f 4543 4687 4688
f 4544 4689 4545
f 4544 4688 4689
f 4545 4690 4546
f 4545 4689 4690
f 4546 4691 4547
f 4546 4690 4691
f 4547 4692 4548
f 4547 4691 4692
f 4548 4693 4549
f 4548 4692 4693
f 4549 4694 4550
f 4549 4693 4694
f 4550 4695 4551
f 4550 4694 4695
f 4551 4696 4552
f 4551 4695 4696
f 4552 4697 4553
f 4552 4696 4697
f 4553 4698 4554
f 4553 4697 4698
f 4554 4699 4555
f 4554 4698 4699
f 4555 4700 4556
f 4555 4699 4700
f 4556 4701 4557
f 4556 4700 4701
f 4557 4702 4558
f 4557 4701 4702
f 4558 4703 4559
f 4558 4702 4703
f 4559 4704 4560
f 4559 4703 4704
f 4560 4705 4561
f 4560 4704 4705
f 4561 4706 4562
f 4561 4705 4706
f 4562 4707 4563
f 4562 4706 4707
f 4563 4708 4564
f 4563 4707 4708
f 4564 4709 4565
f 4564 4708 4709
f 4565 4710 4566
f 4565 4709 4710
f 4566 4711 4567
f 4566 4710 4711
f 4567 4712 4568
f 4567 4711 4712
f 4568 4713 4569
f 4568 4712 4713
f 4569 4714 4570
f 4569 4713 4714
f 4570 4715 4571
f 4570 4714 4715
f 4571 4716 4572
f 4571 4715 4716
f 4572 4717 4573
f 4572 4716 4717
f 4573 4718 4574
f 4573 4717 4718
f 4574 4719 4575
f 4574 4718 4719
f 4575 4720 4576
f 4575 4719 4720
f 4576 4721 4577
f 4576 4720 4721
f 4577 4722 4578
f 4577 4721 4722
f 4578 4723 4579
f 4578 4722 4723
f 4579 4724 4580
f 4579 4723 4724
f 4580 4725 4581
f 4580 4724 4725
f 4581 4726 4582
f 4581 4725 4726
f 4582 4727 4583
f 4582 4726 4727
f 4583 4728 4584
f 4583 4727 4728
f 4584 4729 4585
f 4584 4728 4729
f 4585 4730 4586
f 4585 4729 4730
f 4586 4731 4587
f 4586 4730 4731
f 4587 4732 4588
f 4587 4731 4732
f 4588 4733 4589
f 4588 4732 4733
f 4589 4734 4590
f 4589 4733 4734
f 4590 4735 4591
f 4590 4734 4735
f 4591 4736 4592
f 4591 4735 4736
f 4592 4737 4593
f 4592 4736 4737
f 4593 4738 4594
f 4593 4737 4738
f 4594 4739 4595
f 4594 4738 4739
f 4595 4740 4596
f 4595 4739 4740
f 4596 4741 4597
f 4596 4740 4741
f 4597 4742 4598
f 4597 4741 4742
f 4598 4743 4599
f 4598 4742 4743
f 4599 4744 4600
f 4599 4743 4744
f 4600 4745 4601
f 4600 4744 4745
f 4601 4746 4602
f 4601 4745 4746
f 4602 4747 4603
f 4602 4746 4747
f 4603 4748 4604
f 4603 4747 4748
f 4604 4749 4605
f 4604 4748 4749
f 4605 4750 4606
f 4605 4749 4750
f 4606 4751 4607
f 4606 4750 4751
f 4607 4752 4608
f 4607 4751 4752
f 4608 4681 4537
f 4608 4752 4681
f 4681 4826 4682
f 4681 4825 4826
f 4682 4827 4683
f 4682 4826 4827
f 4683 4828 4684
f 4683 4827 4828
f 4684 4829 4685
f 4684 4828 4829
f 4685 4830 4686
f 4685 4829 4830
f 4686 4831 4687
f 4686 4830 4831
f 4687 4832 4688
f 4687 4831 4832
f 4688 4833 4689
f 4688 4832 4833
f 4689 4834 4690
f 4689 4833 4834
f 4690 4835 4691
f 4690 4834 4835
f 4691 4836 4692
f 4691 4835 4836
f 4692 4837 4693
f 4692 4836 4837
f 4693 4838 4694
f 4693 4837 4838
f 4694 4839 4695
f 4694 4838 4839
f 4695 4840 4696
f 4695 4839 4840
f 4696 4841 4697
f 4696 4840 4841
f 4697 4842 4698
f 4697 4841 4842
f 4698 4843 4699
f 4698 4842 4843
f 4699 4844 4700
f 4699 4843 4844
f 4700 4845 4701
f 4700 4844 4845
f 4701 4846 4702
f 4701 4845 4846
f 4702 4847 4703
f 4702 4846 4847
f 4703 4848 4704
f 4703 4847 4848
f 4704 4849 4705
f 4704 4848 4849
f 4705 4850 4706
f 4705 4849 4850
f 4706 4851 4707
f 4706 4850 4851
f 4707 4852 4708
f 4707 4851 4852
f 4708 4853 4709
f 4708 4852 4853
f 4709 4854 4710
f 4709 4853 4854
f 4710 4855 4711
f 4710 4854 4855
f 4711 4856 4712
f 4711 4855 4856
f 4712 4857 4713
f 4712 4856 4857
f 4713 4858 4714
f 4713 4857 4858
f 4714 4859 4715
f 4714 4858 4859
f 4715 4860 4716
f 4715 4859 4860
f 4716 4861 4717
f 4716 4860 4861
f 4717 4862 4718
f 4717 4861 4862
f 4718 4863 4719
f 4718 4862 4863
f 4719 4864 4720
f 4719 4863 4864
f 4720 4865 4721
f 4720 4864 4865
f 4721 4866 4722
f 4721 4865 4866
f 4722 4867 4723
f 4722 4866 4867
f 4723 4868 4724
f 4723 4867 4868
f 4724 4869 4725
f 4724 4868 4869
f 4725 4870 4726
f 4725 4869 4870
f 4726 4871 4727
f 4726 4870 4871
f 4727 4872 4728
f 4727 4871 4872
f 4728 4873 4729
f 4728 4872 4873
f 4729 4874 4730
f 4729 4873 4874
f 4730 4875 4731
f 4730 4874 4875
f 4731 4876 4732
f 4731 4875 4876
f 4732 4877 4733
f 4732 4876 4877
f 4733 4878 4734
f 4733 4877 4878
f 4734 4879 4735
f 4734 4878 4879
f 4735 4880 4736
f 4735 4879 4880
f 4736 4881 4737
f 4736 4880 4881
f 4737 4882 4738
f 4737 4881 4882
f 4738 4883 4739
f 4738 4882 4883
f 4739 4884 4740
f 4739 4883 4884
f 4740 4885 4741
f 4740 4884 4885
f 4741 4886 4742
f 4741 4885 4886
f 4742 4887 4743
f 4742 4886 4887
f 4743 4888 4744
f 4743 4887 4888
f 4744 4889 4745
f 4744 4888 4889
f 4745 4890 4746
f 4745 4889 4890
f 4746 4891 4747
f 4746 4890 4891
f 4747 4892 4748
f 4747 4891 4892
f 4748 4893 4749
f 4748 4892 4893
f 4749 4894 4750
f 4749 4893 4894
f 4750 4895 4751
f 4750 4894 4895
f 4751 4896 4752
f 4751 4895 4896
f 4752 4825 4681
f 4752 4896 4825
f 4825 4970 4826
f 4825 4969 4970
f 4826 4971 4827
f 4826 4970 4971
f 4827 4972 4828
f 4827 4971 4972
f 4828 4973 4829
f 4828 4972 4973
f 4829 4974 4830
f 4829 4973 4974
f 4830 4975 4831
f 4830 4974 4975
f 4831 4976 4832
f 4831 4975 4976
f 4832 4977 4833
f 4832 4976 4977
f 4833 4978 4834
f 4833 4977 4978
f 4834 4979 4835
f 4834 4978 4979
f 4835 4980 4836
f 4835 4979 4980
f 4836 4981 4837
f 4836 4980 4981
f 4837 4982 4838
f 4837 4981 4982
f 4838 4983 4839
f 4838 4982 4983
f 4839 4984 4840
f 4839 4983 4984
f 4840 4985 4841
f 4840 4984 4985
f 4841 4986 4842
f 4841 4985 4986
f 4842 4987 4843
f 4842 4986 4987
f 4843 4988 4844
f 4843 4987 4988
f 4844 4989 4845
f 4844 4988 4989
f 4845 4990 4846
f 4845 4989 4990
f 4846 4991 4847
f 4846 4990 4991
f 4847 4992 4848
f 4847 4991 4992
f 4848 4993 4849
f 4848 4992 4993
f 4849 4994 4850
f 4849 4993 4994
f 4850 4995 4851
f 4850 4994 4995
f 4851 4996 4852
f 4851 4995 4996
f 4852 4997 4853
f 4852 4996 4997
f 4853 4998 4854
f 4853 4997 4998
f 4854 4999 4855
f 4854 4998 4999
f 4855 5000 4856
f 4855 4999 5000
f 4856 5001 4857
f 4856 5000 5001
f 4857 5002 4858
f 4857 5001 5002
f 4858 5003 4859
f 4858 5002 5003
f 4859 5004 4860
f 4859 5003 5004
f 4860 5005 4861
f 4860 5004 5005
f 4861 5006 4862
f 4861 5005 5006
f 4862 5007 4863
f 4862 5006 5007
f 4863 5008 4864
f 4863 5007 5008
f 4864 5009 4865
f 4864 5008 5009
f 4865 5010 4866
f 4865 5009 5010
f 4866 5011 4867
f 4866 5010 5011
f 4867 5012 4868
f 4867 5011 5012
f 4868 5013 4869
f 4868 5012 5013
f 4869 5014 4870
f 4869 5013 5014
f 4870 5015 4871
f 4870 5014 5015
f 4871 5016 4872
f 4871 5015 5016
f 4872 5017 4873
f 4872 5016 5017
f 4873 5018 4874
f 4873 5017 5018
f 4874 5019 4875
f 4874 5018 5019
f 4875 5020 4876
f 4875 5019 5020
f 4876 5021 4877
f 4876 5020 5021
f 4877 5022 4878
f 4877 5021 5022
f 4878 5023 4879
f 4878 5022 5023
f 4879 5024 4880
f 4879 5023 5024
f 4880 5025 4881
f 4880 5024 5025
f 4881 5026 4882
f 4881 5025 5026
f 4882 5027 4883
f 4882 5026 5027
f 4883 5028 4884
f 4883 5027 5028
f 4884 5029 4885
f 4884 5028 5029
f 4885 5030 4886
f 4885 5029 5030
f 4886 5031 4887
f 4886 5030 5031
f 4887 5032 4888
f 4887 5031 5032
f 4888 5033 4889
f 4888 5032 5033
f 4889 5034 4890
f 4889 5033 5034
f 4890 5035 4891
f 4890 5034 5035
f 4891 5036 4892
f 4891 5035 5036
f 4892 5037 4893
f 4892 5036 5037
f 4893 5038 4894
f 4893 5037 5038
f 4894 5039 4895
f 4894 5038 5039
f 4895 5040 4896
f 4895 5039 5040
f 4896 4969 4825
f 4896 5040 4969
f 4969 5114 4970
f 4969 5113 5114
f 4970 5115 4971
f 4970 5114 5115
f 4971 5116 4972
f 4971 5115 5116
f 4972 5117 4973
f 4972 5116 5117
f 4973 5118 4974
f 4973 5117 5118
f 4974 5119 4975
f 4974 5118 5119
f 4975 5120 4976
f 4975 5119 5120
f 4976 5121 4977
f 4976 5120 5121
f 4977 5122 4978
f 4977 5121 5122
f 4978 5123 4979
f 4978 5122 5123
f 4979 5124 4980
f 4979 5123 5124
f 4980 5125 4981
f 4980 5124 5125
f 4981 5126 4982
f 4981 5125 5126
f 4982 5127 4983
f 4982 5126 5127
f 4983 5128 4984
f 4983 5127 5128
f 4984 5129 4985
f 4984 5128 5129
f 4985 5130 4986
f 4985 5129 5130
f 4986 5131 4987
f 4986 5130 5131
f 4987 5132 4988
f 4987 5131 5132
f 4988 5133 4989
f 4988 5132 5133
f 4989 5134 4990
f 4989 5133 5134
f 4990 5135 4991
f 4990 5134 5135
f 4991 5136 4992
f 4991 5135 5136
f 4992 5137 4993
f 4992 5136 5137
f 4993 5138 4994
f 4993 5137 5138
f 4994 5139 4995
f 4994 5138 5139
f 4995 5140 4996
f 4995 5139 5140
f 4996 5141 4997
f 4996 5140 5141
f 4997 5142 4998
f 4997 5141 5142
f 4998 5143 4999
f 4998 5142 5143
f 4999 5144 5000
f 4999 5143 5144
f 5000 5145 5001
f 5000 5144 5145
f 5001 5146 5002
f 5001 5145 5146
f 5002 5147 5003
f 5002 5146 5147
f 5003 5148 5004
f 5003 5147 5148
f 5004 5149 5005
f 5004 5148 5149
f 5005 5150 5006
f 5005 5149 5150
f 5006 5151 5007
f 5006 5150 5151
f 5007 5152 5008
f 5007 5151 5152
f 5008 5153 5009
f 5008 5152 5153
f 5009 5154 5010
f 5009 5153 5154
f 5010 5155 5011
f 5010 5154 5155
f 5011 5156 5012
f 5011 5155 5156
f 5012 5157 5013
f 5012 5156 5157
f 5013 5158 5014
f 5013 5157 5158
f 5014 5159 5015
f 5014 5158 5159
f 5015 5160 5016
f 5015 5159 5160
f 5016 5161 5017
f 5016 5160 5161
f 5017 5162 5018
f 5017 5161 5162
f 5018 5163 5019
f 5018 5162 5163
f 5019 5164 5020
f 5019 5163 5164
f 5020 5165 5021
f 5020 5164 5165
f 5021 5166 5022
f 5021 5165 5166
f 5022 5167 5023
f 5022 5166 5167
f 5023 5168 5024
f 5023 5167 5168
f 5024 5169 5025
f 5024 5168 5169
f 5025 5170 5026
f 5025 5169 5170
f 5026 5171 5027
f 5026 5170 5171
f 5027 5172 5028
f 5027 5171 5172
f 5028 5173 5029
f 5028 5172 5173
f 5029 5174 5030
f 5029 5173 5174
f 5030 5175 5031
f 5030 5174 5175
f 5031 5176 5032
f 5031 5175 5176
f 5032 5177 5033
f 5032 5176 5177
f 5033 5178 5034
f 5033 5177 5178
f 5034 5179 5035
f 5034 5178 5179
f 5035 5180 5036
f 5035 5179 5180
f 5036 5181 5037
f 5036 5180 5181
f 5037 5182 5038
f 5037 5181 5182
f 5038 5183 5039
f 5038 5182 5183
f 5039 5184 5040
f 5039 5183 5184
f 5040 5113 4969
f 5040 5184 5113
f 5113 5258 5114
f 5113 5257 5258
f 5114 5259 5115
f 5114 5258 5259
f 5115 5260 5116
f 5115 5259 5260
f 5116 5261 5117
f 5116 5260 5261
f 5117 5262 5118
f 5117 5261 5262
f 5118 5263 5119
f 5118 5262 5263
f 5119 5264 5120
f 5119 5263 5264
f 5120 5265 5121
f 5120 5264 5265
f 5121 5266 5122
f 5121 5265 5266
f 5122 5267 5123
f 5122 5266 5267
f 5123 5268 5124
f 5123 5267 5268
f 5124 5269 5125
f 5124 5268 5269
f 5125 5270 5126
f 5125 5269 5270
f 5126 5271 5127
f 5126 5270 5271
f 5127 5272 5128
f 5127 5271 5272
f 5128 5273 5129
f 5128 5272 5273
f 5129 5274 5130
f 5129 5273 5274
f 5130 5275 5131
f 5130 5274 5275
f 5131 5276 5132
f 5131 5275 5276
f 5132 5277 5133
f 5132 5276 5277
f 5133 5278 5134
f 5133 5277 5278
f 5134 5279 5135
f 5134 5278 5279
f 5135 5280 5136
f 5135 5279 5280
f 5136 5281 5137
f 5136 5280 5281
f 5137 5282 5138
f 5137 5281 5282
f 5138 5283 5139
f 5138 5282 5283
f 5139 5284 5140
f 5139 5283 5284
f 5140 5285 5141
f 5140 5284 5285
f 5141 5286 5142
f 5141 5285 5286
f 5142 5287 5143
f 5142 5286 5287
f 5143 5288 5144
f 5143 5287 5288
f 5144 5289 5145
f 5144 5288 5289
f 5145 5290 5146
f 5145 5289 5290
f 5146 5291 5147
f 5146 5290 5291
f 5147 5292 5148
f 5147 5291 5292
f 5148 5293 5149
f 5148 5292 5293
f 5149 5294 5150
f 5149 5293 5294
f 5150 5295 5151
f 5150 5294 5295
f 5151 5296 5152
f 5151 5295 5296
f 5152 5297 5153
f 5152 5296 5297
f 5153 5298 5154
f 5153 5297 5298
f 5154 5299 5155
f 5154 5298 5299
f 5155 5300 5156
f 5155 5299 5300
f 5156 5301 5157
f 5156 5300 5301
f 5157 5302 5158
f 5157 5301 5302
f 5158 5303 5159
f 5158 5302 5303
f 5159 5304 5160
f 5159 5303 5304
f 5160 5305 5161
f 5160 5304 5305
f 5161 5306 5162
f 5161 5305 5306
f 5162 5307 5163
f 5162 5306 5307
f 5163 5308 5164
f 5163 5307 5308
f 5164 5309 5165
f 5164 5308 5309
f 5165 5310 5166
f 5165 5309 5310
f 5166 5311 5167
f 5166 5310 5311
f 5167 5312 5168
f 5167 5311 5312
f 5168 5313 5169
f 5168 5312 5313
f 5169 5314 5170
f 5169 5313 5314
f 5170 5315 5171
f 5170 5314 5315
f 5171 5316 5172
f 5171 5315 5316
f 5172 5317 5173
f 5172 5316 5317
f 5173 5318 5174
f 5173 5317 5318
f 5174 5319 5175
f 5174 5318 5319
f 5175 5320 5176
f 5175 5319 5320
f 5176 5321 5177
f 5176 5320 5321
f 5177 5322 5178
f 5177 5321 5322
f 5178 5323 5179
f 5178 5322 5323
f 5179 5324 5180
f 5179 5323 5324
f 5180 5325 5181
f 5180 5324 5325
f 5181 5326 5182
f 5181 5325 5326
f 5182 5327 5183
f 5182 5326 5327
f 5183 5328 5184
f 5183 5327 5328
f 5184 5257 5113
f 5184 5328 5257
f 5257 5402 5258
f 5257 5401 5402
f 5258 5403 5259
f 5258 5402 5403
f 5259 5404 5260
f 5259 5403 5404
f 5260 5405 5261
f 5260 5404 5405
f 5261 5406 5262
f 5261 5405 5406
f 5262 5407 5263
f 5262 5406 5407
f 5263 5408 5264
f 5263 5407 5408
f 5264 5409 5265
f 5264 5408 5409
f 5265 5410 5266
f 5265 5409 5410
f 5266 5411 5267
f 5266 5410 5411
f 5267 5412 5268
f 5267 5411 5412
f 5268 5413 5269
f 5268 5412 5413
f 5269 5414 5270
f 5269 5413 5414
f 5270 5415 5271
f 5270 5414 5415
f 5271 5416 5272
f 5271 5415 5416
f 5272 5417 5273
f 5272 5416 5417
f 5273 5418 5274
f 5273 5417 5418
f 5274 5419 5275
f 5274 5418 5419
f 5275 5420 5276
f 5275 5419 5420
f 5276 5421 5277
f 5276 5420 5421
f 5277 5422 5278
f 5277 5421 5422
f 5278 5423 5279
f 5278 5422 5423
f 5279 5424 5280
f 5279 5423 5424
f 5280 5425 5281
f 5280 5424 5425
f 5281 5426 5282
f 5281 5425 5426
f 5282 5427 5283
f 5282 5426 5427
f 5283 5428 5284
f 5283 5427 5428
f 5284 5429 5285
f 5284 5428 5429
f 5285 5430 5286
f 5285 5429 5430
f 5286 5431 5287
f 5286 5430 5431
f 5287 5432 5288
f 5287 5431 5432
f 5288 5433 5289
f 5288 5432 5433
f 5289 5434 5290
f 5289 5433 5434
f 5290 5435 5291
f 5290 5434 5435
f 5291 5436 5292
f 5291 5435 5436
f 5292 5437 5293
f 5292 5436 5437
f 5293 5438 5294
f 5293 5437 5438
f 5294 5439 5295
f 5294 5438 5439
f 5295 5440 5296
f 5295 5439 5440
f 5296 5441 5297
f 5296 5440 5441
f 5297 5442 5298
f 5297 5441 5442
f 5298 5443 5299
f 5298 5442 5443
f 5299 5444 5300
f 5299 5443 5444
f 5300 5445 5301
f 5300 5444 5445
f 5301 5446 5302
f 5301 5445 5446
f 5302 5447 5303
f 5302 5446 5447
f 5303 5448 5304
f 5303 5447 5448
f 5304 5449 5305
f 5304 5448 5449
f 5305 5450 5306
f 5305 5449 5450
f 5306 5451 5307
f 5306 5450 5451
f 5307 5452 5308
f 5307 5451 5452
f 5308 5453 5309
f 5308 5452 5453
f 5309 5454 5310
f 5309 5453 5454
f 5310 5455 5311
f 5310 5454 5455
f 5311 5456 5312
f 5311 5455 5456
f 5312 5457 5313
f 5312 5456 5457
f 5313 5458 5314
f 5313 5457 5458
f 5314 5459 5315
f 5314 5458 5459
f 5315 5460 5316
f 5315 5459 5460
f 5316 5461 5317
f 5316 5460 5461
f 5317 5462 5318
f 5317 5461 5462
f 5318 5463 5319
f 5318 5462 5463
f 5319 5464 5320
f 5319 5463 5464
f 5320 5465 5321
f 5320 5464 5465
f 5321 5466 5322
f 5321 5465 5466
f 5322 5467 5323
f 5322 5466 5467
f 5323 5468 5324
f 5323 5467 5468
f 5324 5469 5325
f 5324 5468 5469
f 5325 5470 5326
f 5325 5469 5470
f 5326 5471 5327
f 5326 5470 5471
f 5327 5472 5328
f 5327 5471 5472
f 5328 5401 5257
f 5328 5472 5401
f 5401 5546 5402
f 5401 5545 5546
f 5402 5547 5403
f 5402 5546 5547
f 5403 5548 5404
f 5403 5547 5548
f 5404 5549 5405
f 5404 5548 5549
f 5405 5550 5406
f 5405 5549 5550
f 5406 5551 5407
f 5406 5550 5551
f 5407 5552 5408
f 5407 5551 5552
f 5408 5553 5409
f 5408 5552 5553
f 5409 5554 5410
f 5409 5553 5554
f 5410 5555 5411
f 5410 5554 5555
f 5411 5556 5412
f 5411 5555 5556
f 5412 5557 5413
f 5412 5556 5557
f 5413 5558 5414
f 5413 5557 5558
f 5414 5559 5415
f 5414 5558 5559
f 5415 5560 5416
f 5415 5559 5560
f 5416 5561 5417
f 5416 5560 5561
f 5417 5562 5418
f 5417 5561 5562
f 5418 5563 5419
f 5418 5562 5563
f 5419 5564 5420
f 5419 5563 5564
f 5420 5565 5421
f 5420 5564 5565
f 5421 5566 5422
f 5421 5565 5566
f 5422 5567 5423
f 5422 5566 5567
f 5423 5568 5424
f 5423 5567 5568
f 5424 5569 5425
f 5424 5568 5569
f 5425 5570 5426
f 5425 5569 5570
f 5426 5571 5427
f 5426 5570 5571
f 5427 5572 5428
f 5427 5571 5572
f 5428 5573 5429
f 5428 5572 5573
f 5429 5574 5430
f 5429 5573 5574
f 5430 5575 5431
f 5430 5574 5575
f 5431 5576 5432
f 5431 5575 5576
f 5432 5577 5433
f 5432 5576 5577
f 5433 5578 5434
f 5433 5577 5578
f 5434 5579 5435
f 5434 5578 5579
f 5435 5580 5436
f 5435 5579 5580
f 5436 5581 5437
f 5436 5580 5581
f 5437 5582 5438
f 5437 5581 5582
f 5438 5583 5439
f 5438 5582 5583
f 5439 5584 5440
f 5439 5583 5584
f 5440 5585 5441
f 5440 5584 5585
f 5441 5586 5442
f 5441 5585 5586
f 5442 5587 5443
f 5442 5586 5587
f 5443 5588 5444
f 5443 5587 5588
f 5444 5589 5445
f 5444 5588 5589
f 5445 5590 5446
f 5445 5589 5590
f 5446 5591 5447
f 5446 5590 5591
f 5447 5592 5448
f 5447 5591 5592
f 5448 5593 5449
f 5448 5592 5593
f 5449 5594 5450
f 5449 5593 5594
f 5450 5595 5451
f 5450 5594 5595
f 5451 5596 5452
f 5451 5595 5596
f 5452 5597 5453
f 5452 5596 5597
f 5453 5598 5454
f 5453 5597 5598
f 5454 5599 5455
f 5454 5598 5599
f 5455 5600 5456
f 5455 5599 5600
f 5456 5601 5457
f 5456 5600 5601
f 5457 5602 5458
f 5457 5601 5602
f 5458 5603 5459
f 5458 5602 5603
f 5459 5604 5460
f 5459 5603 5604
f 5460 5605 5461
f 5460 5604 5605
f 5461 5606 5462
f 5461 5605 5606
f 5462 5607 5463
f 5462 5606 5607
f 5463 5608 5464
f 5463 5607 5608
f 5464 5609 5465
f 5464 5608 5609
f 5465 5610 5466
f 5465 5609 5610
f 5466 5611 5467
f 5466 5610 5611
f 5467 5612 5468
f 5467 5611 5612
f 5468 5613 5469
f 5468 5612 5613
f 5469 5614 5470
f 5469 5613 5614
f 5470 5615 5471
f 5470 5614 5615
f 5471 5616 5472
f 5471 5615 5616
f 5472 5545 5401
f 5472 5616 5545
f 5545 5690 5546
f 5545 5689 5690
f 5546 5691 5547
f 5546 5690 5691
f 5547 5692 5548
f 5547 5691 5692
f 5548 5693 5549
f 5548 5692 5693
f 5549 5694 5550
f 5549 5693 5694
f 5550 5695 5551
f 5550 5694 5695
f 5551 5696 5552
f 5551 5695 5696
f 5552 5697 5553
f 5552 5696 5697
f 5553 5698 5554
f 5553 5697 5698
f 5554 5699 5555
f 5554 5698 5699
f 5555 5700 5556
f 5555 5699 5700
f 5556 5701 5557
f 5556 5700 5701
f 5557 5702 5558
f 5557 5701 5702
f 5558 5703 5559
f 5558 5702 5703
f 5559 5704 5560
f 5559 5703 5704
f 5560 5705 5561
f 5560 5704 5705
f 5561 5706 5562
f 5561 5705 5706
f 5562 5707 5563
f 5562 5706 5707
f 5563 5708 5564
f 5563 5707 5708
f 5564 5709 5565
f 5564 5708 5709
f 5565 5710 5566
f 5565 5709 5710
f 5566 5711 5567
f 5566 5710 5711
f 5567 5712 5568
f 5567 5711 5712
f 5568 5713 5569
f 5568 5712 5713
f 5569 5714 5570
f 5569 5713 5714
f 5570 5715 5571
f 5570 5714 5715
f 5571 5716 5572
f 5571 5715 5716
f 5572 5717 5573
f 5572 5716 5717
f 5573 5718 5574
f 5573 5717 5718
f 5574 5719 5575
f 5574 5718 5719
f 5575 5720 5576
f 5575 5719 5720
f 5576 5721 5577
f 5576 5720 5721
f 5577 5722 5578
f 5577 5721 5722
f 5578 5723 5579
f 5578 5722 5723
f 5579 5724 5580
f 5579 5723 5724
f 5580 5725 5581
f 5580 5724 5725
f 5581 5726 5582
f 5581 5725 5726
f 5582 5727 5583
f 5582 5726 5727
f 5583 5728 5584
f 5583 5727 5728
f 5584 5729 5585
f 5584 5728 5729
f 5585 5730 5586
f 5585 5729 5730
f 5586 5731 5587
f 5586 5730 5731
f 5587 5732 5588
f 5587 5731 5732
f 5588 5733 5589
f 5588 5732 5733
f 5589 5734 5590
f 5589 5733 5734
f 5590 5735 5591
f 5590 5734 5735
f 5591 5736 5592
f 5591 5735 5736
f 5592 5737 5593
f 5592 5736 5737
f 5593 5738 5594
f 5593 5737 5738
f 5594 5739 5595
f 5594 5738 5739
f 5595 5740 5596
f 5595 5739 5740
f 5596 5741 5597
f 5596 5740 5741
f 5597 5742 5598
f 5597 5741 5742
f 5598 5743 5599
f 5598 5742 5743
f 5599 5744 5600
f 5599 5743 5744
f 5600 5745 5601
f 5600 5744 5745
f 5601 5746 5602
f 5601 5745 5746
f 5602 5747 5603
f 5602 5746 5747
f 5603 5748 5604
f 5603 5747 5748
f 5604 5749 5605
f 5604 5748 5749
f 5605 5750 5606
f 5605 5749 5750
f 5606 5751 5607
f 5606 5750 5751
f 5607 5752 5608
f 5607 5751 5752
f 5608 5753 5609
f 5608 5752 5753
f 5609 5754 5610
f 5609 5753 5754
f 5610 5755 5611
f 5610 5754 5755
f 5611 5756 5612
f 5611 5755 5756
f 5612 5757 5613
f 5612 5756 5757
f 5613 5758 5614
f 5613 5757 5758
f 5614 5759 5615
f 5614 5758 5759
f 5615 5760 5616
f 5615 5759 5760
f 5616 5689 5545
f 5616 5760 5689
f 5689 5834 5690
f 5689 5833 5834
f 5690 5835 5691
f 5690 5834 5835
f 5691 5836 5692
f 5691 5835 5836
f 5692 5837 5693
f 5692 5836 5837
f 5693 5838 5694
f 5693 5837 5838
f 5694 5839 5695
f 5694 5838 5839
f 5695 5840 5696
f 5695 5839 5840
f 5696 5841 5697
f 5696 5840 5841
f 5697 5842 5698
f 5697 5841 5842
f 5698 5843 5699
f 5698 5842 5843
f 5699 5844 5700
f 5699 5843 5844
f 5700 5845 5701
f 5700 5844 5845
f 5701 5846 5702
f 5701 5845 5846
f 5702 5847 5703
f 5702 5846 5847
f 5703 5848 5704
f 5703 5847 5848
f 5704 5849 5705
f 5704 5848 5849
f 5705 5850 5706
f 5705 5849 5850
f 5706 5851 5707
f 5706 5850 5851
f 5707 5852 5708
f 5707 5851 5852
f 5708 5853 5709
f 5708 5852 5853
f 5709 5854 5710
f 5709 5853 5854
f 5710 5855 5711
f 5710 5854 5855
f 5711 5856 5712
f 5711 5855 5856
f 5712 5857 5713
f 5712 5856 5857
f 5713 5858 5714
f 5713 5857 5858
f 5714 5859 5715
f 5714 5858 5859
f 5715 5860 5716
f 5715 5859 5860
f 5716 5861 5717
f 5716 5860 5861
f 5717 5862 5718
f 5717 5861 5862
f 5718 5863 5719
f 5718 5862 5863
f 5719 5864 5720
f 5719 5863 5864
f 5720 5865 5721
f 5720 5864 5865
f 5721 5866 5722
f 5721 5865 5866
f 5722 5867 5723
f 5722 5866 5867
f 5723 5868 5724
f 5723 5867 5868
f 5724 5869 5725
f 5724 5868 5869
f 5725 5870 5726
f 5725 5869 5870
f 5726 5871 5727
f 5726 5870 5871
f 5727 5872 5728
f 5727 5871 5872
f 5728 5873 5729
f 5728 5872 5873
f 5729 5874 5730
f 5729 5873 5874
f 5730 5875 5731
f 5730 5874 5875
f 5731 5876 5732
f 5731 5875 5876
f 5732 5877 5733
f 5732 5876 5877
f 5733 5878 5734
f 5733 5877 5878
f 5734 5879 5735
f 5734 5878 5879
f 5735 5880 5736
f 5735 5879 5880
f 5736 5881 5737
f 5736 5880 5881
f 5737 5882 5738
f 5737 5881 5882
f 5738 5883 5739
f 5738 5882 5883
f 5739 5884 5740
f 5739 5883 5884
f 5740 5885 5741
f 5740 5884 5885
f 5741 5886 5742
f 5741 5885 5886
f 5742 5887 5743
f 5742 5886 5887
f 5743 5888 5744
f 5743 5887 5888
f 5744 5889 5745
f 5744 5888 5889
f 5745 5890 5746
f 5745 5889 5890
f 5746 5891 5747
f 5746 5890 5891
f 5747 5892 5748
f 5747 5891 5892
f 5748 5893 5749
f 5748 5892 5893
f 5749 5894 5750
f 5749 5893 5894
f 5750 5895 5751
f 5750 5894 5895
f 5751 5896 5752
f 5751 5895 5896
f 5752 5897 5753
f 5752 5896 5897
f 5753 5898 5754
f 5753 5897 5898
f 5754 5899 5755
f 5754 5898 5899
f 5755 5900 5756
f 5755 5899 5900
f 5756 5901 5757
f 5756 5900 5901
f 5757 5902 5758
f 5757 5901 5902
f 5758 5903 5759
f 5758 5902 5903
f 5759 5904 5760
f 5759 5903 5904
f 5760 5833 5689
f 5760 5904 5833
f 5833 5978 5834
f 5833 5977 5978
f 5834 5979 5835
f 5834 5978 5979
f 5835 5980 5836
f 5835 5979 5980
f 5836 5981 5837
f 5836 5980 5981
f 5837 5982 5838
f 5837 5981 5982
f 5838 5983 5839
f 5838 5982 5983
f 5839 5984 5840
f 5839 5983 5984
f 5840 5985 5841
f 5840 5984 5985
f 5841 5986 5842
f 5841 5985 5986
f 5842 5987 5843
f 5842 5986 5987
f 5843 5988 5844
f 5843 5987 5988
f 5844 5989 5845
f 5844 5988 5989
f 5845 5990 5846
f 5845 5989 5990
f 5846 5991 5847
f 5846 5990 5991
f 5847 5992 5848
f 5847 5991 5992
f 5848 5993 5849
f 5848 5992 5993
f 5849 5994 5850
f 5849 5993 5994
f 5850 5995 5851
f 5850 5994 5995
f 5851 5996 5852
f 5851 5995 5996
f 5852 5997 5853
f 5852 5996 5997
f 5853 5998 5854
f 5853 5997 5998
f 5854 5999 5855
f 5854 5998 5999
f 5855 6000 5856
f 5855 5999 6000
f 5856 6001 5857
f 5856 6000 6001
f 5857 6002 5858
f 5857 6001 6002
f 5858 6003 5859
f 5858 6002 6003
f 5859 6004 5860
f 5859 6003 6004
f 5860 6005 5861
f 5860 6004 6005
f 5861 6006 5862
f 5861 6005 6006
f 5862 6007 5863
f 5862 6006 6007
f 5863 6008 5864
f 5863 6007 6008
f 5864 6009 5865
f 5864 6008 6009
f 5865 6010 5866
f 5865 6009 6010
f 5866 6011 5867
f 5866 6010 6011
f 5867 6012 5868
f 5867 6011 6012
f 5868 6013 5869
f 5868 6012 6013
f 5869 6014 5870
f 5869 6013 6014
f 5870 6015 5871
f 5870 6014 6015
f 5871 6016 5872
f 5871 6015 6016
f 5872 6017 5873
f 5872 6016 6017
f 5873 6018 5874
f 5873 6017 6018
f 5874 6019 5875
f 5874 6018 6019
f 5875 6020 5876
f 5875 6019 6020
f 5876 6021 5877
f 5876 6020 6021
f 5877 6022 5878
f 5877 6021 6022
f 5878 6023 5879
f 5878 6022 6023
f 5879 6024 5880
f 5879 6023 6024
f 5880 6025 5881
f 5880 6024 6025
f 5881 6026 5882
f 5881 6025 6026
f 5882 6027 5883
f 5882 6026 6027
f 5883 6028 5884
f 5883 6027 6028
f 5884 6029 5885
f 5884 6028 6029
f 5885 6030 5886
f 5885 6029 6030
f 5886 6031 5887
f 5886 6030 6031
f 5887 6032 5888
f 5887 6031 6032
f 5888 6033 5889
f 5888 6032 6033
f 5889 6034 5890
f 5889 6033 6034
f 5890 6035 5891
f 5890 6034 6035
f 5891 6036 5892
f 5891 6035 6036
f 5892 6037 5893
f 5892 6036 6037
f 5893 6038 5894
f 5893 6037 6038
f 5894 6039 5895
f 5894 6038 6039
f 5895 6040 5896
f 5895 6039 6040
f 5896 6041 5897
f 5896 6040 6041
f 5897 6042 5898
f 5897 6041 6042
f 5898 6043 5899
f 5898 6042 6043
f 5899 6044 5900
f 5899 6043 6044
f 5900 6045 5901
f 5900 6044 6045
f 5901 6046 5902
f 5901 6045 6046
f 5902 6047 5903
f 5902 6046 6047
f 5903 6048 5904
f 5903 6047 6048
f 5904 5977 5833
f 5904 6048 5977
f 5977 6122 5978
f 5977 6121 6122
f 5978 6123 5979
f 5978 6122 6123
f 5979 6124 5980
f 5979 6123 6124
f 5980 6125 5981
f 5980 6124 6125
f 5981 6126 5982
f 5981 6125 6126
f 5982 6127 5983
f 5982 6126 6127
f 5983 6128 5984
f 5983 6127 6128
f 5984 6129 5985
f 5984 6128 6129
f 5985 6130 5986
f 5985 6129 6130
f 5986 6131 5987
f 5986 6130 6131
f 5987 6132 5988
f 5987 6131 6132
f 5988 6133 5989
f 5988 6132 6133
f 5989 6134 5990
f 5989 6133 6134
f 5990 6135 5991
f 5990 6134 6135
f 5991 6136 5992
f 5991 6135 6136
f 5992 6137 5993
f 5992 6136 6137
f 5993 6138 5994
f 5993 6137 6138
f 5994 6139 5995
f 5994 6138 6139
f 5995 6140 5996
f 5995 6139 6140
f 5996 6141 5997
f 5996 6140 6141
f 5997 6142 5998
f 5997 6141 6142
f 5998 6143 5999
f 5998 6142 6143
f 5999 6144 6000
f 5999 6143 6144
f 6000 6145 6001
f 6000 6144 6145
f 6001 6146 6002
f 6001 6145 6146
f 6002 6147 6003
f 6002 6146 6147
f 6003 6148 6004
f 6003 6147 6148
f 6004 6149 6005
f 6004 6148 6149
f 6005 6150 6006
f 6005 6149 6150
f 6006 6151 6007
f 6006 6150 6151
f 6007 6152 6008
f 6007 6151 6152
f 6008 6153 6009
f 6008 6152 6153
f 6009 6154 6010
f 6009 6153 6154
f 6010 6155 6011
f 6010 6154 6155
f 6011 6156 6012
f 6011 6155 6156
f 6012 6157 6013
f 6012 6156 6157
f 6013 6158 6014
f 6013 6157 6158
f 6014 6159 6015
f 6014 6158 6159
f 6015 6160 6016
f 6015 6159 6160
f 6016 6161 6017
f 6016 6160 6161
f 6017 6162 6018
f 6017 6161 6162
f 6018 6163 6019
f 6018 6162 6163
f 6019 6164 6020
f 6019 6163 6164
f 6020 6165 6021
f 6020 6164 6165
f 6021 6166 6022
f 6021 6165 6166
f 6022 6167 6023
f 6022 6166 6167
f 6023 6168 6024
f 6023 6167 6168
f 6024 6169 6025
f 6024 6168 6169
f 6025 6170 6026
f 6025 6169 6170
f 6026 6171 6027
f 6026 6170 6171
f 6027 6172 6028
f 6027 6171 6172
f 6028 6173 6029
f 6028 6172 6173
f 6029 6174 6030
f 6029 6173 6174
f 6030 6175 6031
f 6030 6174 6175
f 6031 6176 6032
f 6031 6175 6176
f 6032 6177 6033
f 6032 6176 6177
f 6033 6178 6034
f 6033 6177 6178
f 6034 6179 6035
f 6034 6178 6179
f 6035 6180 6036
f 6035 6179 6180
f 6036 6181 6037
f 6036 6180 6181
f 6037 6182 6038
f 6037 6181 6182
f 6038 6183 6039
f 6038 6182 6183
f 6039 6184 6040
f 6039 6183 6184
f 6040 6185 6041
f 6040 6184 6185
f 6041 6186 6042
f 6041 6185 6186
f 6042 6187 6043
f 6042 6186 6187
f 6043 6188 6044
f 6043 6187 6188
f 6044 6189 6045
f 6044 6188 6189
f 6045 6190 6046
f 6045 6189 6190
f 6046 6191 6047
f 6046 6190 6191
f 6047 6192 6048
f 6047 6191 6192
f 6048 6121 5977
f 6048 6192 6121
f 6121 6266 6122
f 6121 6265 6266
f 6122 6267 6123
f 6122 6266 6267
f 6123 6268 6124
f 6123 6267 6268
f 6124 6269 6125
f 6124 6268 6269
f 6125 6270 6126
f 6125 6269 6270
f 6126 6271 6127
f 6126 6270 6271
f 6127 6272 6128
f 6127 6271 6272
f 6128 6273 6129
f 6128 6272 6273
f 6129 6274 6130
f 6129 6273 6274
f 6130 6275 6131
f 6130 6274 6275
f 6131 6276 6132
f 6131 6275 6276
f 6132 6277 6133
f 6132 6276 6277
f 6133 6278 6134
f 6133 6277 6278
f 6134 6279 6135
f 6134 6278 6279
f 6135 6280 6136
f 6135 6279 6280
f 6136 6281 6137
f 6136 6280 6281
f 6137 6282 6138
f 6137 6281 6282
f 6138 6283 6139
f 6138 6282 6283
f 6139 6284 6140
f 6139 6283 6284
f 6140 6285 6141
f 6140 6284 6285
f 6141 6286 6142
f 6141 6285 6286
f 6142 6287 6143
f 6142 6286 6287
f 6143 6288 6144
f 6143 6287 6288
f 6144 6289 6145
f 6144 6288 6289
f 6145 6290 6146
f 6145 6289 6290
f 6146 6291 6147
f 6146 6290 6291
f 6147 6292 6148
f 6147 6291 6292
f 6148 6293 6149
f 6148 6292 6293
f 6149 6294 6150
f 6149 6293 6294
f 6150 6295 6151
f 6150 6294 6295
f 6151 6296 6152
f 6151 6295 6296
f 6152 6297 6153
f 6152 6296 6297
f 6153 6298 6154
f 6153 6297 6298
f 6154 6299 6155
f 6154 6298 6299
f 6155 6300 6156
f 6155 6299 6300
f 6156 6301 6157
f 6156 6300 6301
f 6157 6302 6158
f 6157 6301 6302
f 6158 6303 6159
f 6158 6302 6303
f 6159 6304 6160
f 6159 6303 6304
f 6160 6305 6161
f 6160 6304 6305
f 6161 6306 6162
f 6161 6305 6306
f 6162 6307 6163
f 6162 6306 6307
f 6163 6308 6164
f 6163 6307 6308
f 6164 6309 6165
f 6164 6308 6309
f 6165 6310 6166
f 6165 6309 6310
f 6166 6311 6167
f 6166 6310 6311
f 6167 6312 6168
f 6167 6311 6312
f 6168 6313 6169
f 6168 6312 6313
f 6169 6314 6170
f 6169 6313 6314
f 6170 6315 6171
f 6170 6314 6315
f 6171 6316 6172
f 6171 6315 6316
f 6172 6317 6173
f 6172 6316 6317
f 6173 6318 6174
f 6173 6317 6318
f 6174 6319 6175
f 6174 6318 6319
f 6175 6320 6176
f 6175 6319 6320
f 6176 6321 6177
f 6176 6320 6321
f 6177 6322 6178
f 6177 6321 6322
f 6178 6323 6179
f 6178 6322 6323
f 6179 6324 6180
f 6179 6323 6324
f 6180 6325 6181
f 6180 6324 6325
f 6181 6326 6182
f 6181 6325 6326
f 6182 6327 6183
f 6182 6326 6327
f 6183 6328 6184
f 6183 6327 6328
f 6184 6329 6185
f 6184 6328 6329
f 6185 6330 6186
f 6185 6329 6330
f 6186 6331 6187
f 6186 6330 6331
f 6187 6332 6188
f 6187 6331 6332
f 6188 6333 6189
f 6188 6332 6333
f 6189 6334 6190
f 6189 6333 6334
f 6190 6335 6191
f 6190 6334 6335
f 6191 6336 6192
f 6191 6335 6336
f 6192 6265 6121
f 6192 6336 6265
f 6265 6410 6266
f 6265 6409 6410
f 6266 6411 6267
f 6266 6410 6411
f 6267 6412 6268
f 6267 6411 6412
f 6268 6413 6269
f 6268 6412 6413
f 6269 6414 6270
f 6269 6413 6414
f 6270 6415 6271
f 6270 6414 6415
f 6271 6416 6272
f 6271 6415 6416
f 6272 6417 6273
f 6272 6416 6417
f 6273 6418 6274
f 6273 6417 6418
f 6274 6419 6275
f 6274 6418 6419
f 6275 6420 6276
f 6275 6419 6420
f 6276 6421 6277
f 6276 6420 6421
f 6277 6422 6278
f 6277 6421 6422
f 6278 6423 6279
f 6278 6422 6423
f 6279 6424 6280
f 6279 6423 6424
f 6280 6425 6281
f 6280 6424 6425
f 6281 6426 6282
f 6281 6425 6426
f 6282 6427 6283
f 6282 6426 6427
f 6283 6428 6284
f 6283 6427 6428
f 6284 6429 6285
f 6284 6428 6429
f 6285 6430 6286
f 6285 6429 6430
f 6286 6431 6287
f 6286 6430 6431
f 6287 6432 6288
f 6287 6431 6432
f 6288 6433 6289
f 6288 6432 6433
f 6289 6434 6290
f 6289 6433 6434
f 6290 6435 6291
f 6290 6434 6435
f 6291 6436 6292
f 6291 6435 6436
f 6292 6437 6293
f 6292 6436 6437
f 6293 6438 6294
f 6293 6437 6438
f 6294 6439 6295
f 6294 6438 6439
f 6295 6440 6296
f 6295 6439 6440
f 6296 6441 6297
f 6296 6440 6441
f 6297 6442 6298
f 6297 6441 6442
f 6298 6443 6299
f 6298 6442 6443
f 6299 6444 6300
f 6299 6443 6444
f 6300 6445 6301
f 6300 6444 6445
f 6301 6446 6302
f 6301 6445 6446
f 6302 6447 6303
f 6302 6446 6447
f 6303 6448 6304
f 6303 6447 6448
f 6304 6449 6305
f 6304 6448 6449
f 6305 6450 6306
f 6305 6449 6450
f 6306 6451 6307
f 6306 6450 6451
f 6307 6452 6308
f 6307 6451 6452
f 6308 6453 6309
f 6308 6452 6453
f 6309 6454 6310
f 6309 6453 6454
f 6310 6455 6311
f 6310 6454 6455
f 6311 6456 6312
f 6311 6455 6456
f 6312 6457 6313
f 6312 6456 6457
f 6313 6458 6314
f 6313 6457 6458
f 6314 6459 6315
f 6314 6458 6459
f 6315 6460 6316
f 6315 6459 6460
f 6316 6461 6317
f 6316 6460 6461
f 6317 6462 6318
f 6317 6461 6462
f 6318 6463 6319
f 6318 6462 6463
f 6319 6464 6320
f 6319 6463 6464
f 6320 6465 6321
f 6320 6464 6465
f 6321 6466 6322
f 6321 6465 6466
f 6322 6467 6323
f 6322 6466 6467
f 6323 6468 6324
f 6323 6467 6468
f 6324 6469 6325
f 6324 6468 6469
f 6325 6470 6326
f 6325 6469 6470
f 6326 6471 6327
f 6326 6470 6471
f 6327 6472 6328
f 6327 6471 6472
f 6328 6473 6329
f 6328 6472 6473
f 6329 6474 6330
f 6329 6473 6474
f 6330 6475 6331
f 6330 6474 6475
f 6331 6476 6332
f 6331 6475 6476
f 6332 6477 6333
f 6332 6476 6477
f 6333 6478 6334
f 6333 6477 6478
f 6334 6479 6335
f 6334 6478 6479
f 6335 6480 6336
f 6335 6479 6480
f 6336 6409 6265
f 6336 6480 6409
f 6409 6554 6410
f 6409 6553 6554
f 6410 6555 6411
f 6410 6554 6555
f 6411 6556 6412
f 6411 6555 6556
f 6412 6557 6413
f 6412 6556 6557
f 6413 6558 6414
f 6413 6557 6558
f 6414 6559 6415
f 6414 6558 6559
f 6415 6560 6416
f 6415 6559 6560
f 6416 6561 6417
f 6416 6560 6561
f 6417 6562 6418
f 6417 6561 6562
f 6418 6563 6419
f 6418 6562 6563
f 6419 6564 6420
f 6419 6563 6564
f 6420 6565 6421
f 6420 6564 6565
f 6421 6566 6422
f 6421 6565 6566
f 6422 6567 6423
f 6422 6566 6567
f 6423 6568 6424
f 6423 6567 6568
f 6424 6569 6425
f 6424 6568 6569
f 6425 6570 6426
f 6425 6569 6570
f 6426 6571 6427
f 6426 6570 6571
f 6427 6572 6428
f 6427 6571 6572
f 6428 6573 6429
f 6428 6572 6573
f 6429 6574 6430
f 6429 6573 6574
f 6430 6575 6431
f 6430 6574 6575
f 6431 6576 6432
f 6431 6575 6576
f 6432 6577 6433
f 6432 6576 6577
f 6433 6578 6434
f 6433 6577 6578
f 6434 6579 6435
f 6434 6578 6579
f 6435 6580 6436
f 6435 6579 6580
f 6436 6581 6437
f 6436 6580 6581
f 6437 6582 6438
f 6437 6581 6582
f 6438 6583 6439
f 6438 6582 6583
f 6439 6584 6440
f 6439 6583 6584
f 6440 6585 6441
f 6440 6584 6585
f 6441 6586 6442
f 6441 6585 6586
f 6442 6587 6443
f 6442 6586 6587
f 6443 6588 6444
f 6443 6587 6588
f 6444 6589 6445
f 6444 6588 6589
f 6445 6590 6446
f 6445 6589 6590
f 6446 6591 6447
f 6446 6590 6591
f 6447 6592 6448
f 6447 6591 6592
f 6448 6593 6449
f 6448 6592 6593
f 6449 6594 6450
f 6449 6593 6594
f 6450 6595 6451
f 6450 6594 6595
f 6451 6596 6452
f 6451 6595 6596
f 6452 6597 6453
f 6452 6596 6597
f 6453 6598 6454
f 6453 6597 6598
f 6454 6599 6455
f 6454 6598 6599
f 6455 6600 6456
f 6455 6599 6600
f 6456 6601 6457
f 6456 6600 6601
f 6457 6602 6458
f 6457 6601 6602
f 6458 6603 6459
f 6458 6602 6603
f 6459 6604 6460
f 6459 6603 6604
f 6460 6605 6461
f 6460 6604 6605
f 6461 6606 6462
f 6461 6605 6606
f 6462 6607 6463
f 6462 6606 6607
f 6463 6608 6464
f 6463 6607 6608
f 6464 6609 6465
f 6464 6608 6609
f 6465 6610 6466
f 6465 6609 6610
f 6466 6611 6467
f 6466 6610 6611
f 6467 6612 6468
f 6467 6611 6612
f 6468 6613 6469
f 6468 6612 6613
f 6469 6614 6470
f 6469 6613 6614
f 6470 6615 6471
f 6470 6614 6615
f 6471 6616 6472
f 6471 6615 6616
f 6472 6617 6473
f 6472 6616 6617
f 6473 6618 6474
f 6473 6617 6618
f 6474 6619 6475
f 6474 6618 6619
f 6475 6620 6476
f 6475 6619 6620
f 6476 6621 6477
f 6476 6620 6621
f 6477 6622 6478
f 6477 6621 6622
f 6478 6623 6479
f 6478 6622 6623
f 6479 6624 6480
f 6479 6623 6624
f 6480 6553 6409
f 6480 6624 6553
f 6553 6698 6554
f 6553 6697 6698
f 6554 6699 6555
f 6554 6698 6699
f 6555 6700 6556
f 6555 6699 6700
f 6556 6701 6557
f 6556 6700 6701
f 6557 6702 6558
f 6557 6701 6702
f 6558 6703 6559
f 6558 6702 6703
f 6559 6704 6560
f 6559 6703 6704
f 6560 6705 6561
f 6560 6704 6705
f 6561 6706 6562
f 6561 6705 6706
f 6562 6707 6563
f 6562 6706 6707
f 6563 6708 6564
f 6563 6707 6708
f 6564 6709 6565
f 6564 6708 6709
f 6565 6710 6566
f 6565 6709 6710
f 6566 6711 6567
f 6566 6710 6711
f 6567 6712 6568
f 6567 6711 6712
f 6568 6713 6569
f 6568 6712 6713
f 6569 6714 6570
f 6569 6713 6714
f 6570 6715 6571
f 6570 6714 6715
f 6571 6716 6572
f 6571 6715 6716
f 6572 6717 6573
f 6572 6716 6717
f 6573 6718 6574
f 6573 6717 6718
f 6574 6719 6575
f 6574 6718 6719
f 6575 6720 6576
f 6575 6719 6720
f 6576 6721 6577
f 6576 6720 6721
f 6577 6722 6578
f 6577 6721 6722
f 6578 6723 6579
f 6578 6722 6723
f 6579 6724 6580
f 6579 6723 6724
f 6580 6725 6581
f 6580 6724 6725
f 6581 6726 6582
f 6581 6725 6726
f 6582 6727 6583
f 6582 6726 6727
f 6583 6728 6584
f 6583 6727 6728
f 6584 6729 6585
f 6584 6728 6729
f 6585 6730 6586
f 6585 6729 6730
f 6586 6731 6587
f 6586 6730 6731
f 6587 6732 6588
f 6587 6731 6732
f 6588 6733 6589
f 6588 6732 6733
f 6589 6734 6590
f 6589 6733 6734
f 6590 6735 6591
f 6590 6734 6735
f 6591 6736 6592
f 6591 6735 6736
f 6592 6737 6593
f 6592 6736 6737
f 6593 6738 6594
f 6593 6737 6738
f 6594 6739 6595
f 6594 6738 6739
f 6595 6740 6596
f 6595 6739 6740
f 6596 6741 6597
f 6596 6740 6741
f 6597 6742 6598
f 6597 6741 6742
f 6598 6743 6599
f 6598 6742 6743
f 6599 6744 6600
f 6599 6743 6744
f 6600 6745 6601
f 6600 6744 6745
f 6601 6746 6602
f 6601 6745 6746
f 6602 6747 6603
f 6602 6746 6747
f 6603 6748 6604
f 6603 6747 6748
f 6604 6749 6605
f 6604 6748 6749
f 6605 6750 6606
f 6605 6749 6750
f 6606 6751 6607
f 6606 6750 6751
f 6607 6752 6608
f 6607 6751 6752
f 6608 6753 6609
f 6608 6752 6753
f 6609 6754 6610
f 6609 6753 6754
f 6610 6755 6611
f 6610 6754 6755
f 6611 6756 6612
f 6611 6755 6756
f 6612 6757 6613
f 6612 6756 6757
f 6613 6758 6614
f 6613 6757 6758
f 6614 6759 6615
f 6614 6758 6759
f 6615 6760 6616
f 6615 6759 6760
f 6616 6761 6617
f 6616 6760 6761
f 6617 6762 6618
f 6617 6761 6762
f 6618 6763 6619
f 6618 6762 6763
f 6619 6764 6620
f 6619 6763 6764
f 6620 6765 6621
f 6620 6764 6765
f 6621 6766 6622
f 6621 6765 6766
f 6622 6767 6623
f 6622 6766 6767
f 6623 6768 6624
f 6623 6767 6768
f 6624 6697 6553
f 6624 6768 6697
f 6697 6842 6698
f 6697 6841 6842
f 6698 6843 6699
f 6698 6842 6843
f 6699 6844 6700
f 6699 6843 6844
f 6700 6845 6701
f 6700 6844 6845
f 6701 6846 6702
f 6701 6845 6846
f 6702 6847 6703
f 6702 6846 6847
f 6703 6848 6704
f 6703 6847 6848
f 6704 6849 6705
f 6704 6848 6849
f 6705 6850 6706
f 6705 6849 6850
f 6706 6851 6707
f 6706 6850 6851
f 6707 6852 6708
f 6707 6851 6852
f 6708 6853 6709
f 6708 6852 6853
f 6709 6854 6710
f 6709 6853 6854
f 6710 6855 6711
f 6710 6854 6855
f 6711 6856 6712
f 6711 6855 6856
f 6712 6857 6713
f 6712 6856 6857
f 6713 6858 6714
f 6713 6857 6858
f 6714 6859 6715
f 6714 6858 6859
f 6715 6860 6716
f 6715 6859 6860
f 6716 6861 6717
f 6716 6860 6861
f 6717 6862 6718
f 6717 6861 6862
f 6718 6863 6719
f 6718 6862 6863
f 6719 6864 6720
f 6719 6863 6864
f 6720 6865 6721
f 6720 6864 6865
f 6721 6866 6722
f 6721 6865 6866
f 6722 6867 6723
f 6722 6866 6867
f 6723 6868 6724
f 6723 6867 6868
f 6724 6869 6725
f 6724 6868 6869
f 6725 6870 6726
f 6725 6869 6870
f 6726 6871 6727
f 6726 6870 6871
f 6727 6872 6728
f 6727 6871 6872
f 6728 6873 6729
f 6728 6872 6873
f 6729 6874 6730
f 6729 6873 6874
f 6730 6875 6731
f 6730 6874 6875
f 6731 6876 6732
f 6731 6875 6876
f 6732 6877 6733
f 6732 6876 6877
f 6733 6878 6734
f 6733 6877 6878
f 6734 6879 6735
f 6734 6878 6879
f 6735 6880 6736
f 6735 6879 6880
f 6736 6881 6737
f 6736 6880 6881
f 6737 6882 6738
f 6737 6881 6882
f 6738 6883 6739
f 6738 6882 6883
f 6739 6884 6740
f 6739 6883 6884
f 6740 6885 6741
f 6740 6884 6885
f 6741 6886 6742
f 6741 6885 6886
f 6742 6887 6743
f 6742 6886 6887
f 6743 6888 6744
f 6743 6887 6888
f 6744 6889 6745
f 6744 6888 6889
f 6745 6890 6746
f 6745 6889 6890
f 6746 6891 6747
f 6746 6890 6891
f 6747 6892 6748
f 6747 6891 6892
f 6748 6893 6749
f 6748 6892 6893
f 6749 6894 6750
f 6749 6893 6894
f 6750 6895 6751
f 6750 6894 6895
f 6751 6896 6752
f 6751 6895 6896
f 6752 6897 6753
f 6752 6896 6897
f 6753 6898 6754
f 6753 6897 6898
f 6754 6899 6755
f 6754 6898 6899
f 6755 6900 6756
f 6755 6899 6900
f 6756 6901 6757
f 6756 6900 6901
f 6757 6902 6758
f 6757 6901 6902
f 6758 6903 6759
f 6758 6902 6903
f 6759 6904 6760
f 6759 6903 6904
f 6760 6905 6761
f 6760 6904 6905
f 6761 6906 6762
f 6761 6905 6906
f 6762 6907 6763
f 6762 6906 6907
f 6763 6908 6764
f 6763 6907 6908
f 6764 6909 6765
f 6764 6908 6909
f 6765 6910 6766
f 6765 6909 6910
f 6766 6911 6767
f 6766 6910 6911
f 6767 6912 6768
f 6767 6911 6912
f 6768 6841 6697
f 6768 6912 6841
f 6841 6986 6842
f 6841 6985 6986
f 6842 6987 6843
f 6842 6986 6987
f 6843 6988 6844
f 6843 6987 6988
f 6844 6989 6845
f 6844 6988 6989
f 6845 6990 6846
f 6845 6989 6990
f 6846 6991 6847
f 6846 6990 6991
f 6847 6992 6848
f 6847 6991 6992
f 6848 6993 6849
f 6848 6992 6993
f 6849 6994 6850
f 6849 6993 6994
f 6850 6995 6851
f 6850 6994 6995
f 6851 6996 6852
f 6851 6995 6996
f 6852 6997 6853
f 6852 6996 6997
f 6853 6998 6854
f 6853 6997 6998
f 6854 6999 6855
f 6854 6998 6999
f 6855 7000 6856
f 6855 6999 7000
f 6856 7001 6857
f 6856 7000 7001
f 6857 7002 6858
f 6857 7001 7002
f 6858 7003 6859
f 6858 7002 7003
f 6859 7004 6860
f 6859 7003 7004
f 6860 7005 6861
f 6860 7004 7005
f 6861 7006 6862
f 6861 7005 7006
f 6862 7007 6863
f 6862 7006 7007
f 6863 7008 6864
f 6863 7007 7008
f 6864 7009 6865
f 6864 7008 7009
f 6865 7010 6866
f 6865 7009 7010
f 6866 7011 6867
f 6866 7010 7011
f 6867 7012 6868
f 6867 7011 7012
f 6868 7013 6869
f 6868 7012 7013
f 6869 7014 6870
f 6869 7013 7014
f 6870 7015 6871
f 6870 7014 7015
f 6871 7016 6872
f 6871 7015 7016
f 6872 7017 6873
f 6872 7016 7017
f 6873 7018 6874
f 6873 7017 7018
f 6874 7019 6875
f 6874 7018 7019
f 6875 7020 6876
f 6875 7019 7020
f 6876 7021 6877
f 6876 7020 7021
f 6877 7022 6878
f 6877 7021 7022
f 6878 7023 6879
f 6878 7022 7023
f 6879 7024 6880
f 6879 7023 7024
f 6880 7025 6881
f 6880 7024 7025
f 6881 7026 6882
f 6881 7025 7026
f 6882 7027 6883
f 6882 7026 7027
f 6883 7028 6884
f 6883 7027 7028
f 6884 7029 6885
f 6884 7028 7029
f 6885 7030 6886
f 6885 7029 7030
f 6886 7031 6887
f 6886 7030 7031
f 6887 7032 6888
f 6887 7031 7032
f 6888 7033 6889
f 6888 7032 7033
f 6889 7034 6890
f 6889 7033 7034
f 6890 7035 6891
f 6890 7034 7035
f 6891 7036 6892
f 6891 7035 7036
f 6892 7037 6893
f 6892 7036 7037
f 6893 7038 6894
f 6893 7037 7038
f 6894 7039 6895
f 6894 7038 7039
f 6895 7040 6896
f 6895 7039 7040
f 6896 7041 6897
f 6896 7040 7041
f 6897 7042 6898
f 6897 7041 7042
f 6898 7043 6899
f 6898 7042 7043
f 6899 7044 6900
f 6899 7043 7044
f 6900 7045 6901
f 6900 7044 7045
f 6901 7046 6902
f 6901 7045 7046
f 6902 7047 6903
f 6902 7046 7047
f 6903 7048 6904
f 6903 7047 7048
f 6904 7049 6905
f 6904 7048 7049
f 6905 7050 6906
f 6905 7049 7050
f 6906 7051 6907
f 6906 7050 7051
f 6907 7052 6908
f 6907 7051 7052
f 6908 7053 6909
f 6908 7052 7053
f 6909 7054 6910
f 6909 7053 7054
f 6910 7055 6911
f 6910 7054 7055
f 6911 7056 6912
f 6911 7055 7056
f 6912 6985 6841
f 6912 7056 6985
f 6985 7130 6986
f 6985 7129 7130
f 6986 7131 6987
f 6986 7130 7131
f 6987 7132 6988
f 6987 7131 7132
f 6988 7133 6989
f 6988 7132 7133
f 6989 7134 6990
f 6989 7133 7134
f 6990 7135 6991
f 6990 7134 7135
f 6991 7136 6992
f 6991 7135 7136
f 6992 7137 6993
f 6992 7136 7137
f 6993 7138 6994
f 6993 7137 7138
f 6994 7139 6995
f 6994 7138 7139
f 6995 7140 6996
f 6995 7139 7140
f 6996 7141 6997
f 6996 7140 7141
f 6997 7142 6998
f 6997 7141 7142
f 6998 7143 6999
f 6998 7142 7143
f 6999 7144 7000
f 6999 7143 7144
f 7000 7145 7001
f 7000 7144 7145
f 7001 7146 7002
f 7001 7145 7146
f 7002 7147 7003
f 7002 7146 7147
f 7003 7148 7004
f 7003 7147 7148
f 7004 7149 7005
f 7004 7148 7149
f 7005 7150 7006
f 7005 7149 7150
f 7006 7151 7007
f 7006 7150 7151
f 7007 7152 7008
f 7007 7151 7152
f 7008 7153 7009
f 7008 7152 7153
f 7009 7154 7010
f 7009 7153 7154
f 7010 7155 7011
f 7010 7154 7155
f 7011 7156 7012
f 7011 7155 7156
f 7012 7157 7013
f 7012 7156 7157
f 7013 7158 7014
f 7013 7157 7158
f 7014 7159 7015
f 7014 7158 7159
f 7015 7160 7016
f 7015 7159 7160
f 7016 7161 7017
f 7016 7160 7161
f 7017 7162 7018
f 7017 7161 7162
f 7018 7163 7019
f 7018 7162 7163
f 7019 7164 7020
f 7019 7163 7164
f 7020 7165 7021
f 7020 7164 7165
f 7021 7166 7022
f 7021 7165 7166
f 7022 7167 7023
f 7022 7166 7167
f 7023 7168 7024
f 7023 7167 7168
f 7024 7169 7025
f 7024 7168 7169
f 7025 7170 7026
f 7025 7169 7170
f 7026 7171 7027
f 7026 7170 7171
f 7027 7172 7028
f 7027 7171 7172
f 7028 7173 7029
f 7028 7172 7173
f 7029 7174 7030
f 7029 7173 7174
f 7030 7175 7031
f 7030 7174 7175
f 7031 7176 7032
f 7031 7175 7176
f 7032 7177 7033
f 7032 7176 7177
f 7033 7178 7034
f 7033 7177 7178
f 7034 7179 7035
f 7034 7178 7179
f 7035 7180 7036
f 7035 7179 7180
f 7036 7181 7037
f 7036 7180 7181
f 7037 7182 7038
f 7037 7181 7182
f 7038 7183 7039
f 7038 7182 7183
f 7039 7184 7040
f 7039 7183 7184
f 7040 7185 7041
f 7040 7184 7185
f 7041 7186 7042
f 7041 7185 7186
f 7042 7187 7043
f 7042 7186 7187
f 7043 7188 7044
f 7043 7187 7188
f 7044 7189 7045
f 7044 7188 7189
f 7045 7190 7046
f 7045 7189 7190
f 7046 7191 7047
f 7046 7190 7191
f 7047 7192 7048
f 7047 7191 7192
f 7048 7193 7049
f 7048 7192 7193
f 7049 7194 7050
f 7049 7193 7194
f 7050 7195 7051
f 7050 7194 7195
f 7051 7196 7052
f 7051 7195 7196
f 7052 7197 7053
f 7052 7196 7197
f 7053 7198 7054
f 7053 7197 7198
f 7054 7199 7055
f 7054 7198 7199
f 7055 7200 7056
f 7055 7199 7200
f 7056 7129 6985
f 7056 7200 7129
f 7129 7274 7130
f 7129 7273 7274
f 7130 7275 7131
f 7130 7274 7275
f 7131 7276 7132
f 7131 7275 7276
f 7132 7277 7133
f 7132 7276 7277
f 7133 7278 7134
f 7133 7277 7278
f 7134 7279 7135
f 7134 7278 7279
f 7135 7280 7136
f 7135 7279 7280
f 7136 7281 7137
f 7136 7280 7281
f 7137 7282 7138
f 7137 7281 7282
f 7138 7283 7139
f 7138 7282 7283
f 7139 7284 7140
f 7139 7283 7284
f 7140 7285 7141
f 7140 7284 7285
f 7141 7286 7142
f 7141 7285 7286
f 7142 7287 7143
f 7142 7286 7287
f 7143 7288 7144
f 7143 7287 7288
f 7144 7289 7145
f 7144 7288 7289
f 7145 7290 7146
f 7145 7289 7290
f 7146 7291 7147
f 7146 7290 7291
f 7147 7292 7148
f 7147 7291 7292
f 7148 7293 7149
f 7148 7292 7293
f 7149 7294 7150
f 7149 7293 7294
f 7150 7295 7151
f 7150 7294 7295
f 7151 7296 7152
f 7151 7295 7296
f 7152 7297 7153
f 7152 7296 7297
f 7153 7298 7154
f 7153 7297 7298
f 7154 7299 7155
f 7154 7298 7299
f 7155 7300 7156
f 7155 7299 7300
f 7156 7301 7157
f 7156 7300 7301
f 7157 7302 7158
f 7157 7301 7302
f 7158 7303 7159
f 7158 7302 7303
f 7159 7304 7160
f 7159 7303 7304
f 7160 7305 7161
f 7160 7304 7305
f 7161 7306 7162
f 7161 7305 7306
f 7162 7307 7163
f 7162 7306 7307
f 7163 7308 7164
f 7163 7307 7308
f 7164 7309 7165
f 7164 7308 7309
f 7165 7310 7166
f 7165 7309 7310
f 7166 7311 7167
f 7166 7310 7311
f 7167 7312 7168
f 7167 7311 7312
f 7168 7313 7169
f 7168 7312 7313
f 7169 7314 7170
f 7169 7313 7314
f 7170 7315 7171
f 7170 7314 7315
f 7171 7316 7172
f 7171 7315 7316
f 7172 7317 7173
f 7172 7316 7317
f 7173 7318 7174
f 7173 7317 7318
f 7174 7319 7175
f 7174 7318 7319
f 7175 7320 7176
f 7175 7319 7320
f 7176 7321 7177
f 7176 7320 7321
f 7177 7322 7178
f 7177 7321 7322
f 7178 7323 7179
f 7178 7322 7323
f 7179 7324 7180
f 7179 7323 7324
f 7180 7325 7181
f 7180 7324 7325
f 7181 7326 7182
f 7181 7325 7326
f 7182 7327 7183
f 7182 7326 7327
f 7183 7328 7184
f 7183 7327 7328
f 7184 7329 7185
f 7184 7328 7329
f 7185 7330 7186
f 7185 7329 7330
f 7186 7331 7187
f 7186 7330 7331
f 7187 7332 7188
f 7187 7331 7332
f 7188 7333 7189
f 7188 7332 7333
f 7189 7334 7190
f 7189 7333 7334
f 7190 7335 7191
f 7190 7334 7335
f 7191 7336 7192
f 7191 7335 7336
f 7192 7337 7193
f 7192 7336 7337
f 7193 7338 7194
f 7193 7337 7338
f 7194 7339 7195
f 7194 7338 7339
f 7195 7340 7196
f 7195 7339 7340
f 7196 7341 7197
f 7196 7340 7341
f 7197 7342 7198
f 7197 7341 7342
f 7198 7343 7199
f 7198 7342 7343
f 7199 7344 7200
f 7199 7343 7344
f 7200 7273 7129
f 7200 7344 7273
f 7273 7418 7274
f 7273 7417 7418
f 7274 7419 7275
f 7274 7418 7419
f 7275 7420 7276
f 7275 7419 7420
f 7276 7421 7277
f 7276 7420 7421
f 7277 7422 7278
f 7277 7421 7422
f 7278 7423 7279
f 7278 7422 7423
f 7279 7424 7280
f 7279 7423 7424
f 7280 7425 7281
f 7280 7424 7425
f 7281 7426 7282
f 7281 7425 7426
f 7282 7427 7283
f 7282 7426 7427
f 7283 7428 7284
f 7283 7427 7428
f 7284 7429 7285
f 7284 7428 7429
f 7285 7430 7286
f 7285 7429 7430
f 7286 7431 7287
f 7286 7430 7431
f 7287 7432 7288
f 7287 7431 7432
f 7288 7433 7289
f 7288 7432 7433
f 7289 7434 7290
f 7289 7433 7434
f 7290 7435 7291
f 7290 7434 7435
f 7291 7436 7292
f 7291 7435 7436
f 7292 7437 7293
f 7292 7436 7437
f 7293 7438 7294
f 7293 7437 7438
f 7294 7439 7295
f 7294 7438 7439
f 7295 7440 7296
f 7295 7439 7440
f 7296 7441 7297
f 7296 7440 7441
f 7297 7442 7298
f 7297 7441 7442
f 7298 7443 7299
f 7298 7442 7443
f 7299 7444 7300
f 7299 7443 7444
f 7300 7445 7301
f 7300 7444 7445
f 7301 7446 7302
f 7301 7445 7446
f 7302 7447 7303
f 7302 7446 7447
f 7303 7448 7304
f 7303 7447 7448
f 7304 7449 7305
f 7304 7448 7449
f 7305 7450 7306
f 7305 7449 7450
f 7306 7451 7307
f 7306 7450 7451
f 7307 7452 7308
f 7307 7451 7452
f 7308 7453 7309
f 7308 7452 7453
f 7309 7454 7310
f 7309 7453 7454
f 7310 7455 7311
f 7310 7454 7455
f 7311 7456 7312
f 7311 7455 7456
f 7312 7457 7313
f 7312 7456 7457
f 7313 7458 7314
f 7313 7457 7458
f 7314 7459 7315
f 7314 7458 7459
f 7315 7460 7316
f 7315 7459 7460
f 7316 7461 7317
f 7316 7460 7461
f 7317 7462 7318
f 7317 7461 7462
f 7318 7463 7319
f 7318 7462 7463
f 7319 7464 7320
f 7319 7463 7464
f 7320 7465 7321
f 7320 7464 7465
f 7321 7466 7322
f 7321 7465 7466
f 7322 7467 7323
f 7322 7466 7467
f 7323 7468 7324
f 7323 7467 7468
f 7324 7469 7325
f 7324 7468 7469
f 7325 7470 7326
f 7325 7469 7470
f 7326 7471 7327
f 7326 7470 7471
f 7327 7472 7328
f 7327 7471 7472
f 7328 7473 7329
f 7328 7472 7473
f 7329 7474 7330
f 7329 7473 7474
f 7330 7475 7331
f 7330 7474 7475
f 7331 7476 7332
f 7331 7475 7476
f 7332 7477 7333
f 7332 7476 7477
f 7333 7478 7334
f 7333 7477 7478
f 7334 7479 7335
f 7334 7478 7479
f 7335 7480 7336
f 7335 7479 7480
f 7336 7481 7337
f 7336 7480 7481
f 7337 7482 7338
f 7337 7481 7482
f 7338 7483 7339
f 7338 7482 7483
f 7339 7484 7340
f 7339 7483 7484
f 7340 7485 7341
f 7340 7484 7485
f 7341 7486 7342
f 7341 7485 7486
f 7342 7487 7343
f 7342 7486 7487
f 7343 7488 7344
f 7343 7487 7488
f 7344 7417 7273
f 7344 7488 7417
f 7417 7562 7418
f 7417 7561 7562
f 7418 7563 7419
f 7418 7562 7563
f 7419 7564 7420
f 7419 7563 7564
f 7420 7565 7421
f 7420 7564 7565
f 7421 7566 7422
f 7421 7565 7566
f 7422 7567 7423
f 7422 7566 7567
f 7423 7568 7424
f 7423 7567 7568
f 7424 7569 7425
f 7424 7568 7569
f 7425 7570 7426
f 7425 7569 7570
f 7426 7571 7427
f 7426 7570 7571
f 7427 7572 7428
f 7427 7571 7572
f 7428 7573 7429
f 7428 7572 7573
f 7429 7574 7430
f 7429 7573 7574
f 7430 7575 7431
f 7430 7574 7575
f 7431 7576 7432
f 7431 7575 7576
f 7432 7577 7433
f 7432 7576 7577
f 7433 7578 7434
f 7433 7577 7578
f 7434 7579 7435
f 7434 7578 7579
f 7435 7580 7436
f 7435 7579 7580
f 7436 7581 7437
f 7436 7580 7581
f 7437 7582 7438
f 7437 7581 7582
f 7438 7583 7439
f 7438 7582 7583
f 7439 7584 7440
f 7439 7583 7584
f 7440 7585 7441
f 7440 7584 7585
f 7441 7586 7442
f 7441 7585 7586
f 7442 7587 7443
f 7442 7586 7587
f 7443 7588 7444
f 7443 7587 7588
f 7444 7589 7445
f 7444 7588 7589
f 7445 7590 7446
f 7445 7589 7590
f 7446 7591 7447
f 7446 7590 7591
f 7447 7592 7448
f 7447 7591 7592
f 7448 7593 7449
f 7448 7592 7593
f 7449 7594 7450
f 7449 7593 7594
f 7450 7595 7451
f 7450 7594 7595
f 7451 7596 7452
f 7451 7595 7596
f 7452 7597 7453
f 7452 7596 7597
f 7453 7598 7454
f 7453 7597 7598
f 7454 7599 7455
f 7454 7598 7599
f 7455 7600 7456
f 7455 7599 7600
f 7456 7601 7457
f 7456 7600 7601
f 7457 7602 7458
f 7457 7601 7602
f 7458 7603 7459
f 7458 7602 7603
f 7459 7604 7460
f 7459 7603 7604
f 7460 7605 7461
f 7460 7604 7605
f 7461 7606 7462
f 7461 7605 7606
f 7462 7607 7463
f 7462 7606 7607
f 7463 7608 7464
f 7463 7607 7608
f 7464 7609 7465
f 7464 7608 7609
f 7465 7610 7466
f 7465 7609 7610
f 7466 7611 7467
f 7466 7610 7611
f 7467 7612 7468
f 7467 7611 7612
f 7468 7613 7469
f 7468 7612 7613
f 7469 7614 7470
f 7469 7613 7614
f 7470 7615 7471
f 7470 7614 7615
f 7471 7616 7472
f 7471 7615 7616
f 7472 7617 7473
f 7472 7616 7617
f 7473 7618 7474
f 7473 7617 7618
f 7474 7619 7475
f 7474 7618 7619
f 7475 7620 7476
f 7475 7619 7620
f 7476 7621 7477
f 7476 7620 7621
f 7477 7622 7478
f 7477 7621 7622
f 7478 7623 7479
f 7478 7622 7623
f 7479 7624 7480
f 7479 7623 7624
f 7480 7625 7481
f 7480 7624 7625
f 7481 7626 7482
f 7481 7625 7626
f 7482 7627 7483
f 7482 7626 7627
f 7483 7628 7484
f 7483 7627 7628
f 7484 7629 7485
f 7484 7628 7629
f 7485 7630 7486
f 7485 7629 7630
f 7486 7631 7487
f 7486 7630 7631
f 7487 7632 7488
f 7487 7631 7632
f 7488 7561 7417
f 7488 7632 7561
f 7561 7706 7562
f 7561 7705 7706
f 7562 7707 7563
f 7562 7706 7707
f 7563 7708 7564
f 7563 7707 7708
f 7564 7709 7565
f 7564 7708 7709
f 7565 7710 7566
f 7565 7709 7710
f 7566 7711 7567
f 7566 7710 7711
f 7567 7712 7568
f 7567 7711 7712
f 7568 7713 7569
f 7568 7712 7713
f 7569 7714 7570
f 7569 7713 7714
f 7570 7715 7571
f 7570 7714 7715
f 7571 7716 7572
f 7571 7715 7716
f 7572 7717 7573
f 7572 7716 7717
f 7573 7718 7574
f 7573 7717 7718
f 7574 7719 7575
f 7574 7718 7719
f 7575 7720 7576
f 7575 7719 7720
f 7576 7721 7577
f 7576 7720 7721
f 7577 7722 7578
f 7577 7721 7722
f 7578 7723 7579
f 7578 7722 7723
f 7579 7724 7580
f 7579 7723 7724
f 7580 7725 7581
f 7580 7724 7725
f 7581 7726 7582
f 7581 7725 7726
f 7582 7727 7583
f 7582 7726 7727
f 7583 7728 7584
f 7583 7727 7728
f 7584 7729 7585
f 7584 7728 7729
f 7585 7730 7586
f 7585 7729 7730
f 7586 7731 7587
f 7586 7730 7731
f 7587 7732 7588
f 7587 7731 7732
f 7588 7733 7589
f 7588 7732 7733
f 7589 7734 7590
f 7589 7733 7734
f 7590 7735 7591
f 7590 7734 7735
f 7591 7736 7592
f 7591 7735 7736
f 7592 7737 7593
f 7592 7736 7737
f 7593 7738 7594
f 7593 7737 7738
f 7594 7739 7595
f 7594 7738 7739
f 7595 7740 7596
f 7595 7739 7740
f 7596 7741 7597
f 7596 7740 7741
f 7597 7742 7598
f 7597 7741 7742
f 7598 7743 7599
f 7598 7742 7743
f 7599 7744 7600
f 7599 7743 7744
f 7600 7745 7601
f 7600 7744 7745
f 7601 7746 7602
f 7601 7745 7746
f 7602 7747 7603
f 7602 7746 7747
f 7603 7748 7604
f 7603 7747 7748
f 7604 7749 7605
f 7604 7748 7749
f 7605 7750 7606
f 7605 7749 7750
f 7606 7751 7607
f 7606 7750 7751
f 7607 7752 7608
f 7607 7751 7752
f 7608 7753 7609
f 7608 7752 7753
f 7609 7754 7610
f 7609 7753 7754
f 7610 7755 7611
f 7610 7754 7755
f 7611 7756 7612
f 7611 7755 7756
f 7612 7757 7613
f 7612 7756 7757
f 7613 7758 7614
f 7613 7757 7758
f 7614 7759 7615
f 7614 7758 7759
f 7615 7760 7616
f 7615 7759 7760
f 7616 7761 7617
f 7616 7760 7761
f 7617 7762 7618
f 7617 7761 7762
f 7618 7763 7619
f 7618 7762 7763
f 7619 7764 7620
f 7619 7763 7764
f 7620 7765 7621
f 7620 7764 7765
f 7621 7766 7622
f 7621 7765 7766
f 7622 7767 7623
f 7622 7766 7767
f 7623 7768 7624
f 7623 7767 7768
f 7624 7769 7625
f 7624 7768 7769
f 7625 7770 7626
f 7625 7769 7770
f 7626 7771 7627
f 7626 7770 7771
f 7627 7772 7628
f 7627 7771 7772
f 7628 7773 7629
f 7628 7772 7773
f 7629 7774 7630
f 7629 7773 7774
f 7630 7775 7631
f 7630 7774 7775
f 7631 7776 7632
f 7631 7775 7776
f 7632 7705 7561
f 7632 7776 7705
f 7705 7850 7706
f 7705 7849 7850
f 7706 7851 7707
f 7706 7850 7851
f 7707 7852 7708
f 7707 7851 7852
f 7708 7853 7709
f 7708 7852 7853
f 7709 7854 7710
f 7709 7853 7854
f 7710 7855 7711
f 7710 7854 7855
f 7711 7856 7712
f 7711 7855 7856
f 7712 7857 7713
f 7712 7856 7857
f 7713 7858 7714
f 7713 7857 7858
f 7714 7859 7715
f 7714 7858 7859
f 7715 7860 7716
f 7715 7859 7860
f 7716 7861 7717
f 7716 7860 7861
f 7717 7862 7718
f 7717 7861 7862
f 7718 7863 7719
f 7718 7862 7863
f 7719 7864 7720
f 7719 7863 7864
f 7720 7865 7721
f 7720 7864 7865
f 7721 7866 7722
f 7721 7865 7866
f 7722 7867 7723
f 7722 7866 7867
f 7723 7868 7724
f 7723 7867 7868
f 7724 7869 7725
f 7724 7868 7869
f 7725 7870 7726
f 7725 7869 7870
f 7726 7871 7727
f 7726 7870 7871
f 7727 7872 7728
f 7727 7871 7872
f 7728 7873 7729
f 7728 7872 7873
f 7729 7874 7730
f 7729 7873 7874
f 7730 7875 7731
f 7730 7874 7875
f 7731 7876 7732
f 7731 7875 7876
f 7732 7877 7733
f 7732 7876 7877
f 7733 7878 7734
f 7733 7877 7878
f 7734 7879 7735
f 7734 7878 7879
f 7735 7880 7736
f 7735 7879 7880
f 7736 7881 7737
f 7736 7880 7881
f 7737 7882 7738
f 7737 7881 7882
f 7738 7883 7739
f 7738 7882 7883
f 7739 7884 7740
f 7739 7883 7884
f 7740 7885 7741
f 7740 7884 7885
f 7741 7886 7742
f 7741 7885 7886
f 7742 7887 7743
f 7742 7886 7887
f 7743 7888 7744
f 7743 7887 7888
f 7744 7889 7745
f 7744 7888 7889
f 7745 7890 7746
f 7745 7889 7890
f 7746 7891 7747
f 7746 7890 7891
f 7747 7892 7748
f 7747 7891 7892
f 7748 7893 7749
f 7748 7892 7893
f 7749 7894 7750
f 7749 7893 7894
f 7750 7895 7751
f 7750 7894 7895
f 7751 7896 7752
f 7751 7895 7896
f 7752 7897 7753
f 7752 7896 7897
f 7753 7898 7754
f 7753 7897 7898
f 7754 7899 7755
f 7754 7898 7899
f 7755 7900 7756
f 7755 7899 7900
f 7756 7901 7757
f 7756 7900 7901
f 7757 7902 7758
f 7757 7901 7902
f 7758 7903 7759
f 7758 7902 7903
f 7759 7904 7760
f 7759 7903 7904
f 7760 7905 7761
f 7760 7904 7905
f 7761 7906 7762
f 7761 7905 7906
f 7762 7907 7763
f 7762 7906 7907
f 7763 7908 7764
f 7763 7907 7908
f 7764 7909 7765
f 7764 7908 7909
f 7765 7910 7766
f 7765 7909 7910
f 7766 7911 7767
f 7766 7910 7911
f 7767 7912 7768
f 7767 7911 7912
f 7768 7913 7769
f 7768 7912 7913
f 7769 7914 7770
f 7769 7913 7914
f 7770 7915 7771
f 7770 7914 7915
f 7771 7916 7772
f 7771 7915 7916
f 7772 7917 7773
f 7772 7916 7917
f 7773 7918 7774
f 7773 7917 7918
f 7774 7919 7775
f 7774 7918 7919
f 7775 7920 7776
f 7775 7919 7920
f 7776 7849 7705
f 7776 7920 7849
f 7849 7994 7850
f 7849 7993 7994
f 7850 7995 7851
f 7850 7994 7995
f 7851 7996 7852
f 7851 7995 7996
f 7852 7997 7853
f 7852 7996 7997
f 7853 7998 7854
f 7853 7997 7998
f 7854 7999 7855
f 7854 7998 7999
f 7855 8000 7856
f 7855 7999 8000
f 7856 8001 7857
f 7856 8000 8001
f 7857 8002 7858
f 7857 8001 8002
f 7858 8003 7859
f 7858 8002 8003
f 7859 8004 7860
f 7859 8003 8004
f 7860 8005 7861
f 7860 8004 8005
f 7861 8006 7862
f 7861 8005 8006
f 7862 8007 7863
f 7862 8006 8007
f 7863 8008 7864
f 7863 8007 8008
f 7864 8009 7865
f 7864 8008 8009
f 7865 8010 7866
f 7865 8009 8010
f 7866 8011 7867
f 7866 8010 8011
f 7867 8012 7868
f 7867 8011 8012
f 7868 8013 7869
f 7868 8012 8013
f 7869 8014 7870
f 7869 8013 8014
f 7870 8015 7871
f 7870 8014 8015
f 7871 8016 7872
f 7871 8015 8016
f 7872 8017 7873
f 7872 8016 8017
f 7873 8018 7874
f 7873 8017 8018
f 7874 8019 7875
f 7874 8018 8019
f 7875 8020 7876
f 7875 8019 8020
f 7876 8021 7877
f 7876 8020 8021
f 7877 8022 7878
f 7877 8021 8022
f 7878 8023 7879
f 7878 8022 8023
f 7879 8024 7880
f 7879 8023 8024
f 7880 8025 7881
f 7880 8024 8025
f 7881 8026 7882
f 7881 8025 8026
f 7882 8027 7883
f 7882 8026 8027
f 7883 8028 7884
f 7883 8027 8028
f 7884 8029 7885
f 7884 8028 8029
f 7885 8030 7886
f 7885 8029 8030
f 7886 8031 7887
f 7886 8030 8031
f 7887 8032 7888
f 7887 8031 8032
f 7888 8033 7889
f 7888 8032 8033
f 7889 8034 7890
f 7889 8033 8034
f 7890 8035 7891
f 7890 8034 8035
f 7891 8036 7892
f 7891 8035 8036
f 7892 8037 7893
f 7892 8036 8037
f 7893 8038 7894
f 7893 8037 8038
f 7894 8039 7895
f 7894 8038 8039
f 7895 8040 7896
f 7895 8039 8040
f 7896 8041 7897
f 7896 8040 8041
f 7897 8042 7898
f 7897 8041 8042
f 7898 8043 7899
f 7898 8042 8043
f 7899 8044 7900
f 7899 8043 8044
f 7900 8045 7901
f 7900 8044 8045
f 7901 8046 7902
f 7901 8045 8046
f 7902 8047 7903
f 7902 8046 8047
f 7903 8048 7904
f 7903 8047 8048
f 7904 8049 7905
f 7904 8048 8049
f 7905 8050 7906
f 7905 8049 8050
f 7906 8051 7907
f 7906 8050 8051
f 7907 8052 7908
f 7907 8051 8052
f 7908 8053 7909
f 7908 8052 8053
f 7909 8054 7910
f 7909 8053 8054
f 7910 8055 7911
f 7910 8054 8055
f 7911 8056 7912
f 7911 8055 8056
f 7912 8057 7913
f 7912 8056 8057
f 7913 8058 7914
f 7913 8057 8058
f 7914 8059 7915
f 7914 8058 8059
f 7915 8060 7916
f 7915 8059 8060
f 7916 8061 7917
f 7916 8060 8061
f 7917 8062 7918
f 7917 8061 8062
f 7918 8063 7919
f 7918 8062 8063
f 7919 8064 7920
f 7919 8063 8064
f 7920 7993 7849
f 7920 8064 7993
f 7993 8138 7994
f 7993 8137 8138
f 7994 8139 7995
f 7994 8138 8139
f 7995 8140 7996
f 7995 8139 8140
f 7996 8141 7997
f 7996 8140 8141
f 7997 8142 7998
f 7997 8141 8142
f 7998 8143 7999
f 7998 8142 8143
f 7999 8144 8000
f 7999 8143 8144
f 8000 8145 8001
f 8000 8144 8145
f 8001 8146 8002
f 8001 8145 8146
f 8002 8147 8003
f 8002 8146 8147
f 8003 8148 8004
f 8003 8147 8148
f 8004 8149 8005
f 8004 8148 8149
f 8005 8150 8006
f 8005 8149 8150
f 8006 8151 8007
f 8006 8150 8151
f 8007 8152 8008
f 8007 8151 8152
f 8008 8153 8009
f 8008 8152 8153
f 8009 8154 8010
f 8009 8153 8154
f 8010 8155 8011
f 8010 8154 8155
f 8011 8156 8012
f 8011 8155 8156
f 8012 8157 8013
f 8012 8156 8157
f 8013 8158 8014
f 8013 8157 8158
f 8014 8159 8015
f 8014 8158 8159
f 8015 8160 8016
f 8015 8159 8160
f 8016 8161 8017
f 8016 8160 8161
f 8017 8162 8018
f 8017 8161 8162
f 8018 8163 8019
f 8018 8162 8163
f 8019 8164 8020
f 8019 8163 8164
f 8020 8165 8021
f 8020 8164 8165
f 8021 8166 8022
f 8021 8165 8166
f 8022 8167 8023
f 8022 8166 8167
f 8023 8168 8024
f 8023 8167 8168
f 8024 8169 8025
f 8024 8168 8169
f 8025 8170 8026
f 8025 8169 8170
f 8026 8171 8027
f 8026 8170 8171
f 8027 8172 8028
f 8027 8171 8172
f 8028 8173 8029
f 8028 8172 8173
f 8029 8174 8030
f 8029 8173 8174
f 8030 8175 8031
f 8030 8174 8175
f 8031 8176 8032
f 8031 8175 8176
f 8032 8177 8033
f 8032 8176 8177
f 8033 8178 8034
f 8033 8177 8178
f 8034 8179 8035
f 8034 8178 8179
f 8035 8180 8036
f 8035 8179 8180
f 8036 8181 8037
f 8036 8180 8181
f 8037 8182 8038
f 8037 8181 8182
f 8038 8183 8039
f 8038 8182 8183
f 8039 8184 8040
f 8039 8183 8184
f 8040 8185 8041
f 8040 8184 8185
f 8041 8186 8042
f 8041 8185 8186
f 8042 8187 8043
f 8042 8186 8187
f 8043 8188 8044
f 8043 8187 8188
f 8044 8189 8045
f 8044 8188 8189
f 8045 8190 8046
f 8045 8189 8190
f 8046 8191 8047
f 8046 8190 8191
f 8047 8192 8048
f 8047 8191 8192
f 8048 8193 8049
f 8048 8192 8193
f 8049 8194 8050
f 8049 8193 8194
f 8050 8195 8051
f 8050 8194 8195
f 8051 8196 8052
f 8051 8195 8196
f 8052 8197 8053
f 8052 8196 8197
f 8053 8198 8054
f 8053 8197 8198
f 8054 8199 8055
f 8054 8198 8199
f 8055 8200 8056
f 8055 8199 8200
f 8056 8201 8057
f 8056 8200 8201
f 8057 8202 8058
f 8057 8201 8202
f 8058 8203 8059
f 8058 8202 8203
f 8059 8204 8060
f 8059 8203 8204
f 8060 8205 8061
f 8060 8204 8205
f 8061 8206 8062
f 8061 8205 8206
f 8062 8207 8063
f 8062 8206 8207
f 8063 8208 8064
f 8063 8207 8208
f 8064 8137 7993
f 8064 8208 8137
f 8137 8282 8138
f 8137 8281 8282
f 8138 8283 8139
f 8138 8282 8283
f 8139 8284 8140
f 8139 8283 8284
f 8140 8285 8141
f 8140 8284 8285
f 8141 8286 8142
f 8141 8285 8286
f 8142 8287 8143
f 8142 8286 8287
f 8143 8288 8144
f 8143 8287 8288
f 8144 8289 8145
f 8144 8288 8289
f 8145 8290 8146
f 8145 8289 8290
f 8146 8291 8147
f 8146 8290 8291
f 8147 8292 8148
f 8147 8291 8292
f 8148 8293 8149
f 8148 8292 8293
f 8149 8294 8150
f 8149 8293 8294
f 8150 8295 8151
f 8150 8294 8295
f 8151 8296 8152
f 8151 8295 8296
f 8152 8297 8153
f 8152 8296 8297
f 8153 8298 8154
f 8153 8297 8298
f 8154 8299 8155
f 8154 8298 8299
f 8155 8300 8156
f 8155 8299 8300
f 8156 8301 8157
f 8156 8300 8301
f 8157 8302 8158
f 8157 8301 8302
f 8158 8303 8159
f 8158 8302 8303
f 8159 8304 8160
f 8159 8303 8304
f 8160 8305 8161
f 8160 8304 8305
f 8161 8306 8162
f 8161 8305 8306
f 8162 8307 8163
f 8162 8306 8307
f 8163 8308 8164
f 8163 8307 8308
f 8164 8309 8165
f 8164 8308 8309
f 8165 8310 8166
f 8165 8309 8310
f 8166 8311 8167
f 8166 8310 8311
f 8167 8312 8168
f 8167 8311 8312
f 8168 8313 8169
f 8168 8312 8313
f 8169 8314 8170
f 8169 8313 8314
f 8170 8315 8171
f 8170 8314 8315
f 8171 8316 8172
f 8171 8315 8316
f 8172 8317 8173
f 8172 8316 8317
f 8173 8318 8174
f 8173 8317 8318
f 8174 8319 8175
f 8174 8318 8319
f 8175 8320 8176
f 8175 8319 8320
f 8176 8321 8177
f 8176 8320 8321
f 8177 8322 8178
f 8177 8321 8322
f 8178 8323 8179
f 8178 8322 8323
f 8179 8324 8180
f 8179 8323 8324
f 8180 8325 8181
f 8180 8324 8325
f 8181 8326 8182
f 8181 8325 8326
f 8182 8327 8183
f 8182 8326 8327
f 8183 8328 8184
f 8183 8327 8328
f 8184 8329 8185
f 8184 8328 8329
f 8185 8330 8186
f 8185 8329 8330
f 8186 8331 8187
f 8186 8330 8331
f 8187 8332 8188
f 8187 8331 8332
f 8188 8333 8189
f 8188 8332 8333
f 8189 8334 8190
f 8189 8333 8334
f 8190 8335 8191
f 8190 8334 8335
f 8191 8336 8192
f 8191 8335 8336
f 8192 8337 8193
f 8192 8336 8337
f 8193 8338 8194
f 8193 8337 8338
f 8194 8339 8195
f 8194 8338 8339
f 8195 8340 8196
f 8195 8339 8340
f 8196 8341 8197
f 8196 8340 8341
f 8197 8342 8198
f 8197 8341 8342
f 8198 8343 8199
f 8198 8342 8343
f 8199 8344 8200
f 8199 8343 8344
f 8200 8345 8201
f 8200 8344 8345
f 8201 8346 8202
f 8201 8345 8346
f 8202 8347 8203
f 8202 8346 8347
f 8203 8348 8204
f 8203 8347 8348
f 8204 8349 8205
f 8204 8348 8349
f 8205 8350 8206
f 8205 8349 8350
f 8206 8351 8207
f 8206 8350 8351
f 8207 8352 8208
f 8207 8351 8352
f 8208 8281 8137
f 8208 8352 8281
f 8281 8426 8282
f 8281 8425 8426
f 8282 8427 8283
f 8282 8426 8427
f 8283 8428 8284
f 8283 8427 8428
f 8284 8429 8285
f 8284 8428 8429
f 8285 8430 8286
f 8285 8429 8430
f 8286 8431 8287
f 8286 8430 8431
f 8287 8432 8288
f 8287 8431 8432
f 8288 8433 8289
f 8288 8432 8433
f 8289 8434 8290
f 8289 8433 8434
f 8290 8435 8291
f 8290 8434 8435
f 8291 8436 8292
f 8291 8435 8436
f 8292 8437 8293
f 8292 8436 8437
f 8293 8438 8294
f 8293 8437 8438
f 8294 8439 8295
f 8294 8438 8439
f 8295 8440 8296
f 8295 8439 8440
f 8296 8441 8297
f 8296 8440 8441
f 8297 8442 8298
f 8297 8441 8442
f 8298 8443 8299
f 8298 8442 8443
f 8299 8444 8300
f 8299 8443 8444
f 8300 8445 8301
f 8300 8444 8445
f 8301 8446 8302
f 8301 8445 8446
f 8302 8447 8303
f 8302 8446 8447
f 8303 8448 8304
f 8303 8447 8448
f 8304 8449 8305
f 8304 8448 8449
f 8305 8450 8306
f 8305 8449 8450
f 8306 8451 8307
f 8306 8450 8451
f 8307 8452 8308
f 8307 8451 8452
f 8308 8453 8309
f 8308 8452 8453
f 8309 8454 8310
f 8309 8453 8454
f 8310 8455 8311
f 8310 8454 8455
f 8311 8456 8312
f 8311 8455 8456
f 8312 8457 8313
f 8312 8456 8457
f 8313 8458 8314
f 8313 8457 8458
f 8314 8459 8315
f 8314 8458 8459
f 8315 8460 8316
f 8315 8459 8460
f 8316 8461 8317
f 8316 8460 8461
f 8317 8462 8318
f 8317 8461 8462
f 8318 8463 8319
f 8318 8462 8463
f 8319 8464 8320
f 8319 8463 8464
f 8320 8465 8321
f 8320 8464 8465
f 8321 8466 8322
f 8321 8465 8466
f 8322 8467 8323
f 8322 8466 8467
f 8323 8468 8324
f 8323 8467 8468
f 8324 8469 8325
f 8324 8468 8469
f 8325 8470 8326
f 8325 8469 8470
f 8326 8471 8327
f 8326 8470 8471
f 8327 8472 8328
f 8327 8471 8472
f 8328 8473 8329
f 8328 8472 8473
f 8329 8474 8330
f 8329 8473 8474
f 8330 8475 8331
f 8330 8474 8475
f 8331 8476 8332
f 8331 8475 8476
f 8332 8477 8333
f 8332 8476 8477
f 8333 8478 8334
f 8333 8477 8478
f 8334 8479 8335
f 8334 8478 8479
f 8335 8480 8336
f 8335 8479 8480
f 8336 8481 8337
f 8336 8480 8481
f 8337 8482 8338
f 8337 8481 8482
f 8338 8483 8339
f 8338 8482 8483
f 8339 8484 8340
f 8339 8483 8484
f 8340 8485 8341
f 8340 8484 8485
f 8341 8486 8342
f 8341 8485 8486
f 8342 8487 8343
f 8342 8486 8487
f 8343 8488 8344
f 8343 8487 8488
f 8344 8489 8345
f 8344 8488 8489
f 8345 8490 8346
f 8345 8489 8490
f 8346 8491 8347
f 8346 8490 8491
f 8347 8492 8348
f 8347 8491 8492
f 8348 8493 8349
f 8348 8492 8493
f 8349 8494 8350
f 8349 8493 8494
f 8350 8495 8351
f 8350 8494 8495
f 8351 8496 8352
f 8351 8495 8496
f 8352 8425 8281
f 8352 8496 8425
f 8425 8570 8426
f 8425 8569 8570
f 8426 8571 8427
f 8426 8570 8571
f 8427 8572 8428
f 8427 8571 8572
f 8428 8573 8429
f 8428 8572 8573
f 8429 8574 8430
f 8429 8573 8574
f 8430 8575 8431
f 8430 8574 8575
f 8431 8576 8432
f 8431 8575 8576
f 8432 8577 8433
f 8432 8576 8577
f 8433 8578 8434
f 8433 8577 8578
f 8434 8579 8435
f 8434 8578 8579
f 8435 8580 8436
f 8435 8579 8580
f 8436 8581 8437
f 8436 8580 8581
f 8437 8582 8438
f 8437 8581 8582
f 8438 8583 8439
f 8438 8582 8583
f 8439 8584 8440
f 8439 8583 8584
f 8440 8585 8441
f 8440 8584 8585
f 8441 8586 8442
f 8441 8585 8586
f 8442 8587 8443
f 8442 8586 8587
f 8443 8588 8444
f 8443 8587 8588
f 8444 8589 8445
f 8444 8588 8589
f 8445 8590 8446
f 8445 8589 8590
f 8446 8591 8447
f 8446 8590 8591
f 8447 8592 8448
f 8447 8591 8592
f 8448 8593 8449
f 8448 8592 8593
f 8449 8594 8450
f 8449 8593 8594
f 8450 8595 8451
f 8450 8594 8595
f 8451 8596 8452
f 8451 8595 8596
f 8452 8597 8453
f 8452 8596 8597
f 8453 8598 8454
f 8453 8597 8598
f 8454 8599 8455
f 8454 8598 8599
f 8455 8600 8456
f 8455 8599 8600
f 8456 8601 8457
f 8456 8600 8601
f 8457 8602 8458
f 8457 8601 8602
f 8458 8603 8459
f 8458 8602 8603
f 8459 8604 8460
f 8459 8603 8604
f 8460 8605 8461
f 8460 8604 8605
f 8461 8606 8462
f 8461 8605 8606
f 8462 8607 8463
f 8462 8606 8607
f 8463 8608 8464
f 8463 8607 8608
f 8464 8609 8465
f 8464 8608 8609
f 8465 8610 8466
f 8465 8609 8610
f 8466 8611 8467
f 8466 8610 8611
f 8467 8612 8468
f 8467 8611 8612
f 8468 8613 8469
f 8468 8612 8613
f 8469 8614 8470
f 8469 8613 8614
f 8470 8615 8471
f 8470 8614 8615
f 8471 8616 8472
f 8471 8615 8616
f 8472 8617 8473
f 8472 8616 8617
f 8473 8618 8474
f 8473 8617 8618
f 8474 8619 8475
f 8474 8618 8619
f 8475 8620 8476
f 8475 8619 8620
f 8476 8621 8477
f 8476 8620 8621
f 8477 8622 8478
f 8477 8621 8622
f 8478 8623 8479
f 8478 8622 8623
f 8479 8624 8480
f 8479 8623 8624
f 8480 8625 8481
f 8480 8624 8625
f 8481 8626 8482
f 8481 8625 8626
f 8482 8627 8483
f 8482 8626 8627
f 8483 8628 8484
f 8483 8627 8628
f 8484 8629 8485
f 8484 8628 8629
f 8485 8630 8486
f 8485 8629 8630
f 8486 8631 8487
f 8486 8630 8631
f 8487 8632 8488
f 8487 8631 8632
f 8488 8633 8489
f 8488 8632 8633
f 8489 8634 8490
f 8489 8633 8634
f 8490 8635 8491
f 8490 8634 8635
f 8491 8636 8492
f 8491 8635 8636
f 8492 8637 8493
f 8492 8636 8637
f 8493 8638 8494
f 8493 8637 8638
f 8494 8639 8495
f 8494 8638 8639
f 8495 8640 8496
f 8495 8639 8640
f 8496 8569 8425
f 8496 8640 8569
f 8569 8714 8570
f 8569 8713 8714
f 8570 8715 8571
f 8570 8714 8715
f 8571 8716 8572
f 8571 8715 8716
f 8572 8717 8573
f 8572 8716 8717
f 8573 8718 8574
f 8573 8717 8718
f 8574 8719 8575
f 8574 8718 8719
f 8575 8720 8576
f 8575 8719 8720
f 8576 8721 8577
f 8576 8720 8721
f 8577 8722 8578
f 8577 8721 8722
f 8578 8723 8579
f 8578 8722 8723
f 8579 8724 8580
f 8579 8723 8724
f 8580 8725 8581
f 8580 8724 8725
f 8581 8726 8582
f 8581 8725 8726
f 8582 8727 8583
f 8582 8726 8727
f 8583 8728 8584
f 8583 8727 8728
f 8584 8729 8585
f 8584 8728 8729
f 8585 8730 8586
f 8585 8729 8730
f 8586 8731 8587
f 8586 8730 8731
f 8587 8732 8588
f 8587 8731 8732
f 8588 8733 8589
f 8588 8732 8733
f 8589 8734 8590
f 8589 8733 8734
f 8590 8735 8591
f 8590 8734 8735
f 8591 8736 8592
f 8591 8735 8736
f 8592 8737 8593
f 8592 8736 8737
f 8593 8738 8594
f 8593 8737 8738
f 8594 8739 8595
f 8594 8738 8739
f 8595 8740 8596
f 8595 8739 8740
f 8596 8741 8597
f 8596 8740 8741
f 8597 8742 8598
f 8597 8741 8742
f 8598 8743 8599
f 8598 8742 8743
f 8599 8744 8600
f 8599 8743 8744
f 8600 8745 8601
f 8600 8744 8745
f 8601 8746 8602
f 8601 8745 8746
f 8602 8747 8603
f 8602 8746 8747
f 8603 8748 8604
f 8603 8747 8748
f 8604 8749 8605
f 8604 8748 8749
f 8605 8750 8606
f 8605 8749 8750
f 8606 8751 8607
f 8606 8750 8751
f 8607 8752 8608
f 8607 8751 8752
f 8608 8753 8609
f 8608 8752 8753
f 8609 8754 8610
f 8609 8753 8754
f 8610 8755 8611
f 8610 8754 8755
f 8611 8756 8612
f 8611 8755 8756
f 8612 8757 8613
f 8612 8756 8757
f 8613 8758 8614
f 8613 8757 8758
f 8614 8759 8615
f 8614 8758 8759
f 8615 8760 8616
f 8615 8759 8760
f 8616 8761 8617
f 8616 8760 8761
f 8617 8762 8618
f 8617 8761 8762
f 8618 8763 8619
f 8618 8762 8763
f 8619 8764 8620
f 8619 8763 8764
f 8620 8765 8621
f 8620 8764 8765
f 8621 8766 8622
f 8621 8765 8766
f 8622 8767 8623
f 8622 8766 8767
f 8623 8768 8624
f 8623 8767 8768
f 8624 8769 8625
f 8624 8768 8769
f 8625 8770 8626
f 8625 8769 8770
f 8626 8771 8627
f 8626 8770 8771
f 8627 8772 8628
f 8627 8771 8772
f 8628 8773 8629
f 8628 8772 8773
f 8629 8774 8630
f 8629 8773 8774
f 8630 8775 8631
f 8630 8774 8775
f 8631 8776 8632
f 8631 8775 8776
f 8632 8777 8633
f 8632 8776 8777
f 8633 8778 8634
f 8633 8777 8778
f 8634 8779 8635
f 8634 8778 8779
f 8635 8780 8636
f 8635 8779 8780
f 8636 8781 8637
f 8636 8780 8781
f 8637 8782 8638
f 8637 8781 8782
f 8638 8783 8639
f 8638 8782 8783
f 8639 8784 8640
f 8639 8783 8784
f 8640 8713 8569
f 8640 8784 8713
f 8713 8858 8714
f 8713 8857 8858
f 8714 8859 8715
f 8714 8858 8859
f 8715 8860 8716
f 8715 8859 8860
f 8716 8861 8717
f 8716 8860 8861
f 8717 8862 8718
f 8717 8861 8862
f 8718 8863 8719
f 8718 8862 8863
f 8719 8864 8720
f 8719 8863 8864
f 8720 8865 8721
f 8720 8864 8865
f 8721 8866 8722
f 8721 8865 8866
f 8722 8867 8723
f 8722 8866 8867
f 8723 8868 8724
f 8723 8867 8868
f 8724 8869 8725
f 8724 8868 8869
f 8725 8870 8726
f 8725 8869 8870
f 8726 8871 8727
f 8726 8870 8871
f 8727 8872 8728
f 8727 8871 8872
f 8728 8873 8729
f 8728 8872 8873
f 8729 8874 8730
f 8729 8873 8874
f 8730 8875 8731
f 8730 8874 8875
f 8731 8876 8732
f 8731 8875 8876
f 8732 8877 8733
f 8732 8876 8877
f 8733 8878 8734
f 8733 8877 8878
f 8734 8879 8735
f 8734 8878 8879
f 8735 8880 8736
f 8735 8879 8880
f 8736 8881 8737
f 8736 8880 8881
f 8737 8882 8738
f 8737 8881 8882
f 8738 8883 8739
f 8738 8882 8883
f 8739 8884 8740
f 8739 8883 8884
f 8740 8885 8741
f 8740 8884 8885
f 8741 8886 8742
f 8741 8885 8886
f 8742 8887 8743
f 8742 8886 8887
f 8743 8888 8744
f 8743 8887 8888
f 8744 8889 8745
f 8744 8888 8889
f 8745 8890 8746
f 8745 8889 8890
f 8746 8891 8747
f 8746 8890 8891
f 8747 8892 8748
f 8747 8891 8892
f 8748 8893 8749
f 8748 8892 8893
f 8749 8894 8750
f 8749 8893 8894
f 8750 8895 8751
f 8750 8894 8895
f 8751 8896 8752
f 8751 8895 8896
f 8752 8897 8753
f 8752 8896 8897
f 8753 8898 8754
f 8753 8897 8898
f 8754 8899 8755
f 8754 8898 8899
f 8755 8900 8756
f 8755 8899 8900
f 8756 8901 8757
f 8756 8900 8901
f 8757 8902 8758
f 8757 8901 8902
f 8758 8903 8759
f 8758 8902 8903
f 8759 8904 8760
f 8759 8903 8904
f 8760 8905 8761
f 8760 8904 8905
f 8761 8906 8762
f 8761 8905 8906
f 8762 8907 8763
f 8762 8906 8907
f 8763 8908 8764
f 8763 8907 8908
f 8764 8909 8765
f 8764 8908 8909
f 8765 8910 8766
f 8765 8909 8910
f 8766 8911 8767
f 8766 8910 8911
f 8767 8912 8768
f 8767 8911 8912
f 8768 8913 8769
f 8768 8912 8913
f 8769 8914 8770
f 8769 8913 8914
f 8770 8915 8771
f 8770 8914 8915
f 8771 8916 8772
f 8771 8915 8916
f 8772 8917 8773
f 8772 8916 8917
f 8773 8918 8774
f 8773 8917 8918
f 8774 8919 8775
f 8774 8918 8919
f 8775 8920 8776
f 8775 8919 8920
f 8776 8921 8777
f 8776 8920 8921
f 8777 8922 8778
f 8777 8921 8922
f 8778 8923 8779
f 8778 8922 8923
f 8779 8924 8780
f 8779 8923 8924
f 8780 8925 8781
f 8780 8924 8925
f 8781 8926 8782
f 8781 8925 8926
f 8782 8927 8783
f 8782 8926 8927
f 8783 8928 8784
f 8783 8927 8928
f 8784 8857 8713
f 8784 8928 8857
f 8857 9002 8858
f 8857 9001 9002
f 8858 9003 8859
f 8858 9002 9003
f 8859 9004 8860
f 8859 9003 9004
f 8860 9005 8861
f 8860 9004 9005
f 8861 9006 8862
f 8861 9005 9006
f 8862 9007 8863
f 8862 9006 9007
f 8863 9008 8864
f 8863 9007 9008
f 8864 9009 8865
f 8864 9008 9009
f 8865 9010 8866
f 8865 9009 9010
f 8866 9011 8867
f 8866 9010 9011
f 8867 9012 8868
f 8867 9011 9012
f 8868 9013 8869
f 8868 9012 9013
f 8869 9014 8870
f 8869 9013 9014
f 8870 9015 8871
f 8870 9014 9015
f 8871 9016 8872
f 8871 9015 9016
f 8872 9017 8873
f 8872 9016 9017
f 8873 9018 8874
f 8873 9017 9018
f 8874 9019 8875
f 8874 9018 9019
f 8875 9020 8876
f 8875 9019 9020
f 8876 9021 8877
f 8876 9020 9021
f 8877 9022 8878
f 8877 9021 9022
f 8878 9023 8879
f 8878 9022 9023
f 8879 9024 8880
f 8879 9023 9024
f 8880 9025 8881
f 8880 9024 9025
f 8881 9026 8882
f 8881 9025 9026
f 8882 9027 8883
f 8882 9026 9027
f 8883 9028 8884
f 8883 9027 9028
f 8884 9029 8885
f 8884 9028 9029
f 8885 9030 8886
f 8885 9029 9030
f 8886 9031 8887
f 8886 9030 9031
f 8887 9032 8888
f 8887 9031 9032
f 8888 9033 8889
f 8888 9032 9033
f 8889 9034 8890
f 8889 9033 9034
f 8890 9035 8891
f 8890 9034 9035
f 8891 9036 8892
f 8891 9035 9036
f 8892 9037 8893
f 8892 9036 9037
f 8893 9038 8894
f 8893 9037 9038
f 8894 9039 8895
f 8894 9038 9039
f 8895 9040 8896
f 8895 9039 9040
f 8896 9041 8897
f 8896 9040 9041
f 8897 9042 8898
f 8897 9041 9042
f 8898 9043 8899
f 8898 9042 9043
f 8899 9044 8900
f 8899 9043 9044
f 8900 9045 8901
f 8900 9044 9045
f 8901 9046 8902
f 8901 9045 9046
f 8902 9047 8903
f 8902 9046 9047
f 8903 9048 8904
f 8903 9047 9048
f 8904 9049 8905
f 8904 9048 9049
f 8905 9050 8906
f 8905 9049 9050
f 8906 9051 8907
f 8906 9050 9051
f 8907 9052 8908
f 8907 9051 9052
f 8908 9053 8909
f 8908 9052 9053
f 8909 9054 8910
f 8909 9053 9054
f 8910 9055 8911
f 8910 9054 9055
f 8911 9056 8912
f 8911 9055 9056
f 8912 9057 8913
f 8912 9056 9057
f 8913 9058 8914
f 8913 9057 9058
f 8914 9059 8915
f 8914 9058 9059
f 8915 9060 8916
f 8915 9059 9060
f 8916 9061 8917
f 8916 9060 9061
f 8917 9062 8918
f 8917 9061 9062
f 8918 9063 8919
f 8918 9062 9063
f 8919 9064 8920
f 8919 9063 9064
f 8920 9065 8921
f 8920 9064 9065
f 8921 9066 8922
f 8921 9065 9066
f 8922 9067 8923
f 8922 9066 9067
f 8923 9068 8924
f 8923 9067 9068
f 8924 9069 8925
f 8924 9068 9069
f 8925 9070 8926
f 8925 9069 9070
f 8926 9071 8927
f 8926 9070 9071
f 8927 9072 8928
f 8927 9071 9072
f 8928 9001 8857
f 8928 9072 9001
f 9001 9146 9002
f 9001 9145 9146
f 9002 9147 9003
f 9002 9146 9147
f 9003 9148 9004
f 9003 9147 9148
f 9004 9149 9005
f 9004 9148 9149
f 9005 9150 9006
f 9005 9149 9150
f 9006 9151 9007
f 9006 9150 9151
f 9007 9152 9008
f 9007 9151 9152
f 9008 9153 9009
f 9008 9152 9153
f 9009 9154 9010
f 9009 9153 9154
f 9010 9155 9011
f 9010 9154 9155
f 9011 9156 9012
f 9011 9155 9156
f 9012 9157 9013
f 9012 9156 9157
f 9013 9158 9014
f 9013 9157 9158
f 9014 9159 9015
f 9014 9158 9159
f 9015 9160 9016
f 9015 9159 9160
f 9016 9161 9017
f 9016 9160 9161
f 9017 9162 9018
f 9017 9161 9162
f 9018 9163 9019
f 9018 9162 9163
f 9019 9164 9020
f 9019 9163 9164
f 9020 9165 9021
f 9020 9164 9165
f 9021 9166 9022
f 9021 9165 9166
f 9022 9167 9023
f 9022 9166 9167
f 9023 9168 9024
f 9023 9167 9168
f 9024 9169 9025
f 9024 9168 9169
f 9025 9170 9026
f 9025 9169 9170
f 9026 9171 9027
f 9026 9170 9171
f 9027 9172 9028
f 9027 9171 9172
f 9028 9173 9029
f 9028 9172 9173
f 9029 9174 9030
f 9029 9173 9174
f 9030 9175 9031
f 9030 9174 9175
f 9031 9176 9032
f 9031 9175 9176
f 9032 9177 9033
f 9032 9176 9177
f 9033 9178 9034
f 9033 9177 9178
f 9034 9179 9035
f 9034 9178 9179
f 9035 9180 9036
f 9035 9179 9180
f 9036 9181 9037
f 9036 9180 9181
f 9037 9182 9038
f 9037 9181 9182
f 9038 9183 9039
f 9038 9182 9183
f 9039 9184 9040
f 9039 9183 9184
f 9040 9185 9041
f 9040 9184 9185
f 9041 9186 9042
f 9041 9185 9186
f 9042 9187 9043
f 9042 9186 9187
f 9043 9188 9044
f 9043 9187 9188
f 9044 9189 9045
f 9044 9188 9189
f 9045 9190 9046
f 9045 9189 9190
f 9046 9191 9047
f 9046 9190 9191
f 9047 9192 9048
f 9047 9191 9192
f 9048 9193 9049
f 9048 9192 9193
f 9049 9194 9050
f 9049 9193 9194
f 9050 9195 9051
f 9050 9194 9195
f 9051 9196 9052
f 9051 9195 9196
f 9052 9197 9053
f 9052 9196 9197
f 9053 9198 9054
f 9053 9197 9198
f 9054 9199 9055
f 9054 9198 9199
f 9055 9200 9056
f 9055 9199 9200
f 9056 9201 9057
f 9056 9200 9201
f 9057 9202 9058
f 9057 9201 9202
f 9058 9203 9059
f 9058 9202 9203
f 9059 9204 9060
f 9059 9203 9204
f 9060 9205 9061
f 9060 9204 9205
f 9061 9206 9062
f 9061 9205 9206
f 9062 9207 9063
f 9062 9206 9207
f 9063 9208 9064
f 9063 9207 9208
f 9064 9209 9065
f 9064 9208 9209
f 9065 9210 9066
f 9065 9209 9210
f 9066 9211 9067
f 9066 9210 9211
f 9067 9212 9068
f 9067 9211 9212
f 9068 9213 9069
f 9068 9212 9213
f 9069 9214 9070
f 9069 9213 9214
f 9070 9215 9071
f 9070 9214 9215
f 9071 9216 9072
f 9071 9215 9216
f 9072 9145 9001
f 9072 9216 9145
f 9145 9290 9146
f 9145 9289 9290
f 9146 9291 9147
f 9146 9290 9291
f 9147 9292 9148
f 9147 9291 9292
f 9148 9293 9149
f 9148 9292 9293
f 9149 9294 9150
f 9149 9293 9294
f 9150 9295 9151
f 9150 9294 9295
f 9151 9296 9152
f 9151 9295 9296
f 9152 9297 9153
f 9152 9296 9297
f 9153 9298 9154
f 9153 9297 9298
f 9154 9299 9155
f 9154 9298 9299
f 9155 9300 9156
f 9155 9299 9300
f 9156 9301 9157
f 9156 9300 9301
f 9157 9302 9158
f 9157 9301 9302
f 9158 9303 9159
f 9158 9302 9303
f 9159 9304 9160
f 9159 9303 9304
f 9160 9305 9161
f 9160 9304 9305
f 9161 9306 9162
f 9161 9305 9306
f 9162 9307 9163
f 9162 9306 9307
f 9163 9308 9164
f 9163 9307 9308
f 9164 9309 9165
f 9164 9308 9309
f 9165 9310 9166
f 9165 9309 9310
f 9166 9311 9167
f 9166 9310 9311
f 9167 9312 9168
f 9167 9311 9312
f 9168 9313 9169
f 9168 9312 9313
f 9169 9314 9170
f 9169 9313 9314
f 9170 9315 9171
f 9170 9314 9315
f 9171 9316 9172
f 9171 9315 9316
f 9172 9317 9173
f 9172 9316 9317
f 9173 9318 9174
f 9173 9317 9318
f 9174 9319 9175
f 9174 9318 9319
f 9175 9320 9176
f 9175 9319 9320
f 9176 9321 9177
f 9176 9320 9321
f 9177 9322 9178
f 9177 9321 9322
f 9178 9323 9179
f 9178 9322 9323
f 9179 9324 9180
f 9179 9323 9324
f 9180 9325 9181
f 9180 9324 9325
f 9181 9326 9182
f 9181 9325 9326
f 9182 9327 9183
f 9182 9326 9327
f 9183 9328 9184
f 9183 9327 9328
f 9184 9329 9185
f 9184 9328 9329
f 9185 9330 9186
f 9185 9329 9330
f 9186 9331 9187
f 9186 9330 9331
f 9187 9332 9188
f 9187 9331 9332
f 9188 9333 9189
f 9188 9332 9333
f 9189 9334 9190
f 9189 9333 9334
f 9190 9335 9191
f 9190 9334 9335
f 9191 9336 9192
f 9191 9335 9336
f 9192 9337 9193
f 9192 9336 9337
f 9193 9338 9194
f 9193 9337 9338
f 9194 9339 9195
f 9194 9338 9339
f 9195 9340 9196
f 9195 9339 9340
f 9196 9341 9197
f 9196 9340 9341
f 9197 9342 9198
f 9197 9341 9342
f 9198 9343 9199
f 9198 9342 9343
f 9199 9344 9200
f 9199 9343 9344
f 9200 9345 9201
f 9200 9344 9345
f 9201 9346 9202
f 9201 9345 9346
f 9202 9347 9203
f 9202 9346 9347
f 9203 9348 9204
f 9203 9347 9348
f 9204 9349 9205
f 9204 9348 9349
f 9205 9350 9206
f 9205 9349 9350
f 9206 9351 9207
f 9206 9350 9351
f 9207 9352 9208
f 9207 9351 9352
f 9208 9353 9209
f 9208 9352 9353
f 9209 9354 9210
f 9209 9353 9354
f 9210 9355 9211
f 9210 9354 9355
f 9211 9356 9212
f 9211 9355 9356
f 9212 9357 9213
f 9212 9356 9357
f 9213 9358 9214
f 9213 9357 9358
f 9214 9359 9215
f 9214 9358 9359
f 9215 9360 9216
f 9215 9359 9360
f 9216 9289 9145
f 9216 9360 9289
f 9289 9434 9290
f 9289 9433 9434
f 9290 9435 9291
f 9290 9434 9435
f 9291 9436 9292
f 9291 9435 9436
f 9292 9437 9293
f 9292 9436 9437
f 9293 9438 9294
f 9293 9437 9438
f 9294 9439 9295
f 9294 9438 9439
f 9295 9440 9296
f 9295 9439 9440
f 9296 9441 9297
f 9296 9440 9441
f 9297 9442 9298
f 9297 9441 9442
f 9298 9443 9299
f 9298 9442 9443
f 9299 9444 9300
f 9299 9443 9444
f 9300 9445 9301
f 9300 9444 9445
f 9301 9446 9302
f 9301 9445 9446
f 9302 9447 9303
f 9302 9446 9447
f 9303 9448 9304
f 9303 9447 9448
f 9304 9449 9305
f 9304 9448 9449
f 9305 9450 9306
f 9305 9449 9450
f 9306 9451 9307
f 9306 9450 9451
f 9307 9452 9308
f 9307 9451 9452
f 9308 9453 9309
f 9308 9452 9453
f 9309 9454 9310
f 9309 9453 9454
f 9310 9455 9311
f 9310 9454 9455
f 9311 9456 9312
f 9311 9455 9456
f 9312 9457 9313
f 9312 9456 9457
f 9313 9458 9314
f 9313 9457 9458
f 9314 9459 9315
f 9314 9458 9459
f 9315 9460 9316
f 9315 9459 9460
f 9316 9461 9317
f 9316 9460 9461
f 9317 9462 9318
f 9317 9461 9462
f 9318 9463 9319
f 9318 9462 9463
f 9319 9464 9320
f 9319 9463 9464
f 9320 9465 9321
f 9320 9464 9465
f 9321 9466 9322
f 9321 9465 9466
f 9322 9467 9323
f 9322 9466 9467
f 9323 9468 9324
f 9323 9467 9468
f 9324 9469 9325
f 9324 9468 9469
f 9325 9470 9326
f 9325 9469 9470
f 9326 9471 9327
f 9326 9470 9471
f 9327 9472 9328
f 9327 9471 9472
f 9328 9473 9329
f 9328 9472 9473
f 9329 9474 9330
f 9329 9473 9474
f 9330 9475 9331
f 9330 9474 9475
f 9331 9476 9332
f 9331 9475 9476
f 9332 9477 9333
f 9332 9476 9477
f 9333 9478 9334
f 9333 9477 9478
f 9334 9479 9335
f 9334 9478 9479
f 9335 9480 9336
f 9335 9479 9480
f 9336 9481 9337
f 9336 9480 9481
f 9337 9482 9338
f 9337 9481 9482
f 9338 9483 9339
f 9338 9482 9483
f 9339 9484 9340
f 9339 9483 9484
f 9340 9485 9341
f 9340 9484 9485
f 9341 9486 9342
f 9341 9485 9486
f 9342 9487 9343
f 9342 9486 9487
f 9343 9488 9344
f 9343 9487 9488
f 9344 9489 9345
f 9344 9488 9489
f 9345 9490 9346
f 9345 9489 9490
f 9346 9491 9347
f 9346 9490 9491
f 9347 9492 9348
f 9347 9491 9492
f 9348 9493 9349
f 9348 9492 9493
f 9349 9494 9350
f 9349 9493 9494
f 9350 9495 9351
f 9350 9494 9495
f 9351 9496 9352
f 9351 9495 9496
f 9352 9497 9353
f 9352 9496 9497
f 9353 9498 9354
f 9353 9497 9498
f 9354 9499 9355
f 9354 9498 9499
f 9355 9500 9356
f 9355 9499 9500
f 9356 9501 9357
f 9356 9500 9501
f 9357 9502 9358
f 9357 9501 9502
f 9358 9503 9359
f 9358 9502 9503
f 9359 9504 9360
f 9359 9503 9504
f 9360 9433 9289
f 9360 9504 9433
f 9433 9578 9434
f 9433 9577 9578
f 9434 9579 9435
f 9434 9578 9579
f 9435 9580 9436
f 9435 9579 9580
f 9436 9581 9437
f 9436 9580 9581
f 9437 9582 9438
f 9437 9581 9582
f 9438 9583 9439
f 9438 9582 9583
f 9439 9584 9440
f 9439 9583 9584
f 9440 9585 9441
f 9440 9584 9585
f 9441 9586 9442
f 9441 9585 9586
f 9442 9587 9443
f 9442 9586 9587
f 9443 9588 9444
f 9443 9587 9588
f 9444 9589 9445
f 9444 9588 9589
f 9445 9590 9446
f 9445 9589 9590
f 9446 9591 9447
f 9446 9590 9591
f 9447 9592 9448
f 9447 9591 9592
f 9448 9593 9449
f 9448 9592 9593
f 9449 9594 9450
f 9449 9593 9594
f 9450 9595 9451
f 9450 9594 9595
f 9451 9596 9452
f 9451 9595 9596
f 9452 9597 9453
f 9452 9596 9597
f 9453 9598 9454
f 9453 9597 9598
f 9454 9599 9455
f 9454 9598 9599
f 9455 9600 9456
f 9455 9599 9600
f 9456 9601 9457
f 9456 9600 9601
f 9457 9602 9458
f 9457 9601 9602
f 9458 9603 9459
f 9458 9602 9603
f 9459 9604 9460
f 9459 9603 9604
f 9460 9605 9461
f 9460 9604 9605
f 9461 9606 9462
f 9461 9605 9606
f 9462 9607 9463
f 9462 9606 9607
f 9463 9608 9464
f 9463 9607 9608
f 9464 9609 9465
f 9464 9608 9609
f 9465 9610 9466
f 9465 9609 9610
f 9466 9611 9467
f 9466 9610 9611
f 9467 9612 9468
f 9467 9611 9612
f 9468 9613 9469
f 9468 9612 9613
f 9469 9614 9470
f 9469 9613 9614
f 9470 9615 9471
f 9470 9614 9615
f 9471 9616 9472
f 9471 9615 9616
f 9472 9617 9473
f 9472 9616 9617
f 9473 9618 9474
f 9473 9617 9618
f 9474 9619 9475
f 9474 9618 9619
f 9475 9620 9476
f 9475 9619 9620
f 9476 9621 9477
f 9476 9620 9621
f 9477 9622 9478
f 9477 9621 9622
f 9478 9623 9479
f 9478 9622 9623
f 9479 9624 9480
f 9479 9623 9624
f 9480 9625 9481
f 9480 9624 9625
f 9481 9626 9482
f 9481 9625 9626
f 9482 9627 9483
f 9482 9626 9627
f 9483 9628 9484
f 9483 9627 9628
f 9484 9629 9485
f 9484 9628 9629
f 9485 9630 9486
f 9485 9629 9630
f 9486 9631 9487
f 9486 9630 9631
f 9487 9632 9488
f 9487 9631 9632
f 9488 9633 9489
f 9488 9632 9633
f 9489 9634 9490
f 9489 9633 9634
f 9490 9635 9491
f 9490 9634 9635
f 9491 9636 9492
f 9491 9635 9636
f 9492 9637 9493
f 9492 9636 9637
f 9493 9638 9494
f 9493 9637 9638
f 9494 9639 9495
f 9494 9638 9639
f 9495 9640 9496
f 9495 9639 9640
f 9496 9641 9497
f 9496 9640 9641
f 9497 9642 9498
f 9497 9641 9642
f 9498 9643 9499
f 9498 9642 9643
f 9499 9644 9500
f 9499 9643 9644
f 9500 9645 9501
f 9500 9644 9645
f 9501 9646 9502
f 9501 9645 9646
f 9502 9647 9503
f 9502 9646 9647
f 9503 9648 9504
f 9503 9647 9648
f 9504 9577 9433
f 9504 9648 9577
f 9577 9722 9578
f 9577 9721 9722
f 9578 9723 9579
f 9578 9722 9723
f 9579 9724 9580
f 9579 9723 9724
f 9580 9725 9581
f 9580 9724 9725
f 9581 9726 9582
f 9581 9725 9726
f 9582 9727 9583
f 9582 9726 9727
f 9583 9728 9584
f 9583 9727 9728
f 9584 9729 9585
f 9584 9728 9729
f 9585 9730 9586
f 9585 9729 9730
f 9586 9731 9587
f 9586 9730 9731
f 9587 9732 9588
f 9587 9731 9732
f 9588 9733 9589
f 9588 9732 9733
f 9589 9734 9590
f 9589 9733 9734
f 9590 9735 9591
f 9590 9734 9735
f 9591 9736 9592
f 9591 9735 9736
f 9592 9737 9593
f 9592 9736 9737
f 9593 9738 9594
f 9593 9737 9738
f 9594 9739 9595
f 9594 9738 9739
f 9595 9740 9596
f 9595 9739 9740
f 9596 9741 9597
f 9596 9740 9741
f 9597 9742 9598
f 9597 9741 9742
f 9598 9743 9599
f 9598 9742 9743
f 9599 9744 9600
f 9599 9743 9744
f 9600 9745 9601
f 9600 9744 9745
f 9601 9746 9602
f 9601 9745 9746
f 9602 9747 9603
f 9602 9746 9747
f 9603 9748 9604
f 9603 9747 9748
f 9604 9749 9605
f 9604 9748 9749
f 9605 9750 9606
f 9605 9749 9750
f 9606 9751 9607
f 9606 9750 9751
f 9607 9752 9608
f 9607 9751 9752
f 9608 9753 9609
f 9608 9752 9753
f 9609 9754 9610
f 9609 9753 9754
f 9610 9755 9611
f 9610 9754 9755
f 9611 9756 9612
f 9611 9755 9756
f 9612 9757 9613
f 9612 9756 9757
f 9613 9758 9614
f 9613 9757 9758
f 9614 9759 9615
f 9614 9758 9759
f 9615 9760 9616
f 9615 9759 9760
f 9616 9761 9617
f 9616 9760 9761
f 9617 9762 9618
f 9617 9761 9762
f 9618 9763 9619
f 9618 9762 9763
f 9619 9764 9620
f 9619 9763 9764
f 9620 9765 9621
f 9620 9764 9765
f 9621 9766 9622
f 9621 9765 9766
f 9622 9767 9623
f 9622 9766 9767
f 9623 9768 9624
f 9623 9767 9768
f 9624 9769 9625
f 9624 9768 9769
f 9625 9770 9626
f 9625 9769 9770
f 9626 9771 9627
f 9626 9770 9771
f 9627 9772 9628
f 9627 9771 9772
f 9628 9773 9629
f 9628 9772 9773
f 9629 9774 9630
f 9629 9773 9774
f 9630 9775 9631
f 9630 9774 9775
f 9631 9776 9632
f 9631 9775 9776
f 9632 9777 9633
f 9632 9776 9777
f 9633 9778 9634
f 9633 9777 9778
f 9634 9779 9635
f 9634 9778 9779
f 9635 9780 9636
f 9635 9779 9780
f 9636 9781 9637
f 9636 9780 9781
f 9637 9782 9638
f 9637 9781 9782
f 9638 9783 9639
f 9638 9782 9783
f 9639 9784 9640
f 9639 9783 9784
f 9640 9785 9641
f 9640 9784 9785
f 9641 9786 9642
f 9641 9785 9786
f 9642 9787 9643
f 9642 9786 9787
f 9643 9788 9644
f 9643 9787 9788
f 9644 9789 9645
f 9644 9788 9789
f 9645 9790 9646
f 9645 9789 9790
f 9646 9791 9647
f 9646 9790 9791
f 9647 9792 9648
f 9647 9791 9792
f 9648 9721 9577
f 9648 9792 9721
f 9721 9866 9722
f 9721 9865 9866
f 9722 9867 9723
f 9722 9866 9867
f 9723 9868 9724
f 9723 9867 9868
f 9724 9869 9725
f 9724 9868 9869
f 9725 9870 9726
f 9725 9869 9870
f 9726 9871 9727
f 9726 9870 9871
f 9727 9872 9728
f 9727 9871 9872
f 9728 9873 9729
f 9728 9872 9873
f 9729 9874 9730
f 9729 9873 9874
f 9730 9875 9731
f 9730 9874 9875
f 9731 9876 9732
f 9731 9875 9876
f 9732 9877 9733
f 9732 9876 9877
f 9733 9878 9734
f 9733 9877 9878
f 9734 9879 9735
f 9734 9878 9879
f 9735 9880 9736
f 9735 9879 9880
f 9736 9881 9737
f 9736 9880 9881
f 9737 9882 9738
f 9737 9881 9882
f 9738 9883 9739
f 9738 9882 9883
f 9739 9884 9740
f 9739 9883 9884
f 9740 9885 9741
f 9740 9884 9885
f 9741 9886 9742
f 9741 9885 9886
f 9742 9887 9743
f 9742 9886 9887
f 9743 9888 9744
f 9743 9887 9888
f 9744 9889 9745
f 9744 9888 9889
f 9745 9890 9746
f 9745 9889 9890
f 9746 9891 9747
f 9746 9890 9891
f 9747 9892 9748
f 9747 9891 9892
f 9748 9893 9749
f 9748 9892 9893
f 9749 9894 9750
f 9749 9893 9894
f 9750 9895 9751
f 9750 9894 9895
f 9751 9896 9752
f 9751 9895 9896
f 9752 9897 9753
f 9752 9896 9897
f 9753 9898 9754
f 9753 9897 9898
f 9754 9899 9755
f 9754 9898 9899
f 9755 9900 9756
f 9755 9899 9900
f 9756 9901 9757
f 9756 9900 9901
f 9757 9902 9758
f 9757 9901 9902
f 9758 9903 9759
f 9758 9902 9903
f 9759 9904 9760
f 9759 9903 9904
f 9760 9905 9761
f 9760 9904 9905
f 9761 9906 9762
f 9761 9905 9906
f 9762 9907 9763
f 9762 9906 9907
f 9763 9908 9764
f 9763 9907 9908
f 9764 9909 9765
f 9764 9908 9909
f 9765 9910 9766
f 9765 9909 9910
f 9766 9911 9767
f 9766 9910 9911
f 9767 9912 9768
f 9767 9911 9912
f 9768 9913 9769
f 9768 9912 9913
f 9769 9914 9770
f 9769 9913 9914
f 9770 9915 9771
f 9770 9914 9915
f 9771 9916 9772
f 9771 9915 9916
f 9772 9917 9773
f 9772 9916 9917
f 9773 9918 9774
f 9773 9917 9918
f 9774 9919 9775
f 9774 9918 9919
f 9775 9920 9776
f 9775 9919 9920
f 9776 9921 9777
f 9776 9920 9921
f 9777 9922 9778
f 9777 9921 9922
f 9778 9923 9779
f 9778 9922 9923
f 9779 9924 9780
f 9779 9923 9924
f 9780 9925 9781
f 9780 9924 9925
f 9781 9926 9782
f 9781 9925 9926
f 9782 9927 9783
f 9782 9926 9927
f 9783 9928 9784
f 9783 9927 9928
f 9784 9929 9785
f 9784 9928 9929
f 9785 9930 9786
f 9785 9929 9930
f 9786 9931 9787
f 9786 9930 9931
f 9787 9932 9788
f 9787 9931 9932
f 9788 9933 9789
f 9788 9932 9933
f 9789 9934 9790
f 9789 9933 9934
f 9790 9935 9791
f 9790 9934 9935
f 9791 9936 9792
f 9791 9935 9936
f 9792 9865 9721
f 9792 9936 9865
f 9865 10010 9866
f 9865 10009 10010
f 9866 10011 9867
f 9866 10010 10011
f 9867 10012 9868
f 9867 10011 10012
f 9868 10013 9869
f 9868 10012 10013
f 9869 10014 9870
f 9869 10013 10014
f 9870 10015 9871
f 9870 10014 10015
f 9871 10016 9872
f 9871 10015 10016
f 9872 10017 9873
f 9872 10016 10017
f 9873 10018 9874
f 9873 10017 10018
f 9874 10019 9875
f 9874 10018 10019
f 9875 10020 9876
f 9875 10019 10020
f 9876 10021 9877
f 9876 10020 10021
f 9877 10022 9878
f 9877 10021 10022
f 9878 10023 9879
f 9878 10022 10023
f 9879 10024 9880
f 9879 10023 10024
f 9880 10025 9881
f 9880 10024 10025
f 9881 10026 9882
f 9881 10025 10026
f 9882 10027 9883
f 9882 10026 10027
f 9883 10028 9884
f 9883 10027 10028
f 9884 10029 9885
f 9884 10028 10029
f 9885 10030 9886
f 9885 10029 10030
f 9886 10031 9887
f 9886 10030 10031
f 9887 10032 9888
f 9887 10031 10032
f 9888 10033 9889
f 9888 10032 10033
f 9889 10034 9890
f 9889 10033 10034
f 9890 10035 9891
f 9890 10034 10035
f 9891 10036 9892
f 9891 10035 10036
f 9892 10037 9893
f 9892 10036 10037
f 9893 10038 9894
f 9893 10037 10038
f 9894 10039 9895
f 9894 10038 10039
f 9895 10040 9896
f 9895 10039 10040
f 9896 10041 9897
f 9896 10040 10041
f 9897 10042 9898
f 9897 10041 10042
f 9898 10043 9899
f 9898 10042 10043
f 9899 10044 9900
f 9899 10043 10044
f 9900 10045 9901
f 9900 10044 10045
f 9901 10046 9902
f 9901 10045 10046
f 9902 10047 9903
f 9902 10046 10047
f 9903 10048 9904
f 9903 10047 10048
f 9904 10049 9905
f 9904 10048 10049
f 9905 10050 9906
f 9905 10049 10050
f 9906 10051 9907
f 9906 10050 10051
f 9907 10052 9908
f 9907 10051 10052
f 9908 10053 9909
f 9908 10052 10053
f 9909 10054 9910
f 9909 10053 10054
f 9910 10055 9911
f 9910 10054 10055
f 9911 10056 9912
f 9911 10055 10056
f 9912 10057 9913
f 9912 10056 10057
f 9913 10058 9914
f 9913 10057 10058
f 9914 10059 9915
f 9914 10058 10059
f 9915 10060 9916
f 9915 10059 10060
f 9916 10061 9917
f 9916 10060 10061
f 9917 10062 9918
f 9917 10061 10062
f 9918 10063 9919
f 9918 10062 10063
f 9919 10064 9920
f 9919 10063 10064
f 9920 10065 9921
f 9920 10064 10065
f 9921 10066 9922
f 9921 10065 10066
f 9922 10067 9923
f 9922 10066 10067
f 9923 10068 9924
f 9923 10067 10068
f 9924 10069 9925
f 9924 10068 10069
f 9925 10070 9926
f 9925 10069 10070
f 9926 10071 9927
f 9926 10070 10071
f 9927 10072 9928
f 9927 10071 10072
f 9928 10073 9929
f 9928 10072 10073
f 9929 10074 9930
f 9929 10073 10074
f 9930 10075 9931
f 9930 10074 10075
f 9931 10076 9932
f 9931 10075 10076
f 9932 10077 9933
f 9932 10076 10077
f 9933 10078 9934
f 9933 10077 10078
f 9934 10079 9935
f 9934 10078 10079
f 9935 10080 9936
f 9935 10079 10080
f 9936 10009 9865
f 9936 10080 10009
f 10009 10154 10010
f 10009 10153 10154
f 10010 10155 10011
f 10010 10154 10155
f 10011 10156 10012
f 10011 10155 10156
f 10012 10157 10013
f 10012 10156 10157
f 10013 10158 10014
f 10013 10157 10158
f 10014 10159 10015
f 10014 10158 10159
f 10015 10160 10016
f 10015 10159 10160
f 10016 10161 10017
f 10016 10160 10161
f 10017 10162 10018
f 10017 10161 10162
f 10018 10163 10019
f 10018 10162 10163
f 10019 10164 10020
f 10019 10163 10164
f 10020 10165 10021
f 10020 10164 10165
f 10021 10166 10022
f 10021 10165 10166
f 10022 10167 10023
f 10022 10166 10167
f 10023 10168 10024
f 10023 10167 10168
f 10024 10169 10025
f 10024 10168 10169
f 10025 10170 10026
f 10025 10169 10170
f 10026 10171 10027
f 10026 10170 10171
f 10027 10172 10028
f 10027 10171 10172
f 10028 10173 10029
f 10028 10172 10173
f 10029 10174 10030
f 10029 10173 10174
f 10030 10175 10031
f 10030 10174 10175
f 10031 10176 10032
f 10031 10175 10176
f 10032 10177 10033
f 10032 10176 10177
f 10033 10178 10034
f 10033 10177 10178
f 10034 10179 10035
f 10034 10178 10179
f 10035 10180 10036
f 10035 10179 10180
f 10036 10181 10037
f 10036 10180 10181
f 10037 10182 10038
f 10037 10181 10182
f 10038 10183 10039
f 10038 10182 10183
f 10039 10184 10040
f 10039 10183 10184
f 10040 10185 10041
f 10040 10184 10185
f 10041 10186 10042
f 10041 10185 10186
f 10042 10187 10043
f 10042 10186 10187
f 10043 10188 10044
f 10043 10187 10188
f 10044 10189 10045
f 10044 10188 10189
f 10045 10190 10046
f 10045 10189 10190
f 10046 10191 10047
f 10046 10190 10191
f 10047 10192 10048
f 10047 10191 10192
f 10048 10193 10049
f 10048 10192 10193
f 10049 10194 10050
f 10049 10193 10194
f 10050 10195 10051
f 10050 10194 10195
f 10051 10196 10052
f 10051 10195 10196
f 10052 10197 10053
f 10052 10196 10197
f 10053 10198 10054
f 10053 10197 10198
f 10054 10199 10055
f 10054 10198 10199
f 10055 10200 10056
f 10055 10199 10200
f 10056 10201 10057
f 10056 10200 10201
f 10057 10202 10058
f 10057 10201 10202
f 10058 10203 10059
f 10058 10202 10203
f 10059 10204 10060
f 10059 10203 10204
f 10060 10205 10061
f 10060 10204 10205
f 10061 10206 10062
f 10061 10205 10206
f 10062 10207 10063
f 10062 10206 10207
f 10063 10208 10064
f 10063 10207 10208
f 10064 10209 10065
f 10064 10208 10209
f 10065 10210 10066
f 10065 10209 10210
f 10066 10211 10067
f 10066 10210 10211
f 10067 10212 10068
f 10067 10211 10212
f 10068 10213 10069
f 10068 10212 10213
f 10069 10214 10070
f 10069 10213 10214
f 10070 10215 10071
f 10070 10214 10215
f 10071 10216 10072
f 10071 10215 10216
f 10072 10217 10073
f 10072 10216 10217
f 10073 10218 10074
f 10073 10217 10218
f 10074 10219 10075
f 10074 10218 10219
f 10075 10220 10076
f 10075 10219 10220
f 10076 10221 10077
f 10076 10220 10221
f 10077 10222 10078
f 10077 10221 10222
f 10078 10223 10079
f 10078 10222 10223
f 10079 10224 10080
f 10079 10223 10224
f 10080 10153 10009
f 10080 10224 10153
f 10153 10298 10154
f 10153 10297 10298
f 10154 10299 10155
f 10154 10298 10299
f 10155 10300 10156
f 10155 10299 10300
f 10156 10301 10157
f 10156 10300 10301
f 10157 10302 10158
f 10157 10301 10302
f 10158 10303 10159
f 10158 10302 10303
f 10159 10304 10160
f 10159 10303 10304
f 10160 10305 10161
f 10160 10304 10305
f 10161 10306 10162
f 10161 10305 10306
f 10162 10307 10163
f 10162 10306 10307
f 10163 10308 10164
f 10163 10307 10308
f 10164 10309 10165
f 10164 10308 10309
f 10165 10310 10166
f 10165 10309 10310
f 10166 10311 10167
f 10166 10310 10311
f 10167 10312 10168
f 10167 10311 10312
f 10168 10313 10169
f 10168 10312 10313
f 10169 10314 10170
f 10169 10313 10314
f 10170 10315 10171
f 10170 10314 10315
f 10171 10316 10172
f 10171 10315 10316
f 10172 10317 10173
f 10172 10316 10317
f 10173 10318 10174
f 10173 10317 10318
f 10174 10319 10175
f 10174 10318 10319
f 10175 10320 10176
f 10175 10319 10320
f 10176 10321 10177
f 10176 10320 10321
f 10177 10322 10178
f 10177 10321 10322
f 10178 10323 10179
f 10178 10322 10323
f 10179 10324 10180
f 10179 10323 10324
f 10180 10325 10181
f 10180 10324 10325
f 10181 10326 10182
f 10181 10325 10326
f 10182 10327 10183
f 10182 10326 10327
f 10183 10328 10184
f 10183 10327 10328
f 10184 10329 10185
f 10184 10328 10329
f 10185 10330 10186
f 10185 10329 10330
f 10186 10331 10187
f 10186 10330 10331
f 10187 10332 10188
f 10187 10331 10332
f 10188 10333 10189
f 10188 10332 10333
f 10189 10334 10190
f 10189 10333 10334
f 10190 10335 10191
f 10190 10334 10335
f 10191 10336 10192
f 10191 10335 10336
f 10192 10337 10193
f 10192 10336 10337
f 10193 10338 10194
f 10193 10337 10338
f 10194 10339 10195
f 10194 10338 10339
f 10195 10340 10196
f 10195 10339 10340
f 10196 10341 10197
f 10196 10340 10341
f 10197 10342 10198
f 10197 10341 10342
f 10198 10343 10199
f 10198 10342 10343
f 10199 10344 10200
f 10199 10343 10344
f 10200 10345 10201
f 10200 10344 10345
f 10201 10346 10202
f 10201 10345 10346
f 10202 10347 10203
f 10202 10346 10347
f 10203 10348 10204
f 10203 10347 10348
f 10204 10349 10205
f 10204 10348 10349
f 10205 10350 10206
f 10205 10349 10350
f 10206 10351 10207
f 10206 10350 10351
f 10207 10352 10208
f 10207 10351 10352
f 10208 10353 10209
f 10208 10352 10353
f 10209 10354 10210
f 10209 10353 10354
f 10210 10355 10211
f 10210 10354 10355
f 10211 10356 10212
f 10211 10355 10356
f 10212 10357 10213
f 10212 10356 10357
f 10213 10358 10214
f 10213 10357 10358
f 10214 10359 10215
f 10214 10358 10359
f 10215 10360 10216
f 10215 10359 10360
f 10216 10361 10217
f 10216 10360 10361
f 10217 10362 10218
f 10217 10361 10362
f 10218 10363 10219
f 10218 10362 10363
f 10219 10364 10220
f 10219 10363 10364
f 10220 10365 10221
f 10220 10364 10365
f 10221 10366 10222
f 10221 10365 10366
f 10222 10367 10223
f 10222 10366 10367
f 10223 10368 10224
f 10223 10367 10368
f 10224 10297 10153
f 10224 10368 10297
f 10297 10442 10298
f 10297 10441 10442
f 10298 10443 10299
f 10298 10442 10443
f 10299 10444 10300
f 10299 10443 10444
f 10300 10445 10301
f 10300 10444 10445
f 10301 10446 10302
f 10301 10445 10446
f 10302 10447 10303
f 10302 10446 10447
f 10303 10448 10304
f 10303 10447 10448
f 10304 10449 10305
f 10304 10448 10449
f 10305 10450 10306
f 10305 10449 10450
f 10306 10451 10307
f 10306 10450 10451
f 10307 10452 10308
f 10307 10451 10452
f 10308 10453 10309
f 10308 10452 10453
f 10309 10454 10310
f 10309 10453 10454
f 10310 10455 10311
f 10310 10454 10455
f 10311 10456 10312
f 10311 10455 10456
f 10312 10457 10313
f 10312 10456 10457
f 10313 10458 10314
f 10313 10457 10458
f 10314 10459 10315
f 10314 10458 10459
f 10315 10460 10316
f 10315 10459 10460
f 10316 10461 10317
f 10316 10460 10461
f 10317 10462 10318
f 10317 10461 10462
f 10318 10463 10319
f 10318 10462 10463
f 10319 10464 10320
f 10319 10463 10464
f 10320 10465 10321
f 10320 10464 10465
f 10321 10466 10322
f 10321 10465 10466
f 10322 10467 10323
f 10322 10466 10467
f 10323 10468 10324
f 10323 10467 10468
f 10324 10469 10325
f 10324 10468 10469
f 10325 10470 10326
f 10325 10469 10470
f 10326 10471 10327
f 10326 10470 10471
f 10327 10472 10328
f 10327 10471 10472
f 10328 10473 10329
f 10328 10472 10473
f 10329 10474 10330
f 10329 10473 10474
f 10330 10475 10331
f 10330 10474 10475
f 10331 10476 10332
f 10331 10475 10476
f 10332 10477 10333
f 10332 10476 10477
f 10333 10478 10334
f 10333 10477 10478
f 10334 10479 10335
f 10334 10478 10479
f 10335 10480 10336
f 10335 10479 10480
f 10336 10481 10337
f 10336 10480 10481
f 10337 10482 10338
f 10337 10481 10482
f 10338 10483 10339
f 10338 10482 10483
f 10339 10484 10340
f 10339 10483 10484
f 10340 10485 10341
f 10340 10484 10485
f 10341 10486 10342
f 10341 10485 10486
f 10342 10487 10343
f 10342 10486 10487
f 10343 10488 10344
f 10343 10487 10488
f 10344 10489 10345
f 10344 10488 10489
f 10345 10490 10346
f 10345 10489 10490
f 10346 10491 10347
f 10346 10490 10491
f 10347 10492 10348
f 10347 10491 10492
f 10348 10493 10349
f 10348 10492 10493
f 10349 10494 10350
f 10349 10493 10494
f 10350 10495 10351
f 10350 10494 10495
f 10351 10496 10352
f 10351 10495 10496
f 10352 10497 10353
f 10352 10496 10497
f 10353 10498 10354
f 10353 10497 10498
f 10354 10499 10355
f 10354 10498 10499
f 10355 10500 10356
f 10355 10499 10500
f 10356 10501 10357
f 10356 10500 10501
f 10357 10502 10358
f 10357 10501 10502
f 10358 10503 10359
f 10358 10502 10503
f 10359 10504 10360
f 10359 10503 10504
f 10360 10505 10361
f 10360 10504 10505
f 10361 10506 10362
f 10361 10505 10506
f 10362 10507 10363
f 10362 10506 10507
f 10363 10508 10364
f 10363 10507 10508
f 10364 10509 10365
f 10364 10508 10509
f 10365 10510 10366
f 10365 10509 10510
f 10366 10511 10367
f 10366 10510 10511
f 10367 10512 10368
f 10367 10511 10512
f 10368 10441 10297
f 10368 10512 10441
f 10441 10586 10442
f 10441 10585 10586
f 10442 10587 10443
f 10442 10586 10587
f 10443 10588 10444
f 10443 10587 10588
f 10444 10589 10445
f 10444 10588 10589
f 10445 10590 10446
f 10445 10589 10590
f 10446 10591 10447
f 10446 10590 10591
f 10447 10592 10448
f 10447 10591 10592
f 10448 10593 10449
f 10448 10592 10593
f 10449 10594 10450
f 10449 10593 10594
f 10450 10595 10451
f 10450 10594 10595
f 10451 10596 10452
f 10451 10595 10596
f 10452 10597 10453
f 10452 10596 10597
f 10453 10598 10454
f 10453 10597 10598
f 10454 10599 10455
f 10454 10598 10599
f 10455 10600 10456
f 10455 10599 10600
f 10456 10601 10457
f 10456 10600 10601
f 10457 10602 10458
f 10457 10601 10602
f 10458 10603 10459
f 10458 10602 10603
f 10459 10604 10460
f 10459 10603 10604
f 10460 10605 10461
f 10460 10604 10605
f 10461 10606 10462
f 10461 10605 10606
f 10462 10607 10463
f 10462 10606 10607
f 10463 10608 10464
f 10463 10607 10608
f 10464 10609 10465
f 10464 10608 10609
f 10465 10610 10466
f 10465 10609 10610
f 10466 10611 10467
f 10466 10610 10611
f 10467 10612 10468
f 10467 10611 10612
f 10468 10613 10469
f 10468 10612 10613
f 10469 10614 10470
f 10469 10613 10614
f 10470 10615 10471
f 10470 10614 10615
f 10471 10616 10472
f 10471 10615 10616
f 10472 10617 10473
f 10472 10616 10617
f 10473 10618 10474
f 10473 10617 10618
f 10474 10619 10475
f 10474 10618 10619
f 10475 10620 10476
f 10475 10619 10620
f 10476 10621 10477
f 10476 10620 10621
f 10477 10622 10478
f 10477 10621 10622
f 10478 10623 10479
f 10478 10622 10623
f 10479 10624 10480
f 10479 10623 10624
f 10480 10625 10481
f 10480 10624 10625
f 10481 10626 10482
f 10481 10625 10626
f 10482 10627 10483
f 10482 10626 10627
f 10483 10628 10484
f 10483 10627 10628
f 10484 10629 10485
f 10484 10628 10629
f 10485 10630 10486
f 10485 10629 10630
f 10486 10631 10487
f 10486 10630 10631
f 10487 10632 10488
f 10487 10631 10632
f 10488 10633 10489
f 10488 10632 10633
f 10489 10634 10490
f 10489 10633 10634
f 10490 10635 10491
f 10490 10634 10635
f 10491 10636 10492
f 10491 10635 10636
f 10492 10637 10493
f 10492 10636 10637
f 10493 10638 10494
f 10493 10637 10638
f 10494 10639 10495
f 10494 10638 10639
f 10495 10640 10496
f 10495 10639 10640
f 10496 10641 10497
f 10496 10640 10641
f 10497 10642 10498
f 10497 10641 10642
f 10498 10643 10499
f 10498 10642 10643
f 10499 10644 10500
f 10499 10643 10644
f 10500 10645 10501
f 10500 10644 10645
f 10501 10646 10502
f 10501 10645 10646
f 10502 10647 10503
f 10502 10646 10647
f 10503 10648 10504
f 10503 10647 10648
f 10504 10649 10505
f 10504 10648 10649
f 10505 10650 10506
f 10505 10649 10650
f 10506 10651 10507
f 10506 10650 10651
f 10507 10652 10508
f 10507 10651 10652
f 10508 10653 10509
f 10508 10652 10653
f 10509 10654 10510
f 10509 10653 10654
f 10510 10655 10511
f 10510 10654 10655
f 10511 10656 10512
f 10511 10655 10656
f 10512 10585 10441
f 10512 10656 10585
f 1 73 74
f 1 74 2
f 2 74 75
f 2 75 3
f 3 75 76
f 3 76 4
f 4 76 77
f 4 77 5
f 5 77 78
f 5 78 6
f 6 78 79
f 6 79 7
f 7 79 80
f 7 80 8
f 8 80 81
f 8 81 9
f 9 81 82
f 9 82 10
f 10 82 83
f 10 83 11
f 11 83 84
f 11 84 12
f 12 84 85
f 12 85 13
f 13 85 86
f 13 86 14
f 14 86 87
f 14 87 15
f 15 87 88
f 15 88 16
f 16 88 89
f 16 89 17
f 17 89 90
f 17 90 18
f 18 90 91
f 18 91 19
f 19 91 92
f 19 92 20
f 20 92 93
f 20 93 21
f 21 93 94
f 21 94 22
f 22 94 95
f 22 95 23
f 23 95 96
f 23 96 24
f 24 96 97
f 24 97 25
f 25 97 98
f 25 98 26
f 26 98 99
f 26 99 27
f 27 99 100
f 27 100 28
f 28 100 101
f 28 101 29
f 29 101 102
f 29 102 30
f 30 102 103
f 30 103 31
f 31 103 104
f 31 104 32
f 32 104 105
f 32 105 33
f 33 105 106
f 33 106 34
f 34 106 107
f 34 107 35
f 35 107 108
f 35 108 36
f 36 108 109
f 36 109 37
f 37 109 110
f 37 110 38
f 38 110 111
f 38 111 39
f 39 111 112
f 39 112 40
f 40 112 113
f 40 113 41
f 41 113 114
f 41 114 42
f 42 114 115
f 42 115 43
f 43 115 116
f 43 116 44
f 44 116 117
f 44 117 45
f 45 117 118
f 45 118 46
f 46 118 119
f 46 119 47
f 47 119 120
f 47 120 48
f 48 120 121
f 48 121 49
f 49 121 122
f 49 122 50
f 50 122 123
f 50 123 51
f 51 123 124
f 51 124 52
f 52 124 125
f 52 125 53
f 53 125 126
f 53 126 54
f 54 126 127
f 54 127 55
f 55 127 128
f 55 128 56
f 56 128 129
f 56 129 57
f 57 129 130
f 57 130 58
f 58 130 131
f 58 131 59
f 59 131 132
f 59 132 60
f 60 132 133
f 60 133 61
f 61 133 134
f 61 134 62
f 62 134 135
f 62 135 63
f 63 135 136
f 63 136 64
f 64 136 137
f 64 137 65
f 65 137 138
f 65 138 66
f 66 138 139
f 66 139 67
f 67 139 140
f 67 140 68
f 68 140 141
f 68 141 69
f 69 141 142
f 69 142 70
f 70 142 143
f 70 143 71
f 71 143 144
f 71 144 72
f 72 144 73
f 72 73 1
f 10513 10586 10585
f 10513 10514 10586
f 10514 10587 10586
f 10514 10515 10587
f 10515 10588 10587
f 10515 10516 10588
f 10516 10589 10588
f 10516 10517 10589
f 10517 10590 10589
f 10517 10518 10590
f 10518 10591 10590
f 10518 10519 10591
f 10519 10592 10591
f 10519 10520 10592
f 10520 10593 10592
f 10520 10521 10593
f 10521 10594 10593
f 10521 10522 10594
f 10522 10595 10594
f 10522 10523 10595
f 10523 10596 10595
f 10523 10524 10596
f 10524 10597 10596
f 10524 10525 10597
f 10525 10598 10597
f 10525 10526 10598
f 10526 10599 10598
f 10526 10527 10599
f 10527 10600 10599
f 10527 10528 10600
f 10528 10601 10600
f 10528 10529 10601
f 10529 10602 10601
f 10529 10530 10602
f 10530 10603 10602
f 10530 10531 10603
f 10531 10604 10603
f 10531 10532 10604
f 10532 10605 10604
f 10532 10533 10605
f 10533 10606 10605
f 10533 10534 10606
f 10534 10607 10606
f 10534 10535 10607
f 10535 10608 10607
f 10535 10536 10608
f 10536 10609 10608
f 10536 10537 10609
f 10537 10610 10609
f 10537 10538 10610
f 10538 10611 10610
f 10538 10539 10611
f 10539 10612 10611
f 10539 10540 10612
f 10540 10613 10612
f 10540 10541 10613
f 10541 10614 10613
f 10541 10542 10614
f 10542 10615 10614
f 10542 10543 10615
f 10543 10616 10615
f 10543 10544 10616
f 10544 10617 10616
f 10544 10545 10617
f 10545 10618 10617
f 10545 10546 10618
f 10546 10619 10618
f 10546 10547 10619
f 10547 10620 10619
f 10547 10548 10620
f 10548 10621 10620
f 10548 10549 10621
f 10549 10622 10621
f 10549 10550 10622
f 10550 10623 10622
f 10550 10551 10623
f 10551 10624 10623
f 10551 10552 10624
f 10552 10625 10624
f 10552 10553 10625
f 10553 10626 10625
f 10553 10554 10626
f 10554 10627 10626
f 10554 10555 10627
f 10555 10628 10627
f 10555 10556 10628
f 10556 10629 10628
f 10556 10557 10629
f 10557 10630 10629
f 10557 10558 10630
f 10558 10631 10630
f 10558 10559 10631
f 10559 10632 10631
f 10559 10560 10632
f 10560 10633 10632
f 10560 10561 10633
f 10561 10634 10633
f 10561 10562 10634
f 10562 10635 10634
f 10562 10563 10635
f 10563 10636 10635
f 10563 10564 10636
f 10564 10637 10636
f 10564 10565 10637
f 10565 10638 10637
f 10565 10566 10638
f 10566 10639 10638
f 10566 10567 10639
f 10567 10640 10639
f 10567 10568 10640
f 10568 10641 10640
f 10568 10569 10641
f 10569 10642 10641
f 10569 10570 10642
f 10570 10643 10642
f 10570 10571 10643
f 10571 10644 10643
f 10571 10572 10644
f 10572 10645 10644
f 10572 10573 10645
f 10573 10646 10645
f 10573 10574 10646
f 10574 10647 10646
f 10574 10575 10647
f 10575 10648 10647
f 10575 10576 10648
f 10576 10649 10648
f 10576 10577 10649
f 10577 10650 10649
f 10577 10578 10650
f 10578 10651 10650
f 10578 10579 10651
f 10579 10652 10651
f 10579 10580 10652
f 10580 10653 10652
f 10580 10581 10653
f 10581 10654 10653
f 10581 10582 10654
f 10582 10655 10654
f 10582 10583 10655
f 10583 10656 10655
f 10583 10584 10656
f 10584 10585 10656
f 10584 10513 10585

